Estado,Municipio,Rate_2022,lon_mun,lat_mun,ELEV,PREC,TEMP,POPDEN,HHSIZE,PIPWAT,OCCBED,SANIT,WSEP,MSW,EAP,NOEDU,AVGSCH,HEALTH,WATANK,CISTERN,AWCROP,ANNAREA,RAINAREA,IRRAREA,OFANN,PRANN,OFPER,PRPER,STRCROP,POV,EXTPOV,MODPOV,DRL,SEVI,SEAVI
Colima,Minatitlán,117.3,-104.00082052599969,19.373173668728704,1235.3333333333333,7.134794520547945,24.24630136986301,24.6590512946628,3.51741979993101,82.3732321490169,1.80897666068223,96.866211,79.415397,5700.0,61.3972463029067,4.2241968557758,8.85288079923361,90.0498484996579,44.8085546740255,22.0765781303898,53.0,103.3,4.5,98.8,1849.8896,0.0,981.3153,0.0,19.8243,28.0,3.1,24.9,4,-1.187627998581298,0.0844334848860131
Querétaro,Peñamiller,0.0,-99.85613968464232,21.09125901416131,1486.6666666666667,1.799205479452055,22.121552511415526,27.5428965624443,3.93379934210526,46.4432565789474,2.00492714120977,86.638655,59.357006,15000.0,51.0684931506849,8.80770954728821,7.39250168375365,88.6578548665169,80.0164473684211,14.2680921052632,308.0,198.5421,64.914,133.6281,1133.234,3.55,128.9577,0.0,30.5053,56.5,8.7,47.8,0,0.2164438801443673,-0.7596182250343182
Colima,Armería,325.8,-103.98078746714674,19.009382883783864,21.0,4.518027397260274,27.10657534246576,67.5783243895754,3.35311355311355,69.3528693528693,1.88391569986957,97.474125,19.018659,30000.0,66.829446396787,8.404224112643,7.76852304981893,90.0745674364729,51.6117216117216,22.9059829059829,73.0,342.26,4.0,338.26,708.6466,0.0,12863.5107,1.67,106.0372,38.4,4.1,34.3,4,-0.8889278016828881,-0.0846153889702858
Colima,Ixtlahuacán,409.0,-103.68581169153808,18.95812576657527,194.0,2.6191780821917807,26.938356164383563,14.9246574938699,3.2824427480916,91.5443335290664,1.77516671959352,98.012422,36.077309,6500.0,59.2005213990875,7.32996323529412,8.01218110779131,94.3980081806865,68.1738109219025,33.3529066353494,44.0,135.35,38.58,96.77,1512.545,0.0,2963.0489,0.0,25.7519,41.8,6.4,35.4,4,-0.5104824208767134,-0.4997418162917028
Puebla,Coxcatlán,101.7,-97.13984061082134,18.2497214518975,1131.0,0.8499452054794521,23.67945205479452,82.847853084185,4.03324858204577,25.7383141013104,1.98097251585624,97.709288,48.33489,18000.0,57.4848821424164,8.33499900059964,8.35363982117835,84.6075630658984,66.0082143555642,24.8777625660082,144.0,194.029,155.355,38.674,2831.288,0.0,1569.1919,0.0,46.6444,78.1,23.8,54.3,4,0.6070355896445826,0.5767348106381001
Morelos,Puente de Ixtla,92.5,-99.31047784262388,18.57833499359752,903.0,2.611150684931507,25.584931506849315,168.702057930063,3.52951620062139,60.5148690634709,1.79534463276836,95.874263,41.782625,44990.0,60.973625754779,6.59256035088894,9.12947732384437,77.1103003648358,74.7536617842876,45.1841988459831,18.0,32.74,8.01,24.73,4933.025,0.0,1659.6638,0.3499,43.0248,62.3,11.9,50.4,4,-0.4104268953147887,-0.4004847860450475
Morelos,Zacatepec,110.8,-99.21090023291192,18.64838950546539,918.0,1.892438356164384,25.86986301369863,1173.83923459745,3.41672202714245,74.3570276169688,1.61604777513358,98.521079,38.431334,20000.0,56.9210218734346,4.564594317257,10.3745610612563,78.3121848506677,80.6491411217614,48.5147575211161,8.0,14.63,7.13,7.5,91.8077,0.0,943.1641,0.4,9.833,45.6,4.9,40.7,4,-0.8195873341967116,-0.9997750489688358
Jalisco,San Cristóbal de la Barranca,0.0,-103.512383627815,21.04633238649296,1000.0,2.412356164383562,25.20684931506849,5.59112355283754,3.57881773399015,53.448275862069,1.74325134973005,97.149938,29.850746,3065.0,44.2418852823477,10.4176668266923,6.83965434469515,60.4309165526676,89.1625615763547,11.8226600985222,27.0,138.4,22.0,116.4,1864.4842,0.0,1590.9314,0.0,9.05,42.9,7.4,35.5,0,0.7059264255094262,-1.1376380659557297
Guerrero,Mochitlán,24.2,-99.38966945571946,17.34301832420895,1000.0,4.061095890410959,23.973972602739725,24.1951160410261,3.80270021478981,54.1884013501074,2.11412487205732,94.166411,36.27451,7086.0,57.5760733639016,10.6793935991016,8.08289340671684,82.406063538139,52.9917152500767,37.465480208653,61.0,92.27,5.38,86.89,3001.2743,1.0,133.8752,0.0,21.9222,69.1,25.5,43.5,3,0.9866148279439868,1.1068482882927193
Colima,Manzanillo,206.8,-104.28551643633084,19.12803450113696,237.55,19.97580821917808,25.89418786692759,141.41453207724,3.18700998458755,94.1985525698586,1.67008194917567,99.250318,27.784298,197940.0,66.0527531742365,3.18550515292091,10.1052547293957,83.6565792986479,72.4753735843999,12.9849896133485,120.0,608.615,112.395,496.22,4670.2852,0.0,16035.4342,1.0,219.7826,24.7,1.6,23.1,4,-1.637630055464416,-0.9223952906031242
Colima,Cuauhtémoc,25.6,-103.58184763455178,19.33855118483217,735.6666666666666,7.738657534246576,25.697123287671232,75.8436056672369,3.34647614954878,86.1516974645466,1.71055962141639,99.481499,40.886934,27785.0,60.3134380725898,3.9759535655058,9.21652267818575,84.5492052323536,75.7735281478298,37.6987537602063,11.0,133.95,67.0,66.95,3847.0779,46.764,11578.6715,13.9525,244.5356,29.1,1.9,27.2,3,-1.2250660010596588,-1.0147772866060456
Colima,Colima,20.4,-103.65423157759302,19.09859846693277,476.9285714285714,12.547561643835616,25.97735159817352,210.521366480908,3.08335323145495,96.2909901305317,1.53732353702487,99.497312,36.505899,152130.0,63.0416969789792,2.76096240650248,10.8321447716825,81.832306046559,81.4052053486151,30.4839223177332,54.0,280.599,34.004,246.595,5128.2585,8.04,8851.748,10.637,424.7762,25.0,2.2,22.7,2,-1.5042805204112075,-1.1867706358662753
Oaxaca,Oaxaca de Juárez,351.7,-96.72077451610502,17.096584481044218,1571.5,3.643013698630137,22.50349315068493,3026.57046805825,3.625201786483,73.6561020232458,1.62736980530155,99.281033,52.448877,476000.0,65.4120651075502,2.92532607137738,11.3240132523891,62.8584082227676,93.3087602238485,48.2014098148945,4.0,1.0995,0.0995,1.0,82.822,0.5,38.148,0.0,8.0139,34.0,7.9,26.1,4,-1.3108496897041984,-1.2462141457071143
Morelos,Jojutla,79.7,-99.22179780808654,18.584736072800567,932.6666666666666,4.770739726027397,26.728219178082195,387.098222535989,3.3801535735381,68.2516243354991,1.70817527405239,98.211904,41.110125,40000.0,60.5120723920673,7.1869181938494,9.64796674904516,74.5258486182865,76.7867690490254,38.3638511518015,16.0,25.606,4.6,21.006,2832.4299,9.98,2631.0924,21.64,62.4007,53.4,9.7,43.7,4,-0.4254457062117611,-0.595239003101372
Nayarit,Santiago Ixcuintla,47.9,-105.55160147617256,21.95846896146219,13.5,4.138356164383562,25.907534246575345,54.3922327922964,3.23932483016775,48.4125883820879,1.75167772653995,95.2307,28.867096,90185.0,61.2341308918638,5.63582581984698,8.40035049725016,80.8067588129516,42.2015804796894,16.2519062803272,4947.0,38392.4811,12279.3951,26113.086,52418.8015,2.892,16648.4069,1.333,529.88,23.4,1.2,22.2,3,-1.0992933731573231,0.0537757468810027
Querétaro,Arroyo Seco,6.7,-99.66682766831498,21.432049861182485,893.5,1.4472876712328766,24.906164383561645,17.9505901520035,3.43044964501709,39.1270049960557,1.71838777660695,95.813564,47.102697,13000.0,49.8919874312647,12.2923939490109,7.58666666666667,87.9318216405418,90.4811990533789,20.0105180120957,25.0,106.37,81.37,25.0,2485.9463,0.0,349.8009,0.0,17.3181,49.6,5.8,43.8,1,0.5673435021454772,-1.2738890962801612
Guerrero,Huamuxtitlán,325.9,-98.564691911058,17.8298040784793,883.0,2.60027397260274,23.15068493150685,63.6109351418935,3.78122289679098,24.7614917606245,2.13268925033631,96.230829,48.637516,12690.0,56.9066666666667,13.7985136251032,7.62098040836571,78.6196248856359,68.9722463139636,39.2454466608846,102.0,130.81,5.65,125.16,2801.9844,0.71,508.4455,0.21,111.0866,73.9,28.8,45.1,4,1.5863719695077765,0.7663176550084809
Colima,Coquimatlán,96.0,-103.91015728779738,19.1759236886862,341.0,7.038986301369863,25.44977168949772,39.5398390728823,3.36784961918652,89.126559714795,1.80443092962641,98.46669,25.212727,21000.0,63.3055885850178,6.09291698400609,8.48373983739837,80.5490233718865,62.4534111165127,24.2748339005023,194.0,1237.9355,60.507,1177.4285,4363.5373,8.345,4763.1514,21.091,183.1155,44.0,6.1,38.0,4,-0.8948600527545554,-0.329674875101965
Colima,Comala,18.5,-103.78199178608853,19.40128112354672,734.5,13.15613698630137,26.342465753424666,68.9089968572452,3.43175664914795,82.8475871954133,1.75249223729368,96.82782,49.199164,19680.0,65.0656257071736,3.0005422666747,9.09416877942774,80.1486542634227,61.6977225672878,29.0173594521421,14.0,32.065,20.38,11.685,2320.8534,42.115,3317.2001,0.6,27.6391,46.4,7.9,38.5,2,-1.2834098991236562,-0.1984146365012442
Coahuila de Zaragoza,Zaragoza,0.0,-101.52452840264075,28.869537220483213,360.0,0.4380821917808219,22.65205479452055,1.65454398610947,3.28890562248996,91.2399598393574,1.60941147561125,99.000769,16.451234,7280.0,56.0039273441335,3.25925925925926,8.59050350541746,80.2893033878949,26.2048192771084,3.84036144578313,77.0,814.872,69.002,745.87,1603.0179,0.0,1754.9964,0.0,249.4447,32.8,2.3,30.5,0,-1.0717664507050455,0.6517344440495683
Oaxaca,Santa María del Tule,89.5,-96.63075276319842,17.030412577321574,1578.0,0.184931506849315,19.845890410958905,532.020517227514,3.47100038925652,87.3880887504866,1.54493307839388,99.572981,89.309932,4500.0,61.7850835484309,1.73925542618945,11.304134850886,70.052578588209,88.2055274425847,48.8127676138575,15.0,15.05,13.63,1.42,154.2662,0.0,47.8191,0.0,0.221,34.1,3.2,30.9,4,-1.5164854529236491,-1.3483602055247246
Nayarit,Ruíz,107.9,-104.87677910391888,22.016355708671945,215.25,8.032465753424658,27.13383561643836,46.2854853429053,3.48035377700449,38.1905176163549,1.96686623472484,90.275893,29.835312,31500.0,60.6601878495032,6.84843154500147,8.49753231492362,80.7561420982736,51.3991590546614,18.8777729447586,215.0,1016.08,254.93,761.15,3009.0598,0.0,12359.2899,0.0,21.9332,40.4,4.1,36.3,4,-0.7660861927155947,-0.0763550214980818
Nayarit,Acaponeta,21.5,-105.2485630179514,22.460491287699863,302.0,10.321890410958904,25.35990867579909,26.0865206807598,3.41859389454209,61.7483811285846,1.81031271443976,92.493479,23.656766,56000.0,59.405062427509,5.20298988714642,9.36501286291804,83.436291362269,52.5994449583719,31.3876040703053,1520.0,10331.3791,8217.7811,2113.598,16307.627,1.5,5361.3241,0.0,161.1458,38.1,3.4,34.7,2,-0.945272089600944,-0.1585886495320433
Guerrero,Alpoyeca,524.8,-98.50854447125212,17.633901179787777,1036.0,2.254520547945205,25.6586301369863,83.2277817027417,4.01355578727842,13.0344108446298,2.08166576527853,94.320988,58.861789,2800.0,57.1282575370465,13.787250094304,7.30560271646859,83.9370280302061,72.1584984358707,46.5589155370177,96.0,112.6598,3.14,109.5198,787.0245,1.27,233.3227,0.52,2.021,70.5,18.7,51.8,4,1.050069200012986,0.0788999711722691
Nayarit,Xalisco,30.7,-104.94202873798784,21.39886327644749,1194.0,1.017972602739726,23.896575342465752,121.616751150339,3.45556986477785,89.0373470701867,1.60677720621286,99.299022,32.975889,81000.0,63.7193872572934,2.97291622926727,10.8163059254118,77.355164114121,86.1021678471775,54.045932603563,19.0,74.7,65.2,9.5,948.1182,0.94,17371.1254,278.895,121.7556,19.8,0.9,18.9,3,-1.5799572848105554,-1.4132162330400513
Nayarit,Santa María del Oro,12.0,-104.59872791031724,21.34715447939117,965.0,2.891917808219178,23.20904109589041,22.8248375738219,3.41079713201181,64.9514972585407,1.68338884263114,94.59168,34.844779,16500.0,59.2081827896799,7.68514460999124,8.21136027194473,75.1234394444221,57.7534092506678,12.6810066076199,5.0,27.45,20.45,7.0,4842.8155,11.0,20208.3445,0.65,363.4996,29.8,1.8,28.1,2,-0.704387102281077,-0.4248007938009632
Nayarit,Rosamorada,38.7,-105.25629641075948,22.15026534928776,30.0,3.238246575342466,25.872191780821925,18.2365533681683,3.2856160345844,35.7142857142857,1.81750475672737,93.788757,30.548038,45000.0,59.486966062578,6.91114819487973,8.31329526916803,82.822414871749,42.2283356258597,11.4757319709177,2440.0,19279.0264,4126.176,15152.8504,28441.0298,1.0,10979.3368,0.0,446.896,39.6,5.1,34.5,3,-0.6455972258814685,0.2793385455492937
Guerrero,Tixtla de Guerrero,44.0,-99.36843052048792,17.609182531758943,1500.0,3.340547945205479,24.154794520547945,111.084323861139,3.87524895889915,54.7800108636611,2.0455937230887,93.238905,42.212661,17000.0,65.7872062275307,11.0282536723345,9.20593548387097,73.82038868685,71.6186854970125,26.9780916168749,92.0,102.7016,29.0462,73.6554,4928.473,27.955,323.7741,3.8411,38.4208,57.9,22.5,35.3,3,0.4500996812012731,0.3157504957393193
Guanajuato,Silao de la Victoria,1.0,-101.44954496566204,20.976312309158573,1837.0,6.94413698630137,20.52849315068493,377.988090783617,4.35782397663331,68.4442249044285,1.94016529874304,95.504739,41.281371,130000.0,59.7149984929038,5.79471578596433,8.67702184437195,85.4271060543536,72.4131265839096,49.4673768308921,147.0,1002.5813,127.34,875.2413,20633.8817,633.16,1438.6005,78.9682,501.6264,43.3,4.7,38.5,1,-0.8191879790223344,-0.7453479853313899
Puebla,Huehuetlán el Grande,0.0,-98.17241649537078,18.75772989199966,1425.0,1.4303835616438356,25.479726027397263,33.8498234503879,3.5660046728972,6.77570093457944,2.092186429061,85.758514,42.521008,3420.0,47.8466838931955,11.3588850174216,6.42654249126892,79.000819000819,69.2172897196262,27.803738317757,23.0,26.1,8.68,17.42,2212.5032,0.0,632.1053,0.0,0.77,79.8,20.5,59.3,0,1.3170836175987726,0.2803985712967801
Puebla,Izúcar de Matamoros,183.6,-98.42307034550076,18.506578965644465,1297.0,1.5566849315068494,25.58082191780822,154.193720902685,3.82015087703059,52.3163789512658,1.91930118407891,97.456272,38.978921,75000.0,61.1850948763638,7.10345868191191,8.89413760096727,73.9883346013115,72.1386587679919,42.8472254362012,61.0,149.985,4.39,145.595,4052.1257,7.12,5958.2646,0.006,274.8212,66.2,12.7,53.5,4,-0.3153681337109646,-0.2709193928133884
Sinaloa,Rosario,19.1,-105.6788048120572,23.089569911962823,63.333333333333336,3.270739726027397,27.05164383561644,19.8676596652369,3.53341902313625,50.5276687863618,1.95430902219062,93.480055,19.694332,70000.0,63.1571290009699,5.14343781755648,9.00934091739289,82.852230394498,42.8561764307942,10.6751454471655,1011.0,6295.944,2154.372,4141.572,20053.1683,5.633,20327.5912,0.2903,369.2367,35.4,4.4,31.0,2,-1.095233773593332,0.2192118383552308
Nayarit,Tepic,23.0,-104.84117127926282,21.624040874780206,931.5,5.682602739726027,23.65013698630137,265.762815143607,3.3410487700297,90.1912051962077,1.55895293707383,98.961905,30.960054,750000.0,64.2599960446259,2.48125946335046,11.1730978446695,78.5950075600342,83.0035414251457,48.1594117740475,85.0,149.8715,52.14,97.7315,4599.5225,1.07,30884.9347,5.554,482.3819,21.6,0.8,20.8,2,-1.675247433814394,-1.3214552057973334
Colima,Villa de Álvarez,30.0,-103.91591096178983,19.32473335332501,765.0,2.8128767123287672,23.35753424657534,519.996608554911,3.05071783995432,98.6397748592871,1.56264406353464,99.646543,33.674929,130000.0,67.0590445693373,1.57270852468676,11.5628848609073,81.5614107717579,91.3023085080349,31.9989395546129,22.0,56.45,8.4,48.05,1783.6138,0.25,2097.257,6.6,148.663,19.4,1.0,18.5,3,-1.924592103924154,-1.5802422100889668
Baja California Sur,Loreto,0.0,-111.50527845934428,25.89516060373125,91.725,7.671972602739726,23.981352739726027,4.08820069344443,3.19532374100719,80.6654676258993,1.73263651460389,97.084399,20.212363,30000.0,62.7916637817628,2.96340198547933,9.98529411764706,86.6053622867272,62.7158273381295,15.1258992805755,18.0,303.25,0.0,303.25,312.4,0.0,186.88,0.0,10.22,34.1,2.9,31.1,0,-1.429482316455675,-0.5207056056518246
Oaxaca,San Bartolo Coyotepec,173.2,-96.69318778725425,16.948860812196354,1490.0,0.2816438356164383,18.205616438356166,331.284857281935,3.55058160028199,65.0334860768417,1.66213978138456,98.938776,80.491942,6116.0,62.2902733779186,3.07101727447217,10.6934699103713,72.601289577519,89.2844554106451,33.3803313359182,11.0,11.78,6.31,5.47,308.2841,0.0,65.8098,0.4,1.9162,37.3,7.8,29.5,4,-1.13599647911582,-1.1184737596964185
Guerrero,Tlapa de Comonfort,859.3,-98.58553002432588,17.527126693924124,1436.0,5.390712328767124,23.26780821917808,157.832976221881,4.41993676771434,41.4543425702064,2.39864165425304,87.967843,45.216035,52686.0,63.4897128808247,14.3808783644467,8.22387110114361,71.5256176853056,73.6098196020086,26.3436860702994,84.0,111.9533,16.7144,95.2389,8861.4452,4.234,44.8765,0.1,112.705,71.8,31.4,40.4,4,1.4538576179865592,0.7627017228317811
Guerrero,Ixcateopan de Cuauhtémoc,0.0,-99.76597529898558,18.46336240329018,1830.0,2.938328767123288,20.78876712328768,28.9390688233128,3.64387633769322,50.8917954815696,1.96694480102696,84.782609,51.472651,7500.0,57.0335126189491,8.08258291236547,7.48921180096874,82.9586184424894,78.7158145065398,32.5802615933413,81.3125,3.0,2.0,1.0,1596.3352,0.0628,234.0807,0.0,13.6033,73.6,23.0,50.6,0,0.5570553890221027,0.1096775032097254
Guerrero,Xalpatláhuac,234.0,-98.4824473918215,17.42855606814243,1353.5,1.3452054794520547,26.59232876712329,52.7995024637314,4.71400238000793,7.10035700119,2.59027474923681,72.579975,39.976415,2400.0,34.1742027605902,29.0064102564103,5.09182036888533,87.0382751128196,68.2665608885363,9.20269734232448,52.0,98.9,2.0,96.9,3448.2924,0.5,21.154,1.3,36.3683,93.2,50.0,43.2,4,5.783403118338842,2.015246298605694
Jalisco,Atoyac,0.0,-103.4472730416546,20.006954728549864,1350.0,1.2203287671232876,22.009041095890414,19.2433961777582,3.42032423882958,94.0688018979834,1.68648859426789,97.520308,45.955716,8000.0,57.4701051721654,6.08253772713274,7.43251581058152,76.8557946829324,81.2969553183076,8.1059707394227,67.0,317.08,14.0,303.08,3801.5708,5.0,2425.6456,99.65,21.035,44.3,4.9,39.3,0,-0.6562311969111236,-1.0214152349826788
México,Tejupilco,2180.8,-100.12765451136616,18.890749466163207,1207.0,12.89682191780822,20.95335616438356,118.613072465548,3.98450981381503,63.4492153993642,1.96440298507463,86.815287,38.65996,60000.0,57.6237186134675,10.6622688359337,8.56464717667137,76.6958452107666,84.777233967405,30.7835915031031,28.0,35.3017,29.2417,6.06,10099.2506,4.2116,907.8641,0.012,769.5154,59.8,13.1,46.7,4,0.3393857148901075,-0.6739890688555181
San Luis Potosí,Tampacán,41.8,-98.75014201805745,21.40822691836112,107.0,2.695890410958904,24.713698630136985,76.5979414123442,3.70744403956273,14.4456012493493,1.7812382739212,98.351648,35.335689,5000.0,52.8567701539264,7.86116322701689,8.4277516462841,91.8873710621689,33.8365434669443,16.7881311816762,148.0,120.87,120.87,0.0,760.6114,0.0,6262.1781,3.2538,1255.151,77.1,27.9,49.1,3,0.9992575530037584,1.8627842096495384
Nayarit,Tecuala,0.0,-105.49057446086483,22.34774402604829,10.0,3.016438356164384,27.29068493150685,35.5432481846525,3.17619743744088,38.5415770917534,1.68674643770552,97.322956,19.577944,42000.0,60.1303475935829,5.26015069813949,8.7908859671121,81.7880705533863,49.5657408203629,23.1060280333649,2911.0,27533.0352,26092.524,1440.5112,40243.7649,0.03,2607.977,0.0,583.8506,31.9,1.7,30.2,0,-1.0636993416582723,-0.1622869050560158
Morelos,Jonacatepec de Leandro Valle,335.4,-98.78859923664982,18.65650193015493,1386.26,4.873643835616438,22.35876712328768,184.813932799794,3.70080321285141,43.4181169120928,1.90523289246694,97.352531,71.150097,16000.0,59.985046728972,5.56881463802705,8.97945041816009,81.5382772253504,72.958500669344,21.3743864346274,137.0,178.14,13.59,164.55,5320.4992,12.33,258.3533,2.628,45.3106,70.5,17.3,53.2,4,-0.2087477734765351,-0.0291089420576546
Morelos,Tlaltizapán de Zapata,70.6,-99.141909648112,18.704519959492185,1010.0,5.984821917808219,25.620730593607306,219.738120868911,3.43622297163261,49.7255835482378,1.76271589019714,96.712159,50.514129,30000.0,61.610464702955,6.8928011332018,8.95855329949239,76.0281684764977,71.0441050056206,41.6650135555115,8.0,9.35,0.0,9.35,1555.6964,1.7,5815.6905,15.6,92.201,59.1,8.9,50.1,3,-0.560932214853398,-0.4514731169232046
Jalisco,Cuautitlán de García Barragán,9.1,-104.26444009642174,19.460640529401456,595.0,10.675232876712329,24.642191780821925,13.2050571034601,3.71121911705144,49.6354799513973,2.04668304668305,75.408076,52.359424,14500.0,60.0956732828788,11.1980175017424,7.34061676739501,83.9520958083832,62.5961927906035,9.55852571891454,143.0,667.7002,283.9602,383.74,5774.1628,0.0,8199.1203,0.0,105.9123,57.5,18.9,38.6,2,0.5796618493639835,0.4059972216832351
Nayarit,Bahía de Banderas,18.7,-105.31401964718144,20.836990029037047,21.5,4.990493150684931,27.20979452054795,243.25032625469,3.39150095341869,94.2268228457278,1.81462341732115,98.82102,33.395119,324000.0,71.600150392692,3.29894586787711,9.85091185524721,69.9891276541315,67.7762644147825,10.9615908471806,553.0,4554.8563,284.195,4270.6613,7854.4026,2.0,4419.9035,41.58,135.592,29.9,1.6,28.2,2,-1.9105091708589577,-0.7653795901231689
Nayarit,Huajicori,24.5,-105.2032633618941,22.810820437064148,410.2,13.38,23.352922374429227,5.46610948052167,4.30932661145121,17.572920417717,2.31918604651163,72.465852,25.750395,6000.0,40.6231765666939,9.57446808510638,7.88994082840237,90.1062959934587,31.2927619733525,6.55383507382067,302.0,725.235,653.015,72.22,3277.2266,0.0,3372.8176,0.0,19.02,76.8,31.9,44.9,3,2.0563987492440545,2.195978099239066
Zacatecas,Mezquital del Oro,0.0,-103.35977300580772,21.193982293593365,1208.0,1.917068493150685,22.88616438356165,5.03810814082849,3.33469387755102,69.7959183673469,1.61356155365372,90.829694,25.586854,4000.0,33.6448598130841,7.17463848720801,7.14579855314413,88.4128926968584,89.5238095238095,30.4761904761905,58.391304347826086,0.295,0.025,0.27,1229.8688,0.0,638.3077,0.0,79.3324,57.6,4.5,53.0,0,0.6945530338741153,-1.3181249286526782
Guerrero,Teloloapan,4.7,-99.92004345335764,18.386814446253247,1470.5,2.8811232876712327,20.11931506849315,53.3152592541872,3.87262110726644,42.4884659746251,1.98514247699301,82.553041,38.294899,72514.0,65.0075377505375,9.83116848478383,7.91771999679324,71.5145771782151,72.7941176470588,34.7102076124567,13.0,11.3415,8.5335,2.808,14091.1664,4.5,308.6575,3.0,225.0726,63.9,17.3,46.6,1,0.0697438345074382,-0.0262507910182069
Morelos,Ayala,96.8,-98.97998115536508,18.696858685989582,1305.0,1.9287671232876715,26.12328767123288,243.886027061186,3.57217217217217,43.6196196196196,1.87686190355971,96.53461,45.38414,24540.0,62.9270421306006,8.35615816473223,8.69069478532255,70.8440011576909,69.6496496496496,33.6496496496496,248.0,720.2931,60.8819,659.4112,8743.3322,44.82,6336.7632,3.1355,154.8302,56.6,10.1,46.6,4,-0.3820221755647834,-0.336833501115151
Morelos,Cuautla,130.4,-98.9737286071875,18.81498423442919,1438.0666666666666,3.0454246575342463,22.70068493150685,1535.21890268664,3.54851625510067,70.5933063851798,1.73026580090625,99.234808,38.566045,158760.0,64.2355983486588,4.94301357617744,10.0414777497901,70.0034203016279,80.1586237284239,41.4969635433629,66.0,163.0469,39.79,123.2569,2427.4607,16.8672,2800.3567,64.7195,40.2324,51.2,8.4,42.9,4,-0.9691032933523752,-0.7817996017188561
Morelos,Yecapixtla,178.3,-98.87446862367727,18.85950154326864,1843.6666666666667,7.190246575342466,21.03972602739726,323.787198976829,3.83027019613222,38.8972706075984,2.02877906976744,97.643999,47.29289,37000.0,66.9115640069147,5.01223690651003,8.91550435102341,69.6556888896814,72.2808942531889,40.5225620628172,16.0,17.5342,12.9826,4.5516,10168.7802,46.6437,560.9929,13.1,164.1189,67.9,13.2,54.7,4,-0.8501552418975828,-0.2451604021837449
Morelos,Tlaquiltenango,71.0,-99.10152081301206,18.49891977621395,952.75,10.368657534246577,25.84801369863014,62.1186050864697,3.34222795357603,51.0762821148696,1.76241301731806,97.454507,53.276932,32000.0,60.7094925459756,7.3992673992674,8.9683698296837,80.984935925893,67.9694474754489,35.3437159012003,16.0,21.98,7.96,14.02,5778.2983,0.172,4617.5959,20.0646,149.6419,58.0,9.6,48.4,3,-0.4140199682636478,-0.3099292284734656
Morelos,Amacuzac,198.9,-99.3767648425901,18.58806580079751,1110.0,5.476767123287671,25.016712328767124,150.101896695601,3.5275432247688,42.9030960997185,1.81907724209435,96.31156,39.19655,18000.0,55.1716676283901,7.90899241603467,8.52169197396963,85.4017501988862,76.2364294330519,49.4973864093285,4.0,5.9,0.0,5.9,3496.2039,0.0,535.7471,0.58,14.5421,62.8,13.3,49.4,4,0.1288405405631905,-0.368375954065862
Oaxaca,San Felipe Tejalápam,0.0,-96.89981158992694,17.08072023899568,1742.0,0.1630136986301369,20.36986301369863,82.833197878177,4.03233708966193,17.3934345908868,2.05698575356161,98.483207,98.148148,13060.0,59.5872065542776,5.15812616269237,7.84029774995771,51.3424857246993,65.7520823125919,5.78147966682999,11.0,6.734,3.234,3.5,1003.9497,0.0,52.7267,0.0,0.3467,76.7,29.8,46.9,0,0.4077425967248515,0.9324381429974252
Guerrero,Huitzuco de los Figueroa,9.1,-99.28202428183548,18.19148789722861,969.6,33.396273972602735,25.70188356164384,27.5632876906195,3.46570912203938,38.4951964234757,1.87526492633755,90.8536,49.364314,25286.0,57.0496543941318,11.8904047636994,7.47110808973487,85.295001776296,74.412631979454,25.7110244459241,15.0,38.5,8.5,30.0,11992.4456,0.2,811.3606,4.8026,108.0887,64.2,21.2,43.0,2,0.9440382031291707,0.1470265572385449
Guerrero,Xochihuehuetlán,7.12,-98.47862837731232,17.89253562889254,1019.0,1.8367123287671232,26.649315068493152,30.0518341018142,3.87623274161736,14.6449704142012,2.24856979405034,95.849692,29.255319,5300.0,46.7662508207485,19.1440648115534,6.34507662497798,84.1261765454083,69.3786982248521,54.8323471400395,15.0,10.625,0.0,10.625,1875.1312,0.5,36.557,0.0,120.6043,74.7,19.3,55.3,2,2.294453169812239,0.2040103284553363
Puebla,Chietla,13.5,-98.62204915744604,18.50967102036431,1117.0,1.6291506849315067,24.15890410958904,113.759685535916,3.60915836750635,47.3833235696153,1.86081877234503,97.403857,37.133874,20000.0,54.8006368544926,8.7868123726616,7.85718524012609,83.6834998649743,65.8074594805702,31.0486233157586,78.0,94.6488,14.3029,80.3459,3094.09,8.568,6366.3194,0.0,55.9916,67.4,13.3,54.1,2,0.2589584469786209,-0.0231950166412175
Jalisco,Pihuamo,0.0,-103.38777783219692,19.169310122124323,910.0,1.938191780821918,28.076712328767123,13.0187860755485,3.19124293785311,95.3107344632768,1.54986966662094,97.122929,30.89404,8500.0,56.0530679933665,12.5517078359532,6.89021649118656,75.0131740734235,64.6327683615819,14.0677966101695,55.75675675675676,9.0,3.0,6.0,4298.2732,0.0,9765.7856,0.0,358.0995,42.3,4.6,37.7,0,0.2189348191198433,-0.4910917957394007
Colima,Tecomán,48.1,-103.84452476597494,18.90311449837406,105.42857142857144,16.860630136986302,27.43264187866928,147.598563873849,3.5160888456747,84.7528182066786,1.93473856920424,99.008759,18.372652,190000.0,66.7755334655809,9.02482415730999,8.21575059589833,82.1005115859163,55.3826987937164,24.9734131445413,65.0,319.5523,36.25,283.3023,1606.3916,0.205,34082.0309,172.8805,566.0618,37.9,5.5,32.4,3,-0.7351753690782868,-0.1354174799180906
Guerrero,Tepecoacuilco de Trujano,42.2,-99.45631940951608,18.1244401176287,781.0,1.5046575342465756,24.44328767123288,36.1189312115879,3.49527603870233,33.762094479226,1.97351844710117,89.348118,40.649762,14743.0,59.2717858783248,13.7613036082013,7.25902154398564,79.7928974875024,52.965281730222,28.5145133750711,20.0,30.45,6.5,23.95,11022.5332,3.61,144.4565,0.0,10.6385,75.1,30.9,44.2,3,1.568045834048614,1.4197765958837087
Nayarit,San Pedro Lagunillas,0.0,-104.71791090021487,21.16700112693946,720.0,1.7207671232876711,23.77397260273973,14.8988239493493,3.07921600653328,72.3968966925276,1.46058493124153,97.440424,47.976597,16000.0,53.5725677830941,5.67544604927782,8.37455288707205,85.175061824808,76.8068599428338,27.8889342588812,11.0,29.79,7.86,21.93,5152.4281,2.5,9286.3905,3.6,33.8398,34.7,1.1,33.5,0,-0.702798888911725,-1.0922057013457005
Guerrero,Iguala de la Independencia,101.2,-99.60235919908752,18.1923142516722,752.3333333333334,9.172164383561643,25.71684931506849,270.275244273915,3.5791320622295,66.7914375950404,1.82076550918754,97.306056,38.167917,110000.0,63.7648179943644,5.55492106442233,10.0272095070423,70.0077186018304,73.0424611065622,48.2606152766405,76.0,136.3195,3.0056,133.3139,11168.9194,1.8,280.2723,3.1,94.1484,54.5,21.1,33.3,4,-0.2092721938912603,0.1868806615901896
San Luis Potosí,Tampamolón Corona,0.0,-98.78418346436548,21.550919527963885,91.0,3.1290410958904107,26.71780821917808,51.7900980995394,3.84938903097471,17.7038931514635,1.87358229598894,95.495951,53.359684,10000.0,55.9581092555902,10.0328947368421,8.0417439703154,86.9072998603249,38.3063370275646,30.1221938050583,151.0,106.8844,106.8844,0.0,1103.9742,0.0,3035.2,0.0,285.6454,80.4,36.9,43.5,0,1.579477907186696,2.2483806019615806
Oaxaca,San Juan Bautista Cuicatlán,675.3,-96.92218695386605,17.725494023190052,543.0,1.7655342465753423,27.018904109589045,20.8803595774777,3.24766204450177,35.60141889713,1.95591376966401,96.806319,49.307958,6000.0,56.5127077223851,6.40231853510736,7.7095413811281,79.2088760250844,55.1757497581425,5.4498548855208,163.0,172.089,10.999,161.09,1064.0384,1.47,1002.5616,5.0,11.83,66.6,20.5,46.0,4,0.2421705415236201,0.7457945852133462
Jalisco,Tolimán,26.7,-103.97343673120125,19.544555916914888,760.0,1.1293150684931506,25.75671232876713,21.8851290463839,3.9727969348659,66.7432950191571,1.89630577907827,90.774042,94.27595,4500.0,56.6236533680597,6.98178111861384,7.56709183673469,76.2991353953115,78.1609195402299,30.0383141762452,15.0,113.02,34.5,78.52,3523.9203,36.37,2917.6074,0.0,159.3063,46.1,9.3,36.8,3,-0.2707731370761511,-0.6652999940342356
Guerrero,Zirándaro,116.5,-101.20359108656776,18.328419591287364,258.6666666666667,6.587397260273973,28.116666666666664,8.40657555611755,3.45901309164149,48.761329305136,2.16410119127292,77.412814,13.155771,11571.0,56.1317125711648,20.0033394556687,5.53443088751462,60.052132438578,27.0090634441088,39.3756294058409,40.0,161.12,47.97,113.15,12615.1864,0.0,22.15,0.0,15.572,71.5,24.8,46.7,4,2.2031529610547445,1.927979834449256
Campeche,Palizada,0.0,-92.00267327572828,18.26225848089883,3.5,4.958904109589041,26.57369863013699,3.97012632563268,3.41367048597392,56.4598972738048,2.11920529801325,97.155628,28.062971,9000.0,57.9819499926025,7.57891363563532,8.46266259836197,85.684671196591,36.7443698143026,3.95100750691426,107.0,226.4743,226.4743,0.0,5012.1404,25.0,4771.0262,0.0,1399.06,59.9,13.7,46.1,0,-0.03763423095144,0.9441453966471068
Querétaro,Tolimán,0.0,-99.9808817718719,20.912246837446823,1720.0,0.467945205479452,24.71917808219178,41.0127939575295,3.97075606276747,46.0342368045649,2.10324729392173,82.146264,55.46087,10000.0,55.4263016030643,7.56146590381939,8.24691358024691,80.9965611119072,63.9514978601997,7.5320970042796,350.0,283.9004,80.8544,203.046,1340.7339,314.0955,267.7803,0.004,383.4743,61.6,12.3,49.3,0,0.0199263938304974,-0.0241388888136479
Guerrero,Eduardo Neri,20.7,-99.60904123232228,17.814115378186784,966.6666666666666,6.713424657534246,23.70525114155251,42.5254405476554,4.24747474747475,61.7604617604618,2.30272079276773,95.112085,31.831894,24000.0,60.8868033424506,12.2905482349113,7.96260184682238,74.0522531340587,69.5045695045695,37.8306878306878,26.0,32.584,30.064,2.52,7819.3565,0.75,232.9463,0.0,10.5187,65.6,24.8,40.8,2,0.9824900895490616,0.5190892732008161
San Luis Potosí,San Martín Chalchicuautla,8.1,-98.67216154248824,21.36330421221692,133.33333333333334,6.818712328767123,24.841552511415525,44.7026640132678,3.4996194824962,19.4063926940639,1.59958235447664,96.714872,39.160156,8000.0,48.8931857581011,12.9519154747359,7.25933923558627,91.1143599740091,34.5890410958904,8.37138508371385,229.0,217.3373,202.3373,15.0,1872.9268,0.4,12046.1746,2.73,274.9306,84.1,30.3,53.8,2,1.9720334573990843,1.9905863380997504
Guerrero,Chilpancingo de los Bravo,46.2,-99.74285512065488,17.391972367345467,1252.9,14.420191780821918,21.29181506849315,129.940773657283,3.87653262927996,70.5679886098171,1.90283277076358,97.105073,32.869266,287000.0,65.5624886959667,5.4912284110116,10.6556153741311,72.3423703212236,84.1518875357671,49.2210718383258,361.0,584.3917,60.718,523.6737,11112.1163,8.938,1459.7537,0.011,84.8115,55.5,20.8,34.7,3,-0.3259390528044913,-0.1986514315017013
Morelos,Axochiapan,74.0,-98.76025386910072,18.52454592188426,1058.0,2.456246575342466,25.483835616438355,276.824957167115,3.92649727767695,25.6906634402097,2.05684099313259,95.337437,45.065932,21000.0,63.0292997848038,9.22238449755993,8.07070022818026,71.5117169551233,59.0441621294616,18.2798951401492,426.0,787.5284,5.6,781.9284,7994.3531,14.3,3067.2929,1.14,53.3272,72.4,23.3,49.1,4,0.4061835031752253,0.7786570562902506
Oaxaca,Soledad Etla,31.5,-96.82766830638197,17.158317550701703,1603.0,0.1095890410958904,20.986986301369864,509.069131535135,3.80505415162455,35.3188929001203,1.85781433607521,97.303052,56.595745,750.0,62.1674111477957,1.51201325600663,9.67868241143568,64.7763074984247,86.8832731648616,15.0421179302046,13.0,10.23,4.61,5.62,231.4709,1.3,218.2258,0.0,0.5356,50.7,7.6,43.1,3,-1.336972144777772,-1.0503926978643572
San Luis Potosí,Matlapa,9.6,-98.818811925359,21.332661211120893,442.0,4.43572602739726,25.279178082191784,247.49768465024,4.01333333333333,28.7361111111111,2.05899957246687,97.942669,50.065876,8000.0,57.4928748735865,7.95086938940558,7.8649250708789,92.074768933646,57.9305555555556,16.2083333333333,78.0,42.815,42.805,0.01,958.9527,0.0,4278.4225,0.576,42.2178,83.4,28.3,55.1,2,0.7912900816749787,1.1045258082669631
Guerrero,Cocula,64.2,-99.72262345314948,18.13982088798467,670.0,3.001095890410959,28.31575342465754,34.9564829169737,3.62153989299837,42.2656431728309,1.99948619139371,91.635186,43.45898,7142.0,56.7925164335075,10.6734434561626,7.48496684530838,62.2376275755825,57.8971853919516,45.8478715980461,51.0,63.4132,10.0024,53.4108,4982.9099,2.5,120.8662,0.0,225.1705,56.5,17.1,39.5,3,0.5911222589579717,0.4561128719751801
Puebla,Tepexco,26.6,-98.64457491654612,18.65024483207185,1089.0,2.2643835616438355,24.565753424657533,64.7379657347291,4.20716685330347,25.9238521836506,2.38010769718087,82.161125,36.031128,1000.0,47.4012103951584,11.6945566455088,6.72897016361886,90.1900837431876,48.9921612541993,25.8678611422172,829.6285714285714,0.5,0.0,0.5,3430.8986,0.8,107.2043,0.0,2.5372,89.6,38.2,51.4,3,2.2998158513688063,1.973252522914964
México,Tonatico,0.0,-99.6277029828455,18.776846776927144,1584.0,2.06,21.316438356164387,143.225562203423,3.58583871874122,80.0224782242203,1.66020554182386,97.72931,54.042289,10000.0,61.2354085603113,4.44697833523375,8.71673240606186,79.5384138785626,95.2514751334645,37.2014610845743,65.0,71.622,20.0,51.622,1553.0709,73.7956,122.2301,0.47,33.305,49.1,3.8,45.3,0,-1.1148259432586722,-1.547795432053467
Jalisco,Cihuatlán,22.4,-104.60498354117404,19.263281940587667,190.0,6.371315068493152,26.573424657534247,80.0646975479725,3.48253773253773,76.5970515970516,1.9302947757564,99.163399,30.437545,37654.0,65.066289097696,6.01454064771976,8.42725213451821,71.0954433344129,63.8996138996139,17.6904176904177,11.0,85.0,61.0,24.0,950.5157,0.0,16630.7993,0.0,53.0828,46.0,4.7,41.3,2,-1.0684727433229309,-0.4566097388388635
San Luis Potosí,Huehuetlán,0.0,-98.99194449577958,21.516848701724207,91.0,4.57041095890411,26.556164383561644,214.607775381281,3.7670286278381,30.9723593287266,2.01892034929876,96.683168,76.282438,2000.0,55.5973580804281,6.11559749569005,8.28728628592215,82.9790009130038,36.9200394866732,30.7502467917078,83.0,61.7886,61.7886,0.0,490.4569,0.3514,2873.6708,4.5541,54.5102,72.3,22.7,49.7,0,0.3673456862290964,1.477523906256589
Guerrero,Taxco de Alarcón,16.1,-99.60649972177212,18.521805695110046,1657.3333333333333,6.626931506849315,22.857602739726023,162.268167576869,3.51676416513455,53.4614741768344,1.95904875414354,93.636639,39.037855,48000.0,64.1815043389847,7.500980975406,8.64087585691296,80.6091716704866,77.482868126358,24.0046799264583,31.0,31.523,9.923,21.6,6683.8737,8.202,513.4615,1.515,75.3936,75.0,26.8,48.2,2,0.3104171429517025,0.3691431571626796
Guerrero,Buenavista de Cuéllar,84.7,-99.42539894856816,18.468724447187512,1208.0,2.791780821917808,22.13972602739726,42.7068406248193,3.22493157501866,59.1938293107738,1.66868400721092,97.883325,37.104825,10071.0,61.4218555118488,8.54709624461317,8.09425595545014,78.4393775997535,74.2224433938791,17.4670315999005,14.0,9.2402,4.6128,4.6274,2510.8088,1.5,101.519,0.1256,436.3904,52.5,11.2,41.3,4,-0.2229636362788245,-0.4289741135213917
Michoacán de Ocampo,Briseñas,17.1,-102.57683020865409,20.24314574165507,1520.0,2.091945205479452,19.27986301369863,172.55024761739,3.73152,80.0,1.78877128393925,98.27169,24.764233,9000.0,50.8723191465718,5.15513126491647,7.72457020057307,70.6103929458094,77.696,20.512,84.0,460.95,60.89,400.06,4520.9269,28.5,341.6056,0.0,13.476,45.0,4.9,40.1,2,-0.4318095417328547,-0.9019144530294846
Jalisco,Amatitán,1.6,-103.71051120325882,20.844345523787347,1059.0,0.8989041095890412,27.206027397260275,95.5534016403649,3.90342530922931,81.3986679352997,1.88359545402365,99.369748,27.31668,10872.0,59.9591098529527,4.08719346049046,9.1953131657435,69.1631291691935,89.1531874405328,43.0066603235014,8.0,21.56,0.0,21.56,712.2863,0.0,6791.3409,0.0,14.884,36.6,2.7,34.0,1,-1.151208381409108,-1.4088704887431842
Jalisco,La Huerta,0.0,-104.80721310115626,19.49696093658102,5.0,3.2578904109589044,25.846575342465755,11.5742319364031,3.32264987838031,78.1084561453713,1.72634004906698,97.599773,59.156825,30000.0,64.4006858786437,8.14646946564885,7.89270565744668,80.6905150915814,68.4074974960652,15.8677922449564,158.0,937.43,257.635,679.795,4251.3727,0.0,13822.7293,0.0,82.0773,33.1,3.8,29.3,0,-0.8112935268163142,-0.6584708780391058
Tamaulipas,Padilla,0.0,-98.81088041189516,23.97879721487701,536.25,3.771041095890411,24.938150684931507,10.021097421479,3.29086479902558,65.115712545676,1.74017776632745,97.350036,30.064051,3500.0,51.8237363451213,4.44044404440444,8.65645032051282,88.9778234689382,30.5968331303289,11.3763702801462,13.0,112.845,65.5,47.345,4329.9969,0.0,17239.0395,0.0,83.15,56.1,7.2,48.8,0,-0.4521737740866799,0.7915230787197618
Nayarit,Compostela,18.1,-105.03902575891696,21.11372815896783,700.6,12.95131506849315,22.65883561643836,41.1787841398249,3.30507305719581,87.8582819706047,1.74311843122981,97.87675,37.342039,170000.0,66.5173022829855,6.73375158607077,8.60859656561374,71.6294746629475,68.3979138830223,22.3524848066894,1211.0,8327.569,649.6402,7677.9288,16378.6123,51.0,32206.1356,15.8716,255.8531,36.5,1.9,34.6,2,-1.1978319905100807,-0.7703976617101189
Oaxaca,Tlalixtac de Cabrera,58.0,-96.63635657563717,17.07728903084513,3034.0,1.2145205479452057,19.59178082191781,148.01512591337,3.86837881219904,77.6565008025682,1.88041947096572,98.280802,92.124945,3950.0,66.6182421915534,3.03666077738516,9.69201857174442,51.4709538410541,88.4751203852327,27.3194221508828,15.0,16.106,8.3,7.806,364.7126,0.59,91.82,0.0,1.7188,44.3,14.0,30.3,3,-1.0431148075220356,-0.7335419464990616
Querétaro,Jalpan de Serra,7.3,-99.3264527319851,21.38413749789467,760.0,1.4972602739726026,24.495890410958904,23.0505990787786,3.59321362556113,63.2954845524162,1.81198691850764,94.850316,66.803716,15500.0,59.0476643516316,10.2504757496271,8.58075477526644,88.7466627656073,90.0977026670188,13.5199366252971,18.0,41.075,32.25,8.825,1901.9528,1.0,207.8416,0.0,74.9327,48.3,7.8,40.4,2,-0.061024954095279,-1.1464903053119486
Puebla,Tehuacán,4.2,-97.3978275583794,18.465798460186207,2416.0,0.9304383561643836,20.16301369863013,591.890315294482,3.82204722561262,62.3368697774857,1.91031116534472,99.467215,48.296105,211500.0,67.5486489728479,4.97725325814849,9.47062425029988,64.7253996187124,71.8183738616092,51.8671955684912,798.0,1708.8777,278.8421,1430.0356,4740.4983,15.5118,899.0338,0.9139,549.5814,57.2,8.3,48.8,1,-1.1414899100674931,-0.5183939706188228
Guerrero,Alcozauca de Guerrero,447.6,-98.38220952730455,17.367915392371245,1590.0,4.372876712328767,21.37945205479452,45.1686708809999,5.2223599405057,11.8740704015865,2.64594323034413,60.764263,29.857143,4500.0,20.0412635173591,33.3814912914359,4.6018146780151,84.1978798586572,42.6623698562221,10.213187902826,45.0,70.18,17.25,52.93,3801.8972,0.5,97.7841,0.0,2.3,94.8,59.6,35.2,4,7.565389115373059,3.4191291752717903
Michoacán de Ocampo,Villamar,3.6,-102.57937046284611,19.99176469536641,1583.5,5.163342465753424,19.21582191780822,45.3039711288763,3.42427520553873,68.0874080484639,1.71454880294659,94.544274,41.629087,7000.0,51.5529411764706,9.96405583883641,6.92,66.3767019667171,85.4824751189961,22.9121592384249,27.0,109.85,74.4,35.45,12756.5565,0.0,424.3065,0.0,16.8579,39.8,5.5,34.3,1,0.1716285691254903,-1.1254740135846977
Oaxaca,Miahuatlán de Porfirio Díaz,9.7,-96.58504682193112,16.361084342972983,1559.0,0.4943561643835616,20.70684931506849,107.779035311136,3.716,40.4,2.00414868901427,98.33046,81.007557,20000.0,61.9620187841883,10.040149445157,7.96111992745409,55.6367245657568,72.8769230769231,22.6615384615385,128.0,89.029,29.965,59.064,7516.8948,13.7,2290.1893,1.553,206.5849,66.0,24.1,41.9,2,0.6062195073206275,0.3640196715445274
Michoacán de Ocampo,Lázaro Cárdenas,74.5,-102.48251443130032,18.08185561844028,50.0,7.823287671232877,26.844657534246576,170.397379415548,3.508366691911,82.3884741606261,1.81763897844187,98.87103,27.291432,184000.0,63.1305449109224,7.23283872639296,9.56573501143523,76.2207721310388,75.1613833892315,30.843160589996,118.0,480.365,316.665,163.7,3902.5224,0.0,7692.9174,4.0,946.2246,31.1,4.7,26.4,4,-0.8143254446965296,-0.8428789014560747
San Luis Potosí,Tamazunchale,3.6,-98.79686200448252,21.243498166953444,239.0,8.554602739726027,24.36493150684932,268.689244887005,3.88463903578896,42.7130734227032,1.99299522497318,98.464362,57.165051,70000.0,58.5052142109342,9.33357060236676,8.42535483391543,81.8702189673496,48.452424875989,20.1451236010331,307.0,203.8105,203.0605,0.75,4319.5203,0.6525,12907.4409,2.5125,121.7583,78.2,26.0,52.2,1,0.794382671910685,1.2847901720564945
San Luis Potosí,Axtla de Terrazas,1.6,-98.87807226042008,21.424171631113325,90.0,9.102438356164384,25.11828767123288,170.21834669872,3.82838983050847,44.256120527307,1.80519624715483,96.634256,70.936542,13000.0,60.1049046854817,4.54680534918276,8.76302692585818,86.8424287118977,33.8159133709981,12.0998116760829,126.0,94.6037,94.1037,0.5,983.2605,0.112,8431.2892,1.088,448.5078,81.1,28.5,52.6,1,0.2363327110411812,1.909753896605933
Guerrero,La Unión de Isidoro Montes de Oca,15.2,-101.91052494374424,18.009111935620393,32.5,5.79454794520548,28.00164383561644,14.969196419309,3.41004292962144,31.6638480551581,2.01529945414008,81.313624,26.689304,20857.0,55.7734847367645,15.2425911355888,7.08916194076875,77.8283805837034,52.2960842981657,46.2599193443476,76.0,169.105,46.575,122.53,7140.6575,0.0,12988.4591,0.0,547.6282,43.5,10.2,33.3,2,0.8635953361763349,0.2386459407037439
Oaxaca,Santa María Huatulco,385.4,-96.20590220665667,15.82195651092825,225.0,0.0263013698630136,27.231643835616435,99.3453442125986,3.34011531579296,69.474451587249,1.98326178567209,98.775222,77.811795,51000.0,70.050622178998,7.18947255804001,9.16658180356425,67.8364987613543,75.2601232686063,27.5034793558221,41.0,79.55,25.75,53.8,2215.8871,0.4999,863.9964,0.0,16.0376,40.0,9.8,30.2,4,-0.9137910338139515,-0.5381779120524113
Morelos,Tepalcingo,192.0,-98.90808077346978,18.569433895250683,1249.0,4.418794520547945,17.64972602739726,76.2848980561386,3.61481004507405,30.8435286542176,1.85752118644068,94.642857,43.975505,16000.0,62.6606569082471,7.1329739014266,8.4005171670737,77.8963089396202,76.8963296844816,38.7636831938184,262.0,701.223,6.4,694.823,10780.6269,68.5096,1633.3344,2.94,143.2154,68.0,14.3,53.8,4,-0.3051190445677111,-0.3343534724367611
Puebla,Huaquechula,0.0,-98.52519741759086,18.756875146715167,1624.0,1.8211232876712329,22.56027397260274,126.35240496825,3.98868028713418,22.9431253451132,2.17690047464778,93.918919,55.13685,31510.0,63.4577426879598,5.78718412434625,6.98581629658613,73.7796326069853,62.9348426283821,35.2015461071231,279.0,382.4479,47.5928,334.8551,10873.3855,7.5918,1373.7853,5.915,45.9083,74.4,18.1,56.3,0,-0.3194957961338115,0.3494285057256505
Jalisco,Tuxcacuesco,0.0,-104.01338722951913,19.68655280702737,710.0,3.460630136986301,26.4313698630137,12.7495790340704,3.57254290171607,83.6193447737909,1.72439759036145,89.902569,90.55912,4200.0,53.019495958155,9.20152091254753,7.11855800964712,86.1729295877417,73.5569422776911,20.5928237129485,11.0,59.25,9.0,50.25,2493.111,407.0,3640.4798,0.0,38.7733,36.6,6.1,30.4,0,0.0304500031598138,-0.6957376315741831
Guerrero,San Marcos,16.0,-99.39033414900018,16.857341477807836,125.0,4.925479452054795,28.756164383561643,43.3413104760192,3.59110473457676,35.3299856527977,2.22814280626781,73.855949,31.001521,16286.0,58.0745666858669,12.5931403219385,7.42925871099977,72.683744314101,42.7116212338594,26.7647058823529,71.0,104.286,28.15,76.136,16297.0127,0.0,12120.2253,0.5,209.702,60.5,20.5,40.0,2,0.9434855847931938,1.156196876369496
Puebla,Tehuitzingo,260.4,-98.3103337661188,18.36889828233257,1041.0,1.904109589041096,24.62219178082192,25.77178944518,3.72243684992571,16.9093610698366,1.99299920445505,92.444911,48.497854,6000.0,48.8895711800225,12.1849201981288,7.11403314917127,74.0293560606061,72.7488855869242,47.964338781575,6.0,7.0,3.5,3.5,3419.2481,1.25,83.7976,8.5,29.4349,75.0,19.1,56.0,4,1.2949029089921282,0.0820329488141578
Guerrero,Pungarabato,44.2,-100.61201867303222,18.3437091537322,250.0,3.088356164383561,28.28684931506849,304.625752709914,3.75766810853323,64.0876917027133,2.13031603589544,95.190506,31.092784,40000.0,60.998858830637,9.20910075839653,8.97027662267221,52.3699391923497,53.7554069996068,46.873771136453,107.0,219.55,13.28,206.27,2120.09,0.0,126.6188,1.0,13.2,52.7,15.4,37.3,3,0.1002319694192104,0.4983051204095214
San Luis Potosí,El Naranjo,8.4,-99.34013301707512,22.450909169024253,651.2,11.290328767123288,24.31479452054794,25.5203910282264,3.56760443307758,55.3452685421995,1.88458419677448,97.07563,45.040323,23400.0,55.4153846153846,5.35132619823174,8.25629244906113,87.275156257455,48.1500426257459,10.4177323103154,8.0,10.35,9.95,0.4,508.7346,0.0,16105.2447,0.0,331.79,51.3,8.2,43.2,2,-0.4712204899598359,0.2637081337904352
Guerrero,Atenango del Río,43.7,-99.0337329129366,18.135278695577178,940.0,1.9016438356164385,24.192602739726027,16.3927268063028,3.72115776600082,11.8222584590298,2.10419548178884,78.931624,49.21466,2057.0,53.642671292281,14.087795765878,6.45872274143302,86.2905870777304,63.9624949041989,20.2609050142682,11.0,20.05,1.0,19.05,3018.2164,0.0082,346.3856,0.708,10.9568,73.9,20.9,53.0,3,1.382514332964262,0.4775803900762959
Puebla,Jolalpan,180.3,-98.91517069603262,18.29932297266349,1220.5,5.161369863013699,24.93671232876712,22.128080196882,3.92314513745197,13.9225539462016,2.16726559947729,92.065914,33.575318,4000.0,47.6602438065277,13.472,6.15932891643514,86.9702434625789,73.3963937333727,23.352054389595,13.0,23.47,9.08,14.39,6025.3951,0.0,202.3598,0.0,82.85,86.3,28.5,57.8,4,2.008297567679668,0.6027124311681281
Morelos,Jiutepec,79.4,-99.1701147452864,18.88638657764156,1366.0,2.7633150684931507,22.86465753424657,3850.68376347538,3.49484938729678,86.6263079952481,1.63682753255074,99.399698,56.357263,130000.0,64.0801644398767,3.61755403268318,10.5176109616678,71.4469462334635,86.0241826555355,48.6582369119107,10.0,6.19,1.55,4.64,80.694,0.984,97.7095,7.306,14.5441,42.7,5.1,37.6,4,-1.2995351004482865,-1.166504183545111
Guerrero,Acapulco de Juárez,82.5,-99.69552235855151,16.958445516924357,142.8,14.296986301369865,27.73787671232877,451.32660710105,3.46915397729561,66.6947078275111,1.85300507054247,95.874043,33.185,748000.0,61.838429820433,6.21847644584035,9.87346729835676,70.7922100245521,63.1476501358057,22.9343881582774,154.0,247.3219,99.8044,147.5175,22336.6087,0.1259,7263.3332,4.287,185.1926,52.1,16.7,35.4,4,-0.253717115057995,0.2595041897568431
Tamaulipas,Jaumave,3.6,-99.4263505834455,23.471977526805706,727.1428571428571,4.356493150684932,22.23369863013699,6.00517363346327,3.63698474151674,44.2496014575268,1.73139193741171,97.358121,30.286858,8000.0,53.338690237043,4.40807136052654,8.50308132974568,94.0977866700013,53.3363698474152,3.73491232065589,150.0,408.7871,55.9753,352.8118,4073.0214,0.0,873.2613,0.0,11.2797,60.7,12.5,48.2,1,-0.2600402294034321,0.3447301891624528
Baja California Sur,Los Cabos,18.5,-109.68608978140506,23.271616459156427,169.76470588235293,10.334876712328768,23.73105308219178,93.5910381018621,3.43991282996914,76.8644427133151,1.88772270530347,98.95677,23.793959,362723.0,71.2612259404874,2.54951281819858,10.1735220130746,79.8192024744312,77.6710613247084,31.0696078334697,177.0,357.729,0.0,357.729,614.2083,2.92,861.1675,0.5,243.5036,31.7,4.8,26.9,2,-1.8218167929032163,-0.910180187725912
Oaxaca,San Pablo Huixtepec,319.4,-96.80360546048762,16.815015358900347,1499.0,0.3043835616438356,21.645205479452056,231.399856238521,3.73144349123461,32.1148825065274,1.80147721131328,98.188555,80.914606,6338.0,61.1395087894278,5.51107552708834,9.0890520694259,54.4510978043912,86.9824692279,8.76538604998135,11.0,26.55,20.5,6.05,623.3961,10.306,286.2915,0.0,1.2805,54.9,13.9,41.0,4,-0.4520105253156837,-0.6898216275436115
Morelos,Cuernavaca,63.7,-99.25994484489974,18.93314508164944,1591.6666666666667,6.805671232876713,21.551712328767124,1895.13397049898,3.2854371646773,90.6721308610475,1.50965676013387,99.450878,48.1251,400000.0,63.8458472344713,2.7364460973437,11.3854543155148,71.0473055094643,89.2827807972597,52.3706331591549,24.0,13.3137,10.302,3.0117,1408.9607,5.64,221.5938,21.0199,28.2807,37.3,4.4,32.8,3,-1.435002782025789,-1.3151730693943438
Guerrero,Cutzamala de Pinzón,48.7,-100.62332582450064,18.642334366731568,273.5,6.2904109589041095,30.553630136986303,15.3762012644987,3.30995475113122,35.8597285067873,2.05211465223492,88.309013,23.660977,24000.0,51.8208165322581,21.7242536061724,5.94047299113142,53.221015727711,47.333548804137,61.6354234001293,98.0,240.125,14.055,226.07,9767.6558,0.0,841.745,0.0,36.3346,56.4,17.8,38.6,3,2.2810173943909584,0.8495094229148412
Chiapas,Unión Juárez,25.0,-92.09123872527832,15.070924589806673,969.6666666666666,17.923424657534248,19.33904109589041,258.045977178529,4.05835881753313,83.4862385321101,2.16053738634822,95.857027,74.920969,2500.0,51.2866304083124,11.3726527373711,8.12678665960826,67.0414792603698,18.1957186544343,36.1620795107034,14.0,24.28,24.28,0.0,242.8173,0.02,3224.6838,0.02,16.8505,70.0,17.4,52.6,3,0.9800731194447736,1.792769317736552
Guerrero,Atoyac de Álvarez,16.5,-100.34256189264508,17.310556440254757,306.6666666666667,13.18178082191781,26.609760273972604,41.8657873181464,3.41525280423877,52.1560227721098,2.12026047684067,90.614791,44.215938,40029.0,65.8493390398684,9.43932027806806,8.38133412284497,75.9871456822676,45.1045600586213,27.3659883884787,386.0,714.515,311.43,403.085,11151.6641,0.0,18525.6497,27.0,71.0003,52.9,15.2,37.6,2,-0.13217494511358,0.7727441261384622
Oaxaca,Santa María Mixtequilla,234.5,-95.27447557111476,16.421960524051933,269.5,5.293095890410959,27.2054794520548,31.7296185073913,3.12008005336891,72.5150100066711,1.88969696969697,95.531136,41.492537,2500.0,55.6911647651897,8.42016333427204,8.65727170236753,85.8422174840085,57.3048699132755,39.4262841894596,55.0,136.77,10.08,126.69,1914.2051,0.0,196.565,0.0,7.6767,50.3,7.9,42.5,4,-0.113313493294756,-0.052479184055229
Guerrero,Apaxtla,45.0,-99.9797,18.0957,1300.0,1.452603,24.95397260273973,17.7257631585557,3.81843191196699,69.2916093535076,2.02166788055353,87.8327,31.380066,11429.0,55.7885906040268,12.1385034366489,7.79592101844635,71.3732901367891,85.0068775790922,38.1361760660248,81.3125,0.25,0.25,0.0,6045.3004,0.48,143.9866,0.01,2.0232,78.2,34.3,43.9,3,1.719549145386669,0.5539175924619207
Oaxaca,Villa de Etla,19.3,-96.7962795475206,17.197108596338353,1674.5,2.710520547945205,20.346575342465755,1256.12438227286,3.75698844576966,56.6157286619456,1.76687116564417,98.948107,70.257611,13025.0,61.7731859682845,3.11618363682996,10.2235657319269,62.9089856191487,91.3902348117779,33.3954528512859,141.98648648648648,3.224,0.224,3.0,135.2377,1.1504,18.8225,0.0,3.429,36.5,8.3,28.2,2,-1.0776069394079475,-1.15943529630437
Jalisco,Puerto Vallarta,17.8,-105.1814409087749,20.698204625182942,36.0,5.122821917808219,25.335342465753428,428.642222905962,3.36281801751703,95.5489132953334,1.73804048389029,98.994475,35.489352,420000.0,69.6769209098631,2.5745251284759,10.308348959973,73.8924544012281,53.6760276194448,19.169099587562,309.0,2302.6265,309.6035,1993.023,5488.2973,0.5,358.8657,0.0,48.4533,35.4,3.3,32.1,2,-1.8143642811104248,-0.1984341437823397
Nayarit,Ixtlán del Río,0.0,-104.32772800515365,21.029053282992123,975.5,3.939945205479452,22.630410958904108,59.4282770079064,3.42651026392962,90.2639296187683,1.61665374820064,98.938247,29.385288,37000.0,61.3669096146293,4.70538759871034,9.40309823559695,72.0263490221509,83.4721407624633,36.574780058651,6.0,15.525,3.025,12.5,3158.9689,3.464,2050.4016,0.245,30.6795,35.3,1.2,34.1,0,-1.223724033272494,-1.3073757007478326
Michoacán de Ocampo,Angamacutiro,7.6,-101.73166058237742,20.140025760774883,1700.0,1.9216986301369865,20.287671232876715,62.1877671671147,3.59499157235733,39.3691307488562,1.72253000923361,94.60724,27.393545,13571.0,57.7875063141943,8.2660928814775,6.77596412556054,70.8960717392759,77.0768119431736,28.6780640500843,153.0,565.089,55.12,509.969,11523.451,1.0,625.7421,105.0,19.3372,46.4,6.2,40.2,2,-0.3294140238381745,-0.8063849917271377
Sinaloa,Concordia,0.0,-105.95614033731458,23.421094529260053,1572.0,2.967945205479452,19.082876712328765,11.4885986566757,3.44133148404993,75.2011095700416,1.88169270438344,91.540421,15.628015,13000.0,57.7397573234503,5.5288985823337,8.84477579332569,87.5938792722599,47.628294036061,8.19694868238558,232.0,1225.7892,527.12,698.6692,11122.2984,13.56,7790.0892,0.645,152.2959,34.6,4.3,30.2,0,-0.7712351935859194,0.0583419160358017
Veracruz de Ignacio de la Llave,Platón Sánchez,0.0,-98.42165750965096,21.29684438522353,57.0,2.8465753424657536,24.76328767123288,73.7478924914371,3.47667694680031,40.8249807247494,1.83433336723279,96.918019,40.149095,14000.0,52.227964799553,14.2091355228388,7.24945196159952,80.9560737827508,52.3708558211257,9.92675404780262,261.0,320.568,309.568,11.0,1657.7756,0.0,6935.8554,0.0,100.4602,71.7,20.6,51.1,0,1.4555434797875682,0.8432902179701122
Nayarit,Amatlán de Cañas,0.0,-104.39720258821971,20.79925138191563,884.5,4.56427397260274,23.90958904109589,22.2557022551374,3.14403066812705,83.7623220153341,1.53168779186124,96.689847,25.317324,16000.0,59.2334494773519,6.00231749710313,8.16370602577499,83.1484049930652,81.5169769989047,9.63855421686747,42.0,120.4046,6.0,114.4046,5727.8096,4.32,5722.409,0.0,31.0105,29.1,1.1,28.0,0,-0.9545876749382288,-1.248331597933475
Coahuila de Zaragoza,Progreso,0.0,-100.8685311804304,27.373518889109583,360.0,0.7152054794520548,22.506164383561643,1.12210770949055,3.23843058350101,75.5533199195171,1.63439752832132,97.119342,12.5,1143.0,40.761300555115,3.73355960967331,7.89914893617021,79.1602346403211,38.3299798792757,10.8651911468813,59.0,259.813,133.663,126.15,1351.2585,0.0,4370.0,0.0,131.9593,27.7,2.2,25.6,0,-0.2278492086668582,0.2456359790607142
Oaxaca,San Juan Mazatlán,220.7,-95.44034588341567,17.14685981943783,274.0,7.053643835616438,22.01424657534247,11.6939423000798,3.7811004784689,13.0980861244019,2.14683572965018,98.009318,81.208054,13060.0,59.2637253511136,16.597542843728,6.14735358596931,71.6897856242119,17.8827751196172,22.0494417862839,964.0,1462.4481,1462.4481,0.0,4763.6041,0.0,12244.1199,0.0,73.4293,80.6,35.0,45.6,4,2.139279765642803,2.818857022214301
Morelos,Yautepec,87.9,-99.0618732220901,18.86528768254014,1340.0666666666666,4.646657534246575,23.04054794520548,588.98425280961,3.46260269470917,62.9576076240552,1.77925986035739,97.806074,44.299485,65000.0,64.6481005527585,5.17720071860199,9.35292044753766,70.2155416903006,76.694051922445,55.7607624055209,26.0,27.095,4.0,23.095,3396.6093,12.025,3071.7413,3.3528,21.373,55.3,9.0,46.3,4,-0.929778400307476,-0.6320033960385749
Guerrero,Leonardo Bravo,0.0,-99.7812889383201,17.63028288942843,1228.0,5.477260273972603,22.4527397260274,36.5713442517314,4.10400748479651,45.750818649618,2.52751368481706,91.959716,27.38394,12000.0,60.5812181407326,13.4541492229168,6.91135606843495,80.1456918465683,48.885077186964,15.1723062529237,12.0,11.0,0.5,10.5,7563.0962,2.8,1021.5589,0.0,6.79,87.9,36.0,52.0,0,1.7257383156891246,1.8496756710752904
Nayarit,La Yesca,0.0,-104.19529492809768,21.58951420366865,1112.5,1.947479452054795,26.297260273972604,3.17808711481622,4.05947732051667,33.3733854010213,1.92768475750577,64.639017,22.598425,9300.0,37.9136400322841,10.8342602892102,6.64423613436,81.9301698374517,50.5557224391709,16.7017122258937,6.0,3.95,2.25,1.7,4582.2808,0.0,347.73,1.0,190.5498,69.6,25.2,44.4,0,2.008640476825989,1.1678563688948334
Guerrero,Tlapehuala,58.5,-100.4432379152235,18.277193824604403,275.0,3.031780821917808,28.30821917808219,78.0096408841145,3.76900734665983,58.6707671279686,2.20155735250075,92.092768,28.359173,6600.0,54.5336558315144,14.6422205245735,8.12896028558679,56.5806654959701,37.9292670425423,57.4918845036733,30.0,45.1115,0.0015,45.11,4375.0067,0.0,125.6265,0.0,64.7085,68.6,27.1,41.4,3,1.727732471702713,1.6980472490572616
Hidalgo,Atlapexco,0.0,-98.37753248906344,21.02070820688896,168.0,3.267671232876713,25.598356164383567,138.885688809812,3.73310683276708,28.3880709701774,1.93889760690467,94.679763,56.504065,4500.0,48.549262015895,17.5384404173531,7.76562069914671,84.0450232182516,46.1306153265383,12.7029067572669,234.0,151.4778,151.4778,0.0,2511.8598,0.7297,783.9293,5.8577,29.5798,65.2,18.7,46.5,0,1.9681832894544284,0.9414723189199148
Morelos,Miacatlán,38.0,-99.38982992816752,18.8340750350668,1311.5,5.509917808219178,23.37657534246576,97.1717354441263,3.36540564181063,59.0422042422917,1.77732840305061,96.103896,57.949596,8000.0,61.1754510360041,7.03032356428934,8.76503615482773,77.7876218200228,78.8541438880385,34.5943581893724,9.0,14.17,9.67,4.5,1981.5791,6.1,1178.8871,0.0,44.16,50.5,7.6,42.9,3,-0.5884037076298071,-0.7848112463456116
Michoacán de Ocampo,Aquila,24.3,-103.3178246851876,18.38428621462737,263.0,8.393178082191781,24.516438356164382,10.898202309402,4.16447140381282,49.6707105719237,2.23963391856556,76.367729,44.248326,15000.0,62.3270262637673,12.2747747747748,6.82685312931143,79.2713567839196,34.367417677643,32.6689774696707,62.0,126.25,32.25,94.0,6252.7625,0.0,3532.138,0.0,219.857,48.8,16.2,32.6,3,0.460257587855461,1.184351207576989
Tabasco,Centro,191.5,-92.77477804121229,18.027163728447803,17.666666666666668,30.80191780821918,27.32093607305936,397.96311053203,3.44665741406733,88.0165331118112,1.83221319225392,99.007089,24.311042,400000.0,63.2556670516893,2.9814125251221,10.9633477577849,68.8726124805627,61.3229528623963,18.8135060935458,1893.0,3048.5639,3025.1799,23.384,6634.5991,2.035,14565.385,2.87,1917.7023,35.8,6.4,29.4,4,-1.269851487318055,-0.2998784340884186
México,Amatepec,170.3,-100.28052047025729,18.6992748992893,773.5,4.121068493150685,23.68527397260274,39.6750564469777,3.64006350122673,55.7367585510175,1.80867694514163,86.68878,37.740586,25000.0,55.3015413261612,13.627254509018,7.42091765624129,89.2330850895262,79.0301630826959,20.7677875595324,20.0,38.315,16.1,22.215,6802.0598,2.2,1672.9072,1.455,248.7834,62.5,16.1,46.4,4,0.9896928115985972,-0.3026611385531895
Coahuila de Zaragoza,Francisco I. Madero,0.0,-103.09964683092927,26.23754835221817,1110.0,1.5355890410958903,20.77650684931507,21.0084388779304,3.71310752958952,70.7378494082095,1.78031698113208,96.635784,36.335044,45000.0,58.3485552058804,3.31114848061391,9.37631284384005,77.935123231981,66.3057164442206,24.9181566356082,166.0,7205.8915,10.0,7195.8915,15076.3339,233.1,2887.5574,0.0,1101.0689,31.8,3.5,28.3,0,-1.1244146544326312,-0.6208055432867082
Morelos,Xochitepec,84.3,-99.2339052737166,18.76532808504433,1025.0,1.6251232876712327,23.60191780821918,788.822257299229,3.6112584132164,58.7395472159902,1.820821438675,97.428,53.374017,60000.0,65.7314629258517,5.79909751544916,9.14777743464913,69.6324399298331,78.1715276361411,47.8329594126045,131.0,231.7645,3.015,228.7495,1277.8615,3.725,1082.2747,7.351,23.558,61.2,8.8,52.4,4,-0.9176595521498174,-0.6925729275722408
Guerrero,Zihuatanejo de Azueta,7.8,-101.49694422658813,17.80789741243328,331.6666666666667,2.4863013698630136,26.93178082191781,85.8592337107485,3.36844928391353,69.5837579788661,1.85855688065127,96.276339,32.659365,187249.0,66.430513811364,7.58764014219305,9.29116644190814,74.2549662304267,76.86799334871,32.6798262082283,64.0,117.6565,36.82,80.8365,7628.7584,3.0,10587.5608,1.0,646.5678,45.9,11.2,34.6,2,-0.6035050785581032,-0.5197195109005234
Tabasco,Teapa,299.7,-92.9726777047943,17.619580464757153,68.5,22.572328767123288,27.243150684931507,139.536108583041,3.62945294591413,80.3729632612601,2.10910662201577,97.51508,22.456758,47300.0,61.3969631236443,9.36154365384168,8.68002237605762,72.4615961034095,39.3160275075894,29.3166470478905,303.0,429.8353,429.8351,0.0002,947.315,0.0,11452.8169,0.0,1690.0274,52.9,7.6,45.3,4,-0.3053344618423105,0.5023657315541677
Tamaulipas,Aldama,208.9,-98.04950163834236,22.95944051336525,82.0,2.0666301369863014,22.83342465753425,7.52089848803251,3.13449332457868,68.6145764937623,1.68905531312655,97.94832,21.982414,32000.0,58.6184123629639,7.4827030613212,8.09935440994968,87.6692776327241,29.8971328518275,3.68789669511928,89.0,3437.4496,3423.7396,13.71,40358.5143,0.0,6994.97,0.0,1090.9211,52.6,6.0,46.6,4,-0.4817753074541422,0.7308818655473529
Oaxaca,Santiago Jamiltepec,706.4,-97.78074478711169,16.224760986537923,462.0,0.6833424657534246,27.671232876712327,29.9612275140898,3.45927272727273,27.5090909090909,2.02350813743219,93.473429,38.019061,3600.0,61.1225328947368,11.5656789031402,7.56792494644308,68.4439095856007,50.1454545454545,44.8363636363636,55.0,151.5,112.67,38.83,4426.4716,0.0,7015.6147,0.0,23.6189,66.3,25.2,41.0,4,0.8994308154127327,1.1838660889368011
Chiapas,Arriaga,102.1,-93.89498186806762,16.25494914330324,56.25,3.870684931506849,29.14109589041096,50.9,3.3,54.3,1.9,97.5,48.0,30000.0,63.8,8.3,8.45,59.7,41.2,43.3,10.0,44.3015,44.3015,0.0,5189.3491,0.0,11656.3593,2.0,1307.9601,62.1,15.1,47.0,4,-0.1752017501751659,0.8785901315878465
Campeche,Carmen,59.9,-91.41271600470763,18.453125596328924,12.4,38.27926027397261,27.0114481409002,29.0802906762302,3.44716249461409,73.5763826149805,1.94308348761631,98.469829,34.350008,230000.0,63.7728147235767,4.60048688712135,10.2641157737998,75.1700857963793,74.3060864247293,41.1302764535005,188.0,486.284,387.284,99.0,15428.6776,0.0,34780.0748,0.02,8939.1981,35.4,7.6,27.7,3,-1.0298775563825011,-0.762279058473383
Chiapas,Tapachula,75.8,-92.32229351944852,14.927280256742726,563.5,17.721095890410957,26.86407534246576,360.873835353368,3.64335358292782,75.8672071189655,1.99372909218407,97.619125,41.186366,400000.0,61.0354463567696,8.4207078619318,9.33180710961481,56.5136016918005,45.8106263480916,21.9466702789442,221.0,1186.819,410.8865,775.9325,9358.302,16.19,39622.0071,26.9776,398.7083,58.5,17.1,41.4,4,0.0868264417577235,0.8543475107089722
Quintana Roo,Benito Juárez,92.4,-86.92639668036612,21.0749365290433,9.0,3.4997808219178084,28.35506849315069,979.396853471838,3.16854657570558,92.6408013504653,1.8049520314611,99.682811,41.418056,1057000.0,68.6973618770188,2.58082500450076,10.5625167808739,72.5741988781167,93.6330724479973,25.5256072210829,216.7142857142857,0.08,0.08,0.0,87.3774,0.0,216.6002,0.0,0.2165,37.9,6.2,31.7,4,-1.6125673091671988,-1.3550418094842702
Michoacán de Ocampo,Tiquicheo de Nicolás Romero,46.7,-100.81712957278828,19.07107455990524,488.0,9.712794520547943,25.36566210045662,8.59728635815604,3.7136231884058,39.7101449275362,2.09044897959184,84.451393,14.172662,8900.0,57.35278791037,20.115856428896,6.36420454545455,71.1436584605796,37.8260869565217,12.4057971014493,12.0,64.0,4.0,60.0,5990.7851,0.0,306.6664,0.0,112.0838,54.1,13.3,40.8,3,1.5581903069471923,0.9037349831779122
Jalisco,Poncitlán,7.3,-102.88278997838285,20.26396223216303,1527.0,6.542958904109589,20.68849315068493,64.2697321196345,4.33187560738581,84.0136054421769,2.1011010617381,97.399982,40.171658,70000.0,61.9550521670365,4.72010001389082,8.18320483202049,67.1313293203377,72.4327826368643,30.814706835115,101.0,422.5991,146.5,276.0991,9676.2288,28.0,1416.8617,1.5,49.72,41.2,7.0,34.2,2,-0.9517454180752962,-0.606641773759623
Veracruz de Ignacio de la Llave,La Antigua,48.8,-96.31841525983272,19.317731020702432,28.0,3.435369863013699,25.56657534246576,218.524443703102,3.12759449421018,86.0498142888355,1.70573863297777,98.37238,41.998877,33000.0,60.5643872487173,5.03394675719135,9.28504944735311,72.7529460985984,50.0436967445925,7.01332750710072,17.0,18.5218,8.6018,9.92,127.4884,0.1,2231.3744,0.0,22.7586,43.9,5.6,38.3,3,-0.9126434438838872,0.0552101090977111
Guerrero,Cuetzala del Progreso,24.2,-99.8321050972252,18.107166330278016,1122.0,0.0,16.224657534246575,22.1758417958272,3.42118328506413,25.2792718245759,2.01584592881521,85.780395,37.958375,8000.0,48.6197270471464,14.3165946125707,6.12656328164082,62.1977756286267,61.1088125775755,37.360364087712,81.3125,2.065,1.0,1.065,4420.4041,0.0,246.0703,0.0,12.1372,79.1,33.2,45.9,3,2.3088970221585763,1.2825931336947836
Hidalgo,Zimapán,0.0,-99.3831323954721,20.76221449787318,2210.0,1.2318630136986302,18.611986301369864,45.7616146557539,3.61831294504291,48.1650538616031,1.73959796348315,92.896936,57.06904,15000.0,54.0078510826896,5.10816897563639,8.77827187521379,62.3813459563704,86.6167610005478,34.4257805367902,202.0,261.2191,190.0277,71.1914,3557.5193,6.9759,415.8423,1.7718,223.7743,40.5,3.7,36.8,0,-0.6622694597278068,-1.2700286039490458
Tamaulipas,Mainero,0.0,-99.5578583969295,24.600182023820462,435.0,1.3124657534246575,22.95260273972603,5.62285030558288,2.97071742313324,64.8609077598829,1.49191176470588,98.263027,14.225941,1000.0,42.7978660343806,2.77252678008822,7.4968474148802,87.6953125,62.2254758418741,3.80673499267936,22.0,149.316,113.99,35.326,875.7466,0.0,800.0415,0.0,16.626,57.0,8.3,48.7,0,-0.1385951840393507,-0.1926509007492671
Michoacán de Ocampo,Yurécuaro,24.8,-102.2156508908177,20.29454203384069,1543.0,2.007068493150685,22.686301369863013,185.232508672813,3.84833213342933,92.7165826733861,1.84983545984643,98.29674,25.907231,20000.0,63.114325899136,8.46833578792342,7.19210903251009,46.5096121103303,66.7266618670506,29.685625149988,396.0,1671.117,0.0,1671.117,6956.8029,283.89,1556.6556,0.0,44.185,48.8,8.3,40.5,3,-0.4708260147256221,-0.34228774824884
Puebla,Xicotepec,2.1,-97.90559356416394,20.33145922738364,704.0,7.400082191780823,19.12986301369863,257.870052559722,3.78458199660313,64.5546329496131,2.14552797689098,98.410545,53.940915,29000.0,62.8618038506267,8.83795906924587,8.59917507678806,70.3614547530121,60.6906963578034,8.80354783921495,215.0,180.0674,177.0674,3.0,1201.923,0.405,8714.8854,16.2788,92.9447,70.1,17.2,52.9,1,0.0501681584988182,0.3711747230087153
Chiapas,Tuxtla Gutiérrez,175.6,-93.14180264136316,16.74521621679954,535.75,6.352246575342466,25.91707762557078,1804.07303869064,3.62794399623747,85.9508218467735,1.77584843287627,99.683349,40.160216,560000.0,63.6788530229276,4.45054077524276,11.0351413913364,58.865309270757,89.4938678050722,62.6189356390869,4.0,4.55,0.25,4.3,1908.5738,0.0,97.2,0.005,93.7481,46.2,9.8,36.4,4,-0.9299482549991392,-1.0112266008470008
Guanajuato,Romita,0.0,-101.58490952254478,20.815201729180124,1772.0,1.7917808219178082,18.312054794520545,149.228526451644,4.05817619783617,53.2673879443586,1.94203970531673,92.568834,39.96505,60000.0,55.7534684738715,7.57252697551205,7.75263736974953,87.4555241310099,74.1391035548686,15.7465224111283,172.0,1090.555,228.89,861.665,15625.1611,10.0,7174.1411,2.0,114.6225,49.9,4.8,45.1,0,-0.3842834471501304,-0.7912176651737496
Puebla,Zapotitlán,0.0,-97.50338279300615,18.26198918364868,1500.0,1.380219178082192,23.306849315068494,20.0200295842278,3.72751091703057,30.4803493449782,1.98165776642675,96.00726,67.1875,1152.0,64.1428991473096,7.00949367088608,7.90854335076874,66.2245491564863,78.471615720524,39.4323144104804,29.0,43.6415,35.2715,8.37,2798.6983,1.5,330.7308,0.5,36.1448,73.9,17.6,56.3,0,-0.226447809335983,-0.1944401625451782
Chiapas,Chiapa de Corzo,168.6,-92.99680951102286,16.601320274386794,446.0,8.32564383561644,26.097853881278542,142.042173372114,3.77243708832967,55.7709846309745,2.13135471517472,96.671491,42.775955,75000.0,60.4276895943563,9.26623059894693,8.89524429641131,57.2982377871961,61.3105894274616,36.5816585036311,169.0,242.3091,40.41,201.8991,21360.6514,29.37,1274.6142,0.0,486.2034,60.5,17.4,43.1,4,0.2406667875228179,0.3565026921007825
Veracruz de Ignacio de la Llave,Emiliano Zapata,56.1,-96.79126949010832,19.456966630094943,546.25,7.598630136986301,23.589178082191783,205.608014338466,3.13559882439383,78.6700955180015,1.60186975539244,98.045647,48.7747,60000.0,63.522478148222,3.3420112611249,10.2408434903887,72.0736001122951,73.6664217487142,20.5914768552535,105.0,140.4206,48.868,91.5526,1723.9067,10.2094,6519.0434,7.4304,115.6822,39.5,6.5,33.0,3,-1.2329233343770003,-0.6773735671346365
Veracruz de Ignacio de la Llave,Cosamaloapan de Carpio,56.6,-95.9640742910242,18.28191580501259,21.5,10.047397260273971,25.717671232876715,105.43946736089,2.96659594146129,69.4086284750558,1.66536346976176,96.410143,36.662467,56000.0,61.1466227347611,9.77342058076986,8.61969071443566,75.8043005645176,38.3221805124857,5.96267885316359,111.0,228.4316,228.4316,0.0,585.1378,0.0,28063.151,9.5,605.8402,47.5,8.3,39.2,3,-0.2040590056240232,0.591380745805743
Michoacán de Ocampo,Turicato,9.6,-101.40250963792852,18.94285702316908,740.0,2.3487671232876712,26.0027397260274,18.7931891931952,3.71664070612669,55.2050882658359,1.99061261386552,87.433671,32.890162,37000.0,54.6504587583252,20.0809511763218,6.38900430706866,69.7170980176212,56.555036344756,24.8831775700935,13.0,25.3,14.5,10.8,9391.4844,4.0,8062.567,2.696,383.5515,52.3,9.8,42.5,2,1.5123123360914232,0.0767008766819998
Tamaulipas,San Carlos,0.0,-99.00772031338376,24.49840107741424,277.0,2.8934520547945204,25.001506849315064,2.54229593771981,3.13511224057603,40.1948326980093,1.79442424242424,95.519578,6.3694268,6000.0,45.4277286135693,4.38811188811189,7.04639355742297,88.3011739306436,50.1058873358746,1.56713257094452,43.0,500.7627,486.2627,14.5,13438.7238,0.0,1839.4651,0.0,255.4905,72.1,16.6,55.5,0,0.3594934537410336,0.68512210349135
Tamaulipas,Güémez,0.0,-99.00113259431316,23.88563198354973,196.3333333333333,3.754821917808219,25.04623287671233,12.4298487420338,3.27960526315789,38.1140350877193,1.84319782528111,96.797923,34.716981,5500.0,52.9267881241565,3.37281851885342,7.95510093237983,85.4976051091006,63.5964912280702,3.35526315789474,30.0,121.03,90.53,30.5,4128.3811,3.0,17294.7731,0.0,119.0751,52.4,7.6,44.8,0,-0.6234434274735611,-0.2800150564177554
Chiapas,Tonalá,27.2,-93.69680583384776,15.982278083167564,20.0,0.036986301369863,28.00698630136986,49.615336750019,3.5878616796048,49.2942836979534,2.06749214813476,96.420893,40.421711,77000.0,62.8653991121534,8.79168731324234,8.46872368579334,60.8259984985802,39.167254763585,36.8187877362189,85.0,148.682,133.412,15.27,9149.1733,0.0,13538.9233,0.0,614.1463,60.9,17.0,44.0,3,0.0337713199221201,1.0657301744354442
Michoacán de Ocampo,Tacámbaro,3.1,-101.45197528304274,19.24996870561659,1640.0,2.671232876712329,19.223013698630137,101.091107034465,3.87019490402082,76.802984928077,1.89015996354654,98.172749,39.60717,46000.0,63.1994163754199,10.1668890635568,7.95460540778193,55.3482524515967,77.127006725907,12.71049143306,114.0,348.0711,338.9291,9.142,4373.5293,0.45,19953.1375,28.48,598.8475,42.1,6.0,36.1,1,-0.3798195953335705,-0.827956885113016
Veracruz de Ignacio de la Llave,Naolinco,4.4,-96.85585994774422,19.63884282300404,1538.5,4.388054794520548,17.505479452054793,210.636786009732,3.45631067961165,62.7578883495146,1.89345965262196,98.395722,50.805009,4000.0,61.102396278466,7.21518987341772,8.27492655952998,74.5741186774688,57.7821601941748,33.9805825242718,340.0,463.693,450.7349,12.9581,705.2211,2.0,2671.1919,0.06,11.2799,67.9,13.6,54.2,1,-0.2503295864465234,0.2608603818726204
Jalisco,Tuxpan,7.1,-103.41146182686744,19.43748688943692,1045.0,2.081917808219178,21.24054794520548,51.7165253601452,3.87053941908714,98.0394190871369,1.8047600619195,99.298081,81.696854,33000.0,60.2939689175067,4.1766456201466,9.07935181484577,79.0713790713791,68.4232365145228,29.9688796680498,6.0,13.0,6.25,6.75,5436.5569,0.0,11508.3166,43.0,363.2918,37.8,5.0,32.8,1,-1.0380519045006604,-0.5937389578835499
Morelos,Temixco,206.1,-99.24558683461,18.847670740971992,1385.0,5.445150684931507,24.00321917808219,1189.81162639248,3.52291299702579,65.3258641101903,1.81510315877222,98.803481,46.229191,65467.0,64.3848561209559,5.86082979418491,9.19206389037389,70.5716365539861,74.6007911986371,51.8928127977823,30.0,27.27,1.7625,25.5075,1457.7346,2.79,184.5134,0.45,24.3907,61.5,13.2,48.4,4,-0.6121216777009041,-0.320063145879715
Guerrero,Coahuayutla de José María Izazaga,16.1,-101.66341885416394,18.294252537249506,333.6666666666667,2.3013698630136985,18.934246575342467,4.69088918764031,3.56420568802068,30.1637460499856,2.26363802225871,52.237443,8.0495356,800.0,48.6573576799141,20.4297328687573,5.57044952956209,94.5599613152805,39.3565067509336,54.0649238724504,74.0,162.0,6.5,155.5,8903.0521,0.0,1477.5214,0.0,53.04,66.5,22.5,43.9,2,2.5248122852735078,1.3852111532964049
Guerrero,Coyuca de Benítez,15.1,-100.02585324598634,17.17822027392578,162.0,6.277808219178082,26.3377397260274,40.345433612002,3.41326458870401,41.5514412936489,2.06875088816257,81.553493,31.563138,46600.0,62.5645966541123,12.1269361541368,8.09060136157337,74.0103482260184,36.0346847902508,18.3595031638153,247.0,431.3745,109.2879,322.0866,16406.5195,2.75,17204.1681,1.0,784.5042,65.5,27.3,38.3,2,1.0045083980783869,1.7620356467671134
Guerrero,Coyuca de Catalán,80.4,-101.0337529012804,18.09056274867169,1124.5,10.323835616438355,23.785924657534245,11.48298206182,3.58271904450872,35.9335634972474,2.09673232123709,76.948655,23.713012,13229.0,56.3004931276886,16.7552890598484,6.77683829080477,63.1711365876433,38.9474666417841,41.1215825324251,19.0,34.53,5.5,29.03,16891.1216,0.0,355.9871,0.0,52.58,63.6,25.7,37.9,4,1.8306800096551827,1.5836029712674078
Chiapas,San Fernando,6.9,-93.2203750708717,16.91346222870552,950.0,2.9084657534246574,21.744520547945207,116.240527098043,3.98785270205643,49.8613103778097,2.25923918933565,96.939413,44.767513,22000.0,61.3685769194417,10.7271171941831,7.28432513867014,64.864929533654,61.5112386417982,47.1449067431851,97.0,127.899,127.869,0.03,4652.1516,0.0,941.2764,0.04,40.1524,62.2,14.5,47.8,1,0.2262435866475537,0.188785804746345
San Luis Potosí,Tanquián de Escobedo,0.0,-98.67220734913204,21.61142611237181,48.0,1.9863013698630136,24.94383561643836,93.775432995008,3.63705514805759,40.5052974735126,1.80962682531098,97.832512,40.0,4000.0,57.2284644194757,9.96265266982941,8.64261829972642,76.2938726948245,48.0575930453681,24.6128769356153,140.0,163.0039,163.0039,0.0,596.583,0.0,1524.2206,0.0,32.3113,75.2,25.8,49.4,0,0.929602143493312,1.2876193759059835
Puebla,Atlixco,0.0,-98.45314410374208,18.90136804853687,1954.0,5.541095890410959,18.95735159817352,483.589002143834,3.77234558686322,66.6115746541199,1.88361845170738,96.024848,42.82023,98019.0,66.3402572594107,4.15122808357844,9.39330972434916,65.8502182759375,83.3071201983312,19.2413296723802,529.0,592.8498,116.5409,476.3089,12291.3608,56.9939,2122.7407,84.0737,50.4378,61.3,10.7,50.6,0,-1.058916610951372,-0.7534953151485246
Jalisco,Tonalá,1.6,-103.22258980487844,20.61845006929032,1660.0,2.108191780821918,22.06438356164384,3608.06913678642,3.7857903069166,97.0751792674977,1.7692016078752,99.360781,30.806005,395050.0,66.3506458745229,2.81063118095437,9.75208219477538,63.7449926567739,73.959317253582,40.5317493048811,7.0,21.5403,3.04,18.5003,428.612,0.0,90.383,0.0,9.4676,37.2,4.3,32.8,1,-1.560495940300336,-0.8126191000092816
Nayarit,Del Nayar,1.2,-104.5931844177824,22.05612557483093,525.0,4.127232876712329,27.968082191780823,9.24657980098265,5.16585751383087,5.46460426781077,2.81768296442444,36.728199,40.801187,6571.0,34.1916978213227,22.3716291097156,5.72085616945638,86.8307045215563,22.885852997629,10.7485604606526,7.0,14.25,12.75,1.5,10916.1852,0.0,6421.9596,0.0,6.0715,89.2,55.6,33.5,1,5.234432209278732,3.8437477823344617
San Luis Potosí,Ciudad Valles,7.1,-99.07336814752443,22.075788915959315,153.0,27.939369863013702,25.225129375951298,74.0111894674066,3.35548372547546,72.4761332030369,1.76391922746187,98.4452,37.042711,269000.0,60.4314920721893,4.55843785841083,9.90753061209553,80.4594945671262,53.5555889648951,5.11538750657746,361.0,546.4154,534.1504,12.265,2367.4028,1.2295,47408.4095,3.7105,873.7089,43.3,7.1,36.2,1,-0.8881073360637413,0.0131369342704239
Veracruz de Ignacio de la Llave,Tempoal,29.1,-98.42048500363096,21.55025104223126,67.5,4.342465753424658,25.48787671232877,29.8578751302167,3.42455089820359,31.8862275449102,1.86040829623195,97.114708,38.769708,33000.0,58.0809366250954,11.9625655885347,7.12904743237946,84.4890723087654,38.6127744510978,6.61676646706587,385.0,415.3491,408.3491,7.0,3559.6501,0.0,25744.2395,0.0,843.5321,70.0,18.5,51.5,3,0.7598409136212648,1.1674425678392604
Hidalgo,Huejutla de Reyes,3.6,-98.38837120197796,21.14337696658153,126.0,2.607698630136986,25.80164383561644,321.742109358312,4.02318112439583,47.1508522004579,1.97956501329995,95.611184,40.407927,120000.0,57.8355521718554,14.428965610068,8.4242478711214,81.2889944076794,54.3023403714068,31.839862630374,1253.0,1123.3458,1123.3458,0.0,5676.3013,0.217,6782.6894,2.1338,86.9876,65.4,18.8,46.5,1,1.099709372911256,0.6754819205977152
Tamaulipas,Victoria,3.2,-99.12908402972,23.68893640557331,546.8,5.198273972602739,24.35484018264841,238.928409671115,3.42575067526271,91.692789968652,1.66518809792121,99.252458,20.605406,232000.0,61.34741398454,1.95633469967426,11.4443197058513,86.0060968634897,40.5453362512569,3.41870231265156,43.0,154.8212,115.84,38.9812,4117.3943,0.001,5201.3,0.725,72.6382,33.4,2.7,30.6,1,-1.492309854739505,0.2019185435077697
Guerrero,Juan R. Escudero,19.2,-99.38292624116096,17.13684151179936,280.0,1.229041095890411,26.60684931506849,63.8274237247426,3.64409868236613,38.7860947574993,2.18205472553299,93.749045,35.122863,16714.0,58.1237052382362,10.2273332268541,7.87639970139704,76.9784999808378,47.3647322680123,52.340902719372,19.0,35.0,15.0,20.0,7124.107,3.0,1970.1537,0.0,138.6508,74.4,31.5,42.9,2,1.212080967607507,1.6382745882033891
Guerrero,Ajuchitlán del Progreso,42.5,-100.61631719225366,17.93149409822852,390.0,8.705287671232876,24.473287671232875,18.8796995194695,4.02633004659226,19.1895113230036,2.41644976574701,72.526968,45.737399,8000.0,58.1674021454454,15.5339805825243,6.87238607990012,63.9835347231443,20.912341532127,52.2266767797161,183.0,302.313,13.25,289.063,11659.5232,0.0,896.3565,0.0,315.0629,64.7,26.2,38.5,3,1.6056274824190069,2.2066618978050423
Baja California Sur,Comondú,11.0,-111.7552615551816,25.530314180981023,98.47941176470589,16.752657534246577,21.932200083022,3.98616839931201,3.26001809136137,80.8412483039349,1.68322778154285,98.110737,13.706635,146500.0,60.7226344140665,5.98535382830626,9.2706160276213,88.1540926582764,83.2473993668024,15.2374491180461,184.0,6838.535,0.0,6838.535,11890.8373,78.0,14884.7542,0.045,729.4659,34.9,4.3,30.7,2,-0.8680003116579746,-1.130952870582579
Morelos,Atlatlahucan,23.8,-98.88709695840105,18.940944404849347,1600.0,2.389041095890411,21.024109589041096,317.893351600845,3.5767640769779,47.8831076265146,1.84172661870504,97.444634,63.866536,18000.0,60.0079665405298,5.37179006058007,9.34346259344915,62.2899492707673,76.1653599429793,78.759800427655,13.0,11.1196,6.88,4.2396,3411.3718,23.3231,195.9412,0.2,1.81,54.4,12.3,42.1,2,-0.4939398607493278,-0.4235932702426046
Veracruz de Ignacio de la Llave,Xalapa,8.1,-96.89981981813708,19.542030236022327,1362.4444444444443,11.614657534246575,19.49369863013699,3919.69962729511,3.22622909577215,92.1090263893119,1.57324581521704,99.495323,50.540714,440000.0,62.022650361013,3.13516970350238,11.2675724834261,72.1102652646403,86.9761529600254,19.0001721329926,51.0,19.0962,18.1462,0.95,241.7278,0.084,1567.5211,0.005,51.0707,38.3,4.5,33.8,2,-1.2850493590783114,-1.2332483636556606
Coahuila de Zaragoza,Allende,17.3,-100.9322080346783,28.28568231175124,374.0,1.6001369863013697,25.403698630136983,91.6219655256303,3.36249452314882,98.0721483861545,1.61746522411128,99.423766,20.688015,22000.0,54.2036262203626,2.20948286157888,9.46513161839659,76.956106870229,40.0321308602308,4.42529574996349,29.0,435.0,144.5,290.5,1006.5,0.0,690.0,0.0,45.004,24.8,1.4,23.4,2,-1.157831546834588,0.1442482052304034
Jalisco,Villa Purificación,0.0,-104.7327288461412,19.82320487394528,440.0,5.845205479452055,25.775068493150687,6.11607590818314,3.29804036267915,87.3354782100029,1.682482840943,94.196858,31.44301,5000.0,61.8584981140702,7.08497053045187,7.46774788057501,77.6431036008139,68.3825680023399,9.65194501316174,186.0,828.2622,124.5472,703.715,3622.0019,0.0,26080.8409,0.0,80.8118,45.6,6.3,39.3,0,-0.6842327400256718,-0.5132329374005025
Coahuila de Zaragoza,Viesca,0.0,-102.86090291216048,25.19001384129976,1228.3333333333333,2.069616438356164,20.32397260273973,4.61292832883733,3.77586206896552,35.232383808096,1.80412741139524,93.425669,26.970033,8000.0,50.6496799137986,4.2814926809154,7.97913654203677,71.893622260527,62.3125937031484,8.35832083958021,159.0,863.601,128.751,734.85,4053.7059,173.0,866.0415,0.0,212.4079,43.3,6.9,36.4,0,-0.4270174424140797,-0.2792225656256956
Michoacán de Ocampo,Morelia,2.1,-101.26237155385049,19.6545974654864,2032.7125,14.18909589041096,18.62771689497717,712.037389638978,3.45383808501397,92.4914158342006,1.52593939130056,98.612813,48.631896,630000.0,64.237547171178,3.25173238580866,10.9922658959895,67.1673028656633,90.644693387529,48.3790472600326,381.0,1293.939,1160.8026,133.1364,11307.6613,7.436,1590.6066,37.474,107.3045,27.3,3.4,23.8,1,-1.4420013770030948,-1.419224814099681
Oaxaca,San Juan Cotzocón,182.7,-95.52973170813787,17.312586401832505,88.5,8.247753424657533,24.78164383561645,16.2345023718011,3.62229454841334,27.4694873881204,1.9384910263112,98.307716,68.543956,1664.0,59.2853401617878,14.5475155866238,6.7609860664523,77.3614328996614,43.6289666395443,13.7021969080553,786.0,1798.442,1798.442,0.0,2733.4292,0.0,6415.5781,0.0,464.295,74.4,27.2,47.2,4,1.4749348136039115,1.5090842845784704
Coahuila de Zaragoza,San Pedro,2.0,-102.77455422250183,26.12492305158311,1104.6666666666667,0.6096164383561644,23.22109589041096,14.1435126005508,3.79329819277108,64.7025602409639,1.79342639413147,96.194147,37.29237,100000.0,54.9059741588845,3.81024720342494,9.01884676101587,72.7457170851437,72.6242469879518,13.8064759036145,607.0,7800.8752,1.0,7799.8752,18936.6964,98.1256,11213.5778,0.0,619.8726,41.4,7.1,34.3,1,-0.6965584416793548,-0.6154354329910141
Puebla,Ajalpan,0.0,-97.02474137787311,18.435005958156747,2485.0,5.667479452054795,17.173287671232877,189.825041537891,4.79211746522411,21.5030911901082,2.54125964888312,97.662224,63.601162,50000.0,73.6793343990699,16.7521094731803,6.62994530719789,74.332602182752,54.688304997424,31.0149407521896,2593.0,3363.5826,3151.8878,211.6948,7501.8371,7.2645,1211.5496,0.45,99.9217,81.1,27.8,53.3,0,1.0393307507619247,1.1823138419244157
Michoacán de Ocampo,Tuzantla,7.0,-100.60495451433384,19.22404775598585,496.0,2.3408219178082192,26.79794520547945,14.0744636157251,3.6175500887649,44.0781131118438,1.96121578874983,91.087344,18.964767,2000.0,54.2487913722573,15.9907649066453,6.35549743486571,79.9846465210412,44.7628709104743,55.5921886888156,43.0,145.655,48.0,97.655,6920.9187,0.0,211.9842,0.0,51.032,63.0,15.5,47.5,1,1.3117221229122389,0.8016881385313669
Coahuila de Zaragoza,Torreón,0.8,-103.18006445777004,25.05725141083058,1190.5,1.645917808219178,23.27013698630137,561.96289569279,3.3418989526774,97.0204113916689,1.56997785919676,99.236542,42.764305,598834.0,62.0875988055811,1.44688360690842,11.1222194980609,77.804890906266,68.8003945488975,21.56898324563,71.0,1401.8122,83.304,1318.5082,3634.1503,0.0,978.4603,0.0,830.0402,26.0,2.7,23.3,1,-1.5949988587227748,-0.7458157863401602
Puebla,Acateno,9.1,-97.21516543044264,20.10036008149229,144.0,2.9256712328767125,24.90986301369864,50.7123435930092,3.52063247204011,49.5179328962592,1.99540983606557,92.888534,41.136802,5000.0,57.7354874041621,10.5820105820106,7.17776797529775,75.1363140676118,43.8488237562669,18.1257231006556,24.0,50.65,50.65,0.0,107.05,0.0,5709.0314,0.53,14.87,69.2,14.0,55.3,2,0.3700989848331319,0.7458794586979312
San Luis Potosí,Tancanhuitz,0.0,-98.95975138801552,21.640537773027184,60.0,3.446301369863014,26.386301369863013,147.78152857206,3.88670520231214,18.0924855491329,2.09509457493245,94.36231,60.175794,15000.0,59.4569111823496,5.60197233255718,8.52211234720505,77.2610837438424,35.0481695568401,29.5183044315992,138.0,154.4757,154.4757,0.0,753.1846,0.0399,2812.3296,1.04,90.9878,78.1,31.4,46.7,0,0.5534822038686686,2.041548995885137
Guerrero,Tlalchapa,68.5,-100.44191592933257,18.46120352770681,400.0,2.8279452054794523,29.400273972602747,24.7459045660454,3.4135008766803,42.1390999415546,1.95203877005348,91.322073,28.176796,3200.0,50.0110889332446,15.9104371519962,7.5208778173191,66.3641811488742,42.8404441846873,45.7334891876096,15.0,22.25,0.0,22.25,6261.3407,0.0,54.072,0.0,59.7415,46.6,11.1,35.5,3,1.2929576679587853,0.6111698102151937
Guerrero,Cualác,165.1,-98.66153261547689,17.735045255147327,1450.0,1.4827397260273971,23.02520547945206,32.9163498178679,3.96142131979695,16.0913705583756,2.3070044709389,86.131387,45.811518,2857.0,53.4670890531503,12.2917075083317,6.81356596745736,88.1889763779528,67.8172588832487,19.238578680203,9.0,8.8,6.8,2.0,2222.4249,0.076,6.8,0.0,0.0,82.2,30.5,51.8,4,1.6621740666005356,0.9044010812358128
Michoacán de Ocampo,Tzitzio,180.7,-100.91172279219865,19.426422786150447,1179.3333333333333,9.366246575342466,22.54922374429224,9.40709719809829,3.94222020018198,34.9863512283894,2.01864367280354,79.468599,29.649805,6000.0,52.4851801185591,14.1949506771443,6.34866990128827,72.6708074534162,45.8143767060964,27.8434940855323,217.24,3.5,3.5,0.0,4812.4375,1.0,1540.0647,0.0,10.5,65.8,17.9,47.9,4,1.300513508630113,0.9060267104982376
Tamaulipas,Llera,0.0,-98.95041464219943,23.297620180105724,245.375,9.823287671232876,23.538401826484016,5.70159243591375,3.08827265029636,51.8204911092295,1.71332941867293,97.935319,38.017941,7500.0,53.2168123179359,6.98896011396011,7.8510524438102,90.0238989416183,49.2167654530059,4.74174428450466,57.0,1090.5498,168.0398,922.51,6259.1328,0.202,12705.9767,4.3,426.9405,54.9,7.6,47.3,0,-0.1815780163250111,0.192313943622137
Oaxaca,Santiago Tamazola,314.0,-98.24457483978875,17.7446258095094,1782.0,1.8777808219178085,21.60383561643836,22.1625299693576,3.95555555555556,15.6444444444444,2.21945137157107,90.616114,55.255255,600.0,41.6340066324993,11.7416829745597,6.61729200652529,85.3073126962764,66.3111111111111,44.3555555555556,4.0,18.45,1.5,16.95,1057.9976,0.0,12.9268,0.0,2.6765,74.0,21.4,52.6,4,1.7337445110997518,0.4287086676096083
Oaxaca,Nejapa de Madero,141.3,-95.99303923100912,16.563162944661855,638.0,1.992931506849315,26.36164383561644,16.8383568184377,3.56316916488223,34.6895074946467,2.02383848212114,94.221585,55.279503,1143.0,60.5777777777778,5.48790131266804,7.4627196454013,74.1935483870968,65.3533190578159,5.39614561027837,42.0,62.86,8.71,54.15,1610.767,0.0,3287.256,0.0,138.45,66.7,13.8,53.0,4,-0.4310375718342129,0.0195519009800114
Campeche,Escárcega,66.8,-90.76086655707454,18.57968913770121,77.5,8.355260273972602,27.245890410958904,12.5275781606861,3.56103538976566,49.2168818747011,2.21713711178968,95.212629,45.771937,33000.0,64.2593940998654,9.88312340161094,8.18460655070938,77.4577374297014,64.6401243424199,9.66642754662841,373.0,843.5323,842.1573,1.375,11095.7538,2.5057,8226.3162,19.0456,1789.2405,68.1,17.8,50.2,3,0.1409538141235967,0.250423867503075
San Luis Potosí,San Vicente Tancuayalab,7.6,-98.5964414467529,21.81262039096781,57.5,4.05027397260274,23.86986301369863,28.8101081053852,3.59363702096891,17.6428054953001,1.84872907625542,98.322318,28.219697,6000.0,54.6656623985271,8.71633752244165,8.35717494833318,83.0444964871194,40.9014220294047,16.4376958303206,300.0,682.638,680.53,2.108,1884.9399,0.5,10405.2285,0.5,227.9035,77.3,24.4,52.9,2,0.8322719702865452,1.441205937286569
San Luis Potosí,Aquismón,0.0,-99.06357277234216,21.74810808514788,369.0,20.659369863013698,24.80429223744292,60.8909727959974,3.86803660298603,14.6171135013646,2.24769913571595,93.511827,72.769486,20000.0,60.2228137090799,12.1072704158847,6.95680378307921,77.6194710395169,43.6105313854551,22.1223310322684,424.0,263.8343,259.4917,4.3426,2306.6497,0.3907,12317.6573,1.0847,216.7458,91.3,49.0,42.3,0,2.247815266822515,2.77237322148985
Oaxaca,San Miguel Ejutla,0.0,-96.73325667051552,16.593961692823235,1446.0,1.6143287671232878,19.36575342465753,106.918054256898,3.75409836065574,22.9508196721311,2.00877192982456,98.340249,93.0,140.0,63.0979498861048,10.0244498777506,7.22371638141809,63.4464751958225,68.5245901639344,43.6065573770492,6.0,3.025,1.0,2.025,353.3452,2.55,51.05,0.0,5.584,61.4,15.1,46.3,0,0.0790218017378396,-0.0085931680584024
Puebla,Teotlalco,27.1,-98.8376205892604,18.44938502783321,979.0,2.4120821917808217,25.49095890410959,26.9768708491617,3.58507462686567,24.2786069651741,1.84762396694215,92.892157,71.559633,3500.0,41.6725476358504,7.2463768115942,7.47757761594481,85.9582542694497,64.1791044776119,35.1243781094527,9.0,6.9908,5.2,1.7908,1636.7921,0.0,118.4971,0.0,1.8,67.2,15.2,52.0,3,0.8424905810006293,0.1413142472209421
Chiapas,Solosuchiapa,23.4,-93.0027801999919,17.39513300163745,165.0,18.46164383561644,24.165068493150685,54.7631615464734,4.13232421875,81.34765625,2.35214007782101,94.776521,55.506608,6000.0,56.2400255346313,15.7866761162296,7.08755760368664,72.806915080014,4.833984375,26.07421875,590.0,627.2949,627.2949,0.0,1046.8201,0.0,1083.5342,0.0,27.0558,75.5,22.3,53.3,2,1.5352349144872324,2.5186488559517555
Puebla,Ayotoxco de Guerrero,2.12,-97.40905011428129,20.072027313780232,287.0,5.779260273972603,24.491232876712328,76.9043765266908,3.54168466522678,73.9524838012959,2.05026256564141,95.657838,78.249476,4000.0,61.8641390205371,9.99829671265542,7.78872039529733,81.5911306042885,46.695464362851,13.9956803455724,165.0,243.1656,243.1156,0.05,790.6104,0.0,4431.5579,0.0,11.8312,76.0,20.8,55.2,1,0.4349850997049714,1.044290580757871
Durango,Gómez Palacio,0.0,-103.5070712280564,25.711625904642908,1180.0,0.3207397260273972,21.497260273972604,442.48079277692,3.6067378512139,88.4912902848681,1.72198205584489,98.679039,44.474264,350000.0,59.2181255840094,1.89426872717721,10.1059565275888,78.7584171696848,64.5639296987647,22.1883402829196,357.0,14523.31,30.79,14492.52,27754.1393,0.0,3364.7984,0.0,3974.2499,28.9,1.9,26.9,0,-1.4313674593681058,-0.696896807054428
Sinaloa,Guasave,24.9,-108.56953627508504,25.48779798600175,26.33333333333333,2.276904109589041,25.32178082191781,98.4866497518004,3.65413466115979,80.8044157949589,1.80604002086275,96.389845,21.115682,300000.0,56.8440504794868,4.75232713524065,9.60643077401704,79.4719563188997,47.3720101388299,3.70298889617993,5699.0,117666.776,314.12,117352.656,181483.5789,622.798,3073.4227,5.04,815.3222,35.0,4.5,30.5,3,-0.8126121055384761,0.0688301529682052
Chiapas,Comitán de Domínguez,24.1,-92.17531518265532,16.2911677007274,1753.0,4.6691232876712325,19.425616438356165,169.943433894728,3.72983943712791,56.8712790907451,1.88224777954908,98.787925,31.724385,157500.0,65.1349442292616,9.28987798044676,8.54675162648938,58.040173789551,83.2694389319863,39.3536893379037,577.0,761.9109,471.095,290.8159,13273.5042,306.565,552.496,0.0,533.6014,68.8,18.6,50.1,2,0.0621273778196048,-0.3029305862561596
Jalisco,Jilotlán de los Dolores,6.1,-102.88968583874656,19.31686965667867,740.0,2.3265753424657536,24.879589041095887,6.38444023055245,3.43597800471328,58.0911233307148,1.79778051787916,91.522367,12.542047,1300.0,60.4781420765027,13.2119788608338,6.39491255961844,61.2201591511936,70.9740769835035,10.369206598586,55.75675675675676,9.5,0.0,9.5,12142.3284,19.9,6090.1179,0.0,426.6097,53.3,10.2,43.0,1,0.3634581304180217,-0.3788888443178721
Nuevo León,San Nicolás de los Garza,9.1,-100.26648650943264,25.735838076336023,515.0,1.5536986301369864,23.944109589041098,6854.07317318688,3.38305931458338,99.6951695465339,1.45143931192321,99.537014,21.250624,453272.0,56.9821260687921,1.23881803719062,11.9171273458171,84.3461531929966,9.71924375754887,1.27601534833658,156.27777777777777,1412.2353666666666,1016.3058904761906,395.9294761904762,0.0,0.0,0.0,0.0,0.0,10.8,0.4,10.5,2,-1.4761470717826215,1.0921814309415907
Veracruz de Ignacio de la Llave,Chalma,0.0,-98.38356235895988,21.21032021942781,75.0,1.8174520547945203,25.16,88.9947573791727,3.54015748031496,16.6141732283465,1.7905217045002,96.856582,42.114537,15000.0,51.3267767674893,15.0971599402093,7.31385842472582,70.6586826347305,58.241469816273,14.9343832020997,235.0,381.7693,381.7693,0.0,1257.8883,0.0,2047.7618,0.0,32.6905,67.8,19.0,48.8,0,1.5314831489654317,0.5572121577352577
San Luis Potosí,Tanlajás,0.0,-98.8299882989386,21.74486334656616,67.33333333333333,7.659890410958904,24.92328767123288,48.5819218036499,3.64869775893398,9.26711084191399,2.05042589437819,93.181818,35.0,2500.0,57.2973350076741,5.91117917304747,8.07245375700361,85.1713532513181,26.7312739753685,20.3916818090046,207.0,215.7759,215.7759,0.0,1612.7034,0.2433,10211.1871,1.2702,151.249,85.8,42.4,43.4,0,1.2744063701748225,2.951761434774942
Michoacán de Ocampo,Buenavista,15.4,-102.55514951815788,19.214509602831622,419.0,2.045616438356164,27.98794520547945,49.3709783747272,3.58233663366337,78.6059405940594,1.99730505853766,95.709331,32.697838,50000.0,72.9018886650903,14.5084574920465,6.39907302307983,49.440028108393,59.2237623762376,42.6376237623762,34.0,204.57,34.0,170.57,3513.0227,4.0,32961.0131,18.1848,257.376,51.9,5.6,46.3,2,-0.3543506679662074,-0.2525433987397988
Oaxaca,Heroica Ciudad de Huajuapan de León,120.0,-97.87753206081769,17.84729540651758,1889.5,3.076164383561644,21.44664383561644,240.359849809078,3.84407299342268,62.6823599228525,1.82211482063675,98.091564,66.925321,40000.0,64.1429675806372,5.06575570384268,9.54241709104459,52.0156295889571,86.7068888778992,62.0097918006033,26.0,41.58,25.73,15.85,1395.0575,11.0,52.97,0.0,10.8405,45.4,10.4,35.0,4,-0.8451546176041538,-0.8829728463255323
Morelos,Ocuituco,4.1,-98.77727578861322,18.8791091493474,1941.0,2.869917808219178,19.70328767123288,222.058219188551,3.85625251306795,19.5617209489345,2.0451296276539,97.279793,72.226269,8640.0,64.6054299246214,4.30718343280362,8.59181909837246,76.1902284197929,70.0040209087254,53.2770406111781,16.0,15.545,14.56,0.985,2558.5983,4.6,3516.7115,0.25,15.4195,75.1,21.7,53.5,1,-0.3793460041158053,0.3234115075752622
Chiapas,Huehuetán,96.3,-92.42883418645044,15.021305218299217,41.5,0.3517808219178082,30.539726027397265,119.842774682761,3.80330959363217,57.9388353581902,2.2119956113617,92.956493,45.32925,24000.0,63.306916426513,13.4067559153176,8.13125170545355,58.5390691657722,15.7624633431085,53.351487222455,248.0,651.3655,645.8655,5.5,2028.2359,0.025,16702.7199,1.5,310.3121,56.2,13.4,42.8,4,0.4074417581418225,1.638184752083788
Chiapas,Suchiapa,214.6,-93.12694547591424,16.59463074554528,500.0,0.0,26.36767123287672,90.2725049862531,4.03038413098237,54.0774559193955,2.42455242966752,97.975852,28.359724,22000.0,55.5834958431695,10.3643634747834,8.66870585618152,60.5533226674991,67.0182619647355,45.1353904282116,577.9782608695652,4.25,3.25,1.0,6283.5609,0.0,70.88,0.0,56.1098,70.9,23.1,47.8,4,0.9256024344687512,0.5026795247071455
Quintana Roo,Lázaro Cárdenas,219.4,-87.42705137880881,21.077614616587283,13.8,12.552630136986302,24.64602739726028,8.11810598805947,3.68491591857378,44.4177519281831,2.42120129600399,83.965098,57.16862,3000.0,62.328122900524,7.55011461737307,8.27555555555556,70.5118096739913,75.9388038942976,14.4898217220888,44.0,67.4782,67.4782,0.0,2549.9008,2.0,2699.2032,2.8,220.8269,65.7,20.0,45.6,4,0.0601893459558668,0.0254911047952835
Sinaloa,Angostura,36.3,-108.14646632744136,25.117605543497124,6.0,1.356986301369863,24.350684931506848,23.1827172282531,3.37184143420138,86.3766324086237,1.69213169426455,97.221803,29.409679,87500.0,54.4490599038041,4.28704838615537,9.15373827679902,89.8714081600254,66.8109110578781,6.59918089792134,1821.0,36327.3678,1873.37,34453.9978,68103.8879,48.5,1079.3065,3.0,407.0861,26.0,2.1,23.9,3,-0.8717730576172842,-0.7084088937310824
Morelos,Tetecala,118.2,-99.41560130968236,18.68781964772244,986.0,2.614657534246575,25.734246575342464,112.538716232689,3.1916142557652,64.0670859538784,1.73236231224397,95.860285,62.505674,5500.0,59.1093775394117,6.12525808671714,9.09979317476732,86.7533149533937,81.8029350104822,28.2180293501048,7.0,6.68,2.5,4.18,849.4581,0.4,539.7346,0.1,2086.3356,58.6,8.8,49.8,4,-0.5335979754802317,-0.842718433451955
Jalisco,Tequila,0.0,-103.81012832135626,21.115816991908304,1180.0,2.4033972602739726,23.78356164383561,26.1979944116996,3.97114866079454,86.0956318533166,1.88091791553134,97.176731,33.644222,50000.0,61.9572870218259,4.09371537122052,9.22538876547128,67.9435438414538,86.554017616394,44.8229372640662,55.75675675675676,300.7456456521739,61.97996521739131,238.76568043478264,2989.5238,1.0,10996.1278,401.0,52.065,40.6,6.4,34.2,0,-1.0620951366144038,-1.1095277689267544
Guerrero,General Heliodoro Castillo,7.2,-100.02320627074758,17.720098734035624,1539.0,3.5567123287671234,15.153424657534249,21.5748060402264,4.39623534982834,31.9876879365455,2.88986612702366,75.656897,29.551451,12000.0,59.1807360149381,10.8764749423085,6.38779424585876,79.1834433886294,48.9049366639043,18.1129395051498,24.0,34.8,33.55,1.25,13013.775,0.0,514.3,0.0,34.65,94.6,57.7,36.8,2,2.5971187170934398,3.101947956090946
Veracruz de Ignacio de la Llave,Pánuco,16.6,-98.23295044960956,22.080521433440623,17.0,9.551863013698627,26.323260273972608,30.3600164107477,3.38563293601669,55.7174689633219,1.87328713491504,98.582801,30.32532,70000.0,58.2798776917572,5.38032362639656,8.56557045951555,76.642927691428,40.3423761185583,8.84235843384147,822.0,6155.6002,5542.18,613.4202,22777.674,0.5663,53144.0841,2.0837,3698.1276,48.9,7.6,41.3,2,-0.6469569908289997,0.4393808934402836
Oaxaca,San Miguel del Puerto,58.5,-96.09826248059537,15.95152091453728,361.0,3.204931506849315,26.73260273972603,16.4669279803128,3.59763812737242,21.9316743989878,2.24512387981023,96.287367,97.401247,2000.0,57.0246690734055,16.4254350300862,6.3408203125,78.2013799555608,42.2606495149726,24.926191480388,7.0,7.7625,6.0625,1.7,919.7546,0.016,1444.0108,0.0,43.5804,47.1,8.1,39.0,3,0.8394354651929258,0.4573545072420412
Michoacán de Ocampo,Penjamillo,0.0,-101.8987281265392,20.09460254608037,1747.3333333333333,2.846219178082192,19.94301369863014,44.770700728095,3.44025678194243,49.471940360323,1.69427726206263,94.54622,37.181208,6000.0,49.4671269888922,8.47053209257934,6.65173375846951,71.5480416340774,77.925036239387,27.3555601573825,55.0,315.61,20.48,295.13,13299.1806,0.0,215.1591,11.0,30.1,49.6,7.0,42.6,0,0.1686543808820219,-0.7884577540453227
Jalisco,Tomatlán,24.8,-105.15096248836052,19.9375680555087,136.0,0.970027397260274,27.679178082191783,12.0459070963118,3.5,57.4145587951342,1.84989526388392,93.825628,27.932195,46261.0,64.9228561176893,7.7536260061438,7.75529384237414,82.9992289899769,65.8235180536783,9.70264529832014,400.0,2288.923,549.25,1739.673,9636.7708,17.5,33058.4884,74.2,102.357,46.2,6.6,39.7,3,-0.742859296721454,-0.4113696279440145
Guerrero,Petatlán,9.0,-101.1335012731221,17.6329515715332,40.0,1.9808219178082191,27.056164383561644,22.6118410585434,3.43776094015772,52.5050255141487,2.01642468239564,91.060153,28.829139,50657.0,60.9762494535917,11.4576442050216,7.96191588047834,71.1481955005271,51.2293180763878,18.8495438379465,123.0,282.3127,196.3127,86.0,10011.2925,0.5,39175.1145,0.0,536.4194,55.0,19.0,36.0,2,0.5720555326762627,0.7824406807503275
Guerrero,Copalillo,4.6,-99.04751627252082,17.981180217085807,950.0,3.669534246575343,26.8,21.2945575773232,4.4544409313021,5.34636389767175,2.71211060553028,69.925512,26.790831,4000.0,47.3360107095047,24.737616478666,5.41512027491409,87.7868957558661,52.8312733544122,8.53693590112101,43.0,70.12,13.1,57.02,4255.6422,0.08,349.0547,0.01,9.175,94.2,57.8,36.4,1,4.966836545064308,2.9779110207904043
Chiapas,Huixtla,92.0,-92.50399117451671,15.12212320918094,40.0,12.156575342465752,29.5,134.403477455842,3.68472075869336,70.4952581664911,2.13160141480668,96.634684,27.957344,27500.0,59.2092177077016,9.72287952884261,8.33684543251501,56.9043236542579,24.3343870741131,14.0779768177028,215.0,362.46,362.0225,0.4375,1068.5698,0.0,15015.9145,0.0,398.136,57.0,12.3,44.7,4,0.0971527879658792,1.289178241350251
Nuevo León,Apodaca,0.6,-100.18506896539378,25.78709639176854,430.0,1.1,25.16575342465753,2930.43083026811,3.58795840054614,99.65700820868,1.69738981355067,99.631368,23.027137,648000.0,64.4149265385018,0.913036299257381,11.347228657774,84.125557532477,17.5613999350353,1.18367953665828,156.27777777777777,0.08,0.0,0.08,25.04,0.0,623.8046,0.0,56.2166,14.2,0.8,13.4,1,-1.8814058788743055,0.854462435030987
Sinaloa,Cosalá,58.8,-106.79662386462326,24.5161606813432,371.6666666666667,6.784684931506849,24.774566210045663,7.83224833569215,4.04126679462572,68.9539347408829,2.00380680466334,88.072917,21.205927,11000.0,57.2690323589182,7.01529522344698,7.89601163984937,85.2104396896308,59.8368522072937,8.22936660268714,31.0,62.0,22.5,39.5,6777.407,0.0,1620.75,0.0,86.58,51.1,11.7,39.4,3,-0.1755788076200521,0.0819112919843308
San Luis Potosí,Rioverde,1.0,-100.24818934700208,21.979264351869155,1026.5,7.665589041095891,22.19107305936073,31.9657280869586,3.5957344570119,67.1028313742885,1.72537747733362,98.176696,42.428305,105000.0,60.9634765574658,7.7561177934467,8.63392572687103,79.3247092696773,77.7149404893916,15.9126192060324,1066.0,2342.5494,721.5318,1621.0176,12964.4332,49.9249,6030.3875,0.28,778.6318,56.3,11.5,44.8,1,-0.2836208323571142,-0.5323776499717507
Michoacán de Ocampo,Tepalcatepec,29.1,-102.84998914643444,19.079152332102005,409.5,3.244109589041096,27.726506849315072,30.1635038209606,3.30030361578802,69.6660226331769,1.85360936651935,97.060536,15.602837,50000.0,64.2993732072665,12.0305030730708,7.17894196784859,47.2542992439977,65.1393872481369,47.7918851780293,53.0,553.519,69.75,483.769,11034.0151,0.0,15183.1231,0.0,116.57,30.6,2.7,27.9,3,-0.3723249066723244,-0.614145112877687
Jalisco,Ixtlahuacán de los Membrillos,0.0,-103.20504034699287,20.40302523314474,1535.0,4.738191780821918,21.417534246575343,337.750579961745,3.44208709775657,91.9957364734545,1.97265534093554,99.073494,89.089238,49980.0,64.6897650648064,2.83012881528016,9.0127731805644,69.0461828186379,40.0365445132474,11.5064460460867,42.0,402.355,63.095,339.26,7709.1757,10.355,7629.2793,0.0,224.9198,35.8,3.5,32.3,0,-1.5134998012989809,0.2627978241266856
Guanajuato,Celaya,0.4,-100.83072230070464,20.5225361284879,1751.25,2.794520547945205,18.561506849315062,942.340619838094,3.62468858385032,92.1749931959497,1.64829160216534,99.34178,35.760703,376680.0,62.8007125521562,4.36935788238894,10.1092735817921,75.4899082639221,78.490128893138,42.0301890479215,419.0,1648.9811,239.634,1409.3471,15030.4695,107.0172,5726.424,10.77,519.8755,40.5,5.1,35.4,1,-1.1383059597251617,-0.9239948000064144
San Luis Potosí,Ebano,0.0,-98.44426772948988,22.168364442193138,77.0,3.128767123287671,25.905479452054795,58.54871294719,3.48094668489405,46.3602187286398,1.91001172332943,98.368788,32.304278,12000.0,57.8531843091117,7.02670346845798,8.45816268771019,80.3736032665835,56.1261107313739,43.6517429938483,435.0,6249.47,2364.845,3884.625,29529.9066,0.25,2664.065,0.095,381.8953,59.5,12.9,46.6,0,-0.142194433920217,0.2699935330885769
Hidalgo,Metztitlán,0.0,-98.82909563599318,20.56464911811654,1308.0,1.40986301369863,21.90294520547945,26.3041069337935,3.36166452442159,33.3868894601542,1.84067915896895,89.368662,61.336315,14000.0,56.7416720521708,8.66691842900302,7.52551020408163,66.5919282511211,71.754498714653,19.0552699228792,626.0,1241.6526,91.764,1149.8886,5938.13,9.4,606.8564,2.142,35.7243,51.9,7.7,44.1,0,-0.1468908541700085,-0.5435209831322675
Coahuila de Zaragoza,Múzquiz,564.0,-101.6740836644306,28.349261927825083,430.0,0.9671232876712328,23.13287671232877,8.64180072622253,3.46712853059445,92.7910469453999,1.73755033886652,98.491212,19.388369,83330.0,52.5424961367148,2.89315773067332,9.15545034822756,81.991427813534,32.0284869919093,6.20609466595611,145.0,1161.065,909.375,251.69,2009.4495,0.0,7842.978,0.0,627.0814,29.0,2.1,26.9,4,-0.9491733607727184,0.4416505704837285
Sinaloa,San Ignacio,184.6,-106.2752979159664,23.924931343401493,61.333333333333336,3.5823287671232875,24.7837899543379,3.84703967862779,3.31273712737127,74.706413730804,1.74119099629594,89.100232,19.511059,24000.0,54.7541193819324,7.22153380145945,8.03518940178017,86.7264803896437,52.9539295392954,7.29900632339657,382.0,3321.1523,280.2073,3040.945,18426.6324,2.0,3895.0889,0.5,436.3519,47.0,7.2,39.8,4,-0.2525152658117514,0.0451674670001333
Coahuila de Zaragoza,Sabinas,29.3,-101.07277303784645,27.94245937098209,339.0,1.2924931506849315,22.60602739726028,32.7948571915758,3.20526654457259,98.2230361827451,1.60231803660318,98.959283,19.075463,80000.0,58.5076082715568,1.78667997836848,9.97970337303657,83.930197034454,38.3210414294907,4.2171954660199,80.0,542.2035,268.4535,273.75,894.9535,0.0,194.0,0.0,105.43,20.6,1.3,19.4,3,-1.4392678079852843,0.1943333451135361
Morelos,Coatlán del Río,218.6,-99.45218464961164,18.734270481956266,1124.0,5.749917808219179,24.469726027397265,126.141598735083,3.23444816053512,48.3612040133779,1.77869757174393,92.552823,63.596491,4500.0,49.1860873638599,7.9019412643106,7.8191231845078,75.0,75.2508361204013,23.3110367892977,17.0,12.68,3.8,8.88,2770.4279,0.85,324.1284,3.25,4.4449,60.0,10.8,49.2,4,0.3082918046316468,-0.4799455748027754
San Luis Potosí,Tamuín,0.0,-98.69319023713943,22.08189344630824,49.16666666666666,11.663671232876712,26.539132420091324,20.0557988184643,3.50650468720107,38.4828773675148,1.88710424710425,98.20137,34.515464,55000.0,58.0596606458675,6.66813784986575,8.50874673148455,84.3459207963644,47.4172565525158,17.7826669217524,379.0,2187.867,1425.4845,762.3825,14931.3783,0.0,26056.7417,0.0,959.2905,61.7,21.0,40.7,0,0.221574530177094,1.0182487713995414
Campeche,Campeche,52.7,-90.25414393170207,19.59187944610829,18.22222222222222,32.82071232876712,26.78649706457925,91.2054436723664,3.43829537450106,82.9420051655318,1.90661866844051,98.309731,40.172747,220000.0,62.3041036609008,3.74692576353658,10.7220605149075,80.366026584874,84.2932613289505,11.494482272834,222.0,2233.3917,1861.9684,371.4233,42378.6428,22.4431,15494.182,3.3779,2152.9588,32.5,4.7,27.8,3,-1.2119645909839871,-1.1630520823008106
Querétaro,Querétaro,0.2,-100.48567618856684,20.725893682484863,1959.6,4.204657534246575,20.934246575342467,1537.57341491379,3.4248277308996,95.3643057112698,1.52005976118914,98.910778,49.307954,1123330.0,66.8365140481571,2.47716764462541,11.4269386094173,79.8236196830374,85.0389777279492,20.8539040013637,107.0,523.1477,174.8302,348.3175,9530.1843,21.4,478.2552,1.171,291.7715,24.7,2.2,22.4,1,-1.7366099781866722,-1.305332639153208
Jalisco,Colotlán,1.5,-103.27430838689077,22.098420826134983,1643.25,2.9400547945205475,19.41575342465753,30.3793819141898,3.41937740468695,97.8139209513816,1.60677297386158,98.487017,84.346035,19500.0,58.7636085821608,3.79807038999864,9.70143469096349,72.7360455076439,95.7852395942637,9.42637285764253,17.0,87.5625,2.25,85.3125,4480.4204,0.0,140.37,0.0,105.0538,37.7,2.5,35.2,1,-1.1362060494620172,-1.641611715415766
Jalisco,Tamazula de Gordiano,6.2,-103.17005842019756,19.685362327233463,1305.0,3.720438356164384,23.013150684931507,28.565844870781,3.32731690385283,94.9236376258244,1.61041579168417,98.876101,33.519236,44000.0,57.8952445258995,6.79048171793384,8.01368316628468,81.2578616352201,88.545643873655,11.6365845192641,5.0,14.43,13.5,0.93,5384.402,82.15,8346.9189,20.5,177.858,31.6,2.4,29.2,1,-0.7183534777496119,-1.40840419355207
Jalisco,Zapotlán el Grande,6.2,-103.51063937071196,19.697343579286148,1515.0,2.18,21.29931506849315,421.002865495028,3.61004487730354,98.303574270346,1.63019508057676,99.784969,61.389989,140000.0,64.6805111821086,3.17655972588178,10.5461991616631,78.9293127556648,90.9608835418059,42.1528374550431,55.75675675675676,6.0,6.0,0.0,1443.7443,1.41,9991.325,786.5,83.4849,26.4,2.3,24.1,1,-1.5314378695911155,-1.4928978011841412
Veracruz de Ignacio de la Llave,Coatepec,31.9,-96.93358999547104,19.44483234402645,1306.6666666666667,11.97808219178082,17.644657534246576,464.176249807585,3.3976880733945,85.1889908256881,1.69778536173648,99.493571,40.912578,70000.0,62.8172329103561,6.21238938053097,9.65976105398107,73.6857237171364,72.7155963302752,14.143119266055,238.0,434.3051,353.7487,80.5564,431.4528,0.903,5827.8245,5.5964,87.3468,53.0,7.6,45.3,3,-0.7767474079982042,-0.5819068306029898
Oaxaca,San Pedro Tapanatepec,168.0,-94.28522715896136,16.303723674660084,23.0,5.535890410958904,26.116438356164384,15.5767196717104,3.39316811788346,31.1006921187765,2.06438467807661,94.602596,44.002393,5500.0,64.3729096989967,13.4368791764493,7.15412445730825,69.190516183216,35.0971198928332,19.4463049787899,40.0,87.05,75.05,12.0,1784.3842,0.0,12496.4039,0.0,300.1522,53.8,14.2,39.6,4,0.3975147643497215,1.0434851794425375
Coahuila de Zaragoza,Matamoros,0.0,-103.19486043105684,25.573180626007986,1120.0,0.7103013698630136,22.64493150684932,146.811945429423,3.77787755363843,78.5446265353901,1.79402844035299,96.784861,51.858666,38284.0,58.3499531052921,3.11735019432682,9.15808224281656,76.5626980572433,56.5504634232385,13.3671145890125,365.0,7283.862,178.67,7105.192,17831.9436,110.0,4454.9405,0.008,1136.01,27.9,2.4,25.5,0,-1.2059771837939572,-0.3614012204643201
Campeche,Hopelchén,16.6,-89.6207123453666,19.53926338273252,98.75,22.85087671232877,27.119657534246578,5.41654645755309,4.11477172744159,41.53876234236,2.36828759790387,83.840447,36.729009,8000.0,63.7349435680187,16.6752834936063,7.49594673841802,77.2781205505458,68.9803499853358,17.3624010167172,186.0,3090.6721,2881.0905,209.5816,81075.6119,0.005,5376.3559,0.0,1153.4279,74.9,21.7,53.1,2,1.2283694593438683,0.3409424919275748
Michoacán de Ocampo,Cuitzeo,70.2,-101.11362801746304,19.98790249734349,1831.0,2.0714246575342465,21.20945205479452,117.569121180925,4.0623726049735,81.3561625220818,1.86494073611978,98.00995,44.970229,12700.0,56.8639154160982,8.84911188427028,7.32078154382424,55.4998328318288,75.2004348416904,31.0096480500068,37.0,133.79,21.5,112.29,2635.7139,0.0,257.4758,5.0,17.7806,65.3,13.3,52.0,3,0.1600051811439633,-0.3340736430857283
Tabasco,Cárdenas,43.6,-93.70522013016225,18.16924220436494,14.25,0.0,28.05619863013699,118.701079531273,3.6096613323409,50.5708969110532,1.97525050916497,96.983854,31.595611,76330.0,59.958995386981,5.47687658138881,8.84276290715061,66.6992833913719,36.7190174916263,3.93152214365463,1352.0,3289.498,3287.4965,2.0015,6898.3209,0.4,62845.2294,1.3,1442.8811,56.1,14.6,41.4,3,-0.3589355782975951,0.9963356234729184
Chiapas,Coapilla,0.0,-93.10960084471608,17.11828551646044,1618.0,2.1115616438356164,19.76164383561644,63.8667277452526,4.02864157119476,50.6546644844517,2.2618883528601,92.892266,57.307954,4000.0,58.7641866330391,11.136607006272,6.96480489671002,80.2828282828283,56.7921440261866,40.2209492635025,20.0,27.45,27.45,0.0,2084.9156,0.0,849.4351,0.25,16.1615,82.9,25.7,57.2,0,0.9932323658118642,0.992477360525454
Oaxaca,Santo Domingo Teojomulco,19.0,-97.28094316853526,16.58952693506656,1255.0,0.9729041095890412,23.437260273972605,23.4299127325069,3.98325722983257,56.6971080669711,2.188127090301,97.71987,96.260388,800.0,34.0364583333333,12.5427594070696,6.43774985722444,95.3041825095057,25.4946727549467,30.8219178082192,141.98648648648648,1.86,1.86,0.0,641.366,0.0,314.4895,0.0,4.0,86.4,25.6,60.8,2,2.4459674596765115,2.0245630125862504
Veracruz de Ignacio de la Llave,Orizaba,31.7,-97.11064661808317,18.85923011756296,1237.0,5.058904109589041,20.225479452054795,4449.49018119188,3.2562822079371,89.9537799500611,1.56275979904623,99.671185,53.895481,106334.0,57.9183128106045,2.47871123216654,11.3499908772072,75.4858664415255,82.1601232534665,31.7112043776231,709.6739130434783,0.05,0.05,0.0,7.11,0.0,27.35,0.0,2.6098,32.2,3.4,28.8,3,-1.212495696019203,-1.1364042778728258
Chiapas,Tecpatán,7.4,-93.38650603886782,17.15724468777485,290.0,7.68,25.20465753424658,41.0730901309674,3.67588591184097,82.5583405358686,2.36924791086351,94.731235,34.482759,12000.0,55.6475716064757,12.9633394321339,6.86052346080825,38.8873331466443,17.7873811581677,68.1071737251513,148.0,180.35,180.33,0.02,2448.0254,2.52,5076.3136,2.5,58.2928,83.2,30.8,52.4,2,1.6496854690615907,2.5796576478986983
Morelos,Mazatepec,4.1,-99.358438969619,18.687552477555407,989.6,2.7732876712328767,25.089315068493143,166.697317064447,3.31830790568655,55.2704576976422,1.70674277559757,97.236003,67.26257,10000.0,53.7696875806868,7.14187611591814,9.05942368675031,80.3687972650989,79.1608876560333,20.4923717059639,17.0,38.22,3.0,35.22,1811.2047,8.75,817.5404,0.3,36.68,49.0,7.9,41.1,1,-0.1753357584342084,-0.7775464816825498
Tamaulipas,Soto la Marina,4.8,-98.0503244837065,23.875755526235245,81.14285714285714,6.5500273972602745,24.843470319634704,3.52510840661159,3.04331941544885,53.1706680584551,1.7675864160097,98.284625,25.598698,28000.0,58.5622226917389,8.62206066113825,7.87590409476622,87.5765640180797,62.2912317327766,7.9723382045929,191.0,5941.93,3958.55,1983.38,19274.1045,0.0,2994.25,11.42,1296.8424,51.9,7.2,44.6,1,-0.2727271051294322,-0.27682404078454
Yucatán,Progreso,39.4,-89.68063121130069,21.245678007024395,2.5,3.4343013698630136,26.8986301369863,153.438426906595,3.56116862702586,90.0428207490921,2.07056222362603,98.612673,46.871942,62000.0,62.7619278637135,3.38999861146926,9.32943543567473,69.0173918312932,82.8012358393409,38.5332538348962,41.90243902439025,259.23385909090905,42.62917727272728,216.6046818181818,0.0,0.08,14.6384,0.0015,39.2716,42.1,6.3,35.8,3,-1.1978480264718183,-0.9906933402906404
Oaxaca,San Pedro Pochutla,174.3,-96.42973444677104,15.790020651965891,84.0,2.855068493150685,28.27287671232877,108.337324882995,3.78944874427421,53.0405939030169,2.26266151089314,97.301374,69.320312,30000.0,64.9677190879621,12.9684099064651,7.7937764955252,61.2832959920339,68.2593587111041,37.4980255883747,33.0,29.897,29.1656,0.7314,3152.3429,0.25,1634.2409,4.5,40.6201,46.8,12.2,34.6,4,0.2038853448240579,-0.1678005074708672
Sonora,Santa Ana,2.6,-111.0397788877159,30.457516494075,670.5,3.253945205479452,21.76828767123288,10.9733183178814,3.2858883248731,97.502538071066,1.54955472565355,98.063973,14.315257,30000.0,55.3900763947835,1.70614543647507,9.86171447521141,80.7875084860828,18.9035532994924,2.01015228426396,64.0,425.4047,17.0,408.4047,1298.4452,42.0,1383.1538,0.0,228.125,27.3,1.7,25.5,1,-1.2673063865802212,0.8594652636901791
Campeche,Tenabo,0.0,-90.18696821611503,19.963773482709403,50.0,11.1113698630137,28.80958904109589,10.8201104924634,3.73790849673203,38.6274509803922,2.26854422848076,77.959332,57.865787,4500.0,64.7438034900522,9.72155544887182,8.7492795389049,81.4268250087321,75.359477124183,12.0588235294118,42.0,51.7627,49.8117,1.951,9150.5297,0.25,1369.9744,0.25,90.4274,53.9,10.6,43.3,0,-0.2776611845396538,-0.4963389003838686
San Luis Potosí,San Nicolás Tolentino,0.0,-100.4425682773546,22.148274285809386,1346.5,0.4996712328767123,22.46301369863014,6.90242007830624,3.16933333333333,39.6666666666667,1.51594387755102,93.311897,47.555556,4000.0,43.7406109163746,13.8506355932203,6.4108136761198,81.5233312408454,70.5333333333333,13.4666666666667,23.0,73.21,27.31,45.9,1360.7168,0.0,73.2216,0.0,3.373,51.3,6.8,44.5,0,1.1345242029568283,-0.5545475723111067
Morelos,Tepoztlán,220.1,-99.10255262835317,18.99154911291343,2836.0,3.999835616438357,15.903561643835618,226.85248654532,3.52558408959259,55.9696209049366,1.76300782886047,97.500961,72.345526,18121.0,67.8023773812988,3.38679222734769,9.93715873167928,61.6818520741266,83.2013902297741,61.395378773251,23.0,34.7746,18.84,15.9346,1886.468,10.79,191.1962,5.46,33.5192,45.3,9.3,36.0,4,-1.303750699640421,-0.8306059784543383
Guerrero,San Miguel Totolapan,58.0,-100.31942886330488,17.847121627596323,730.0,10.989260273972604,26.36392694063927,10.1812541391809,4.19954727494341,32.9618666202333,2.64829252223564,61.336097,35.041938,2000.0,36.1174341913267,14.5391660795491,6.47367070745943,79.4564812129749,26.5888908236114,34.7379418422427,9.0,17.25,13.5,3.75,8967.1197,0.0,72.285,0.0,27.0,84.3,41.7,42.6,3,3.4248044231599666,2.9178437512315583
Chiapas,Mapastepec,5.6,-92.91537008584883,15.44688054186877,50.333333333333336,17.116109589041095,28.27552511415525,37.8250800509407,3.61025198210221,58.6702252924091,2.0198111135515,96.14611,33.858706,20000.0,64.0365710355106,13.1200943132814,7.13421526613254,64.0884456969434,16.5711594316665,49.3994819059581,114.0,251.6337,241.6337,10.0,6082.3375,0.0,22550.9005,0.0,783.4973,70.8,20.6,50.3,1,0.7065680923475801,2.020401146711523
San Luis Potosí,Ciudad del Maíz,0.0,-99.70472530886704,22.43092702136636,1200.2222222222222,8.072356164383562,20.487201565557733,9.62422606475503,3.77260273972603,30.8592777085928,1.91705711029505,96.537213,39.515842,20000.0,56.8709075929058,6.58612260248214,7.60542041123606,86.1312664907652,72.5653798256538,30.7347447073474,72.0,160.52,146.52,14.0,9242.8143,353.0,1301.7204,0.0,505.5675,75.6,14.8,60.8,0,-0.0485403488964968,-0.1671045701254301
Oaxaca,Santo Domingo Zanatepec,136.2,-94.34325267737688,16.440500819530808,45.5,6.002493150684932,26.83191780821918,19.316438284776,3.2740780047758,25.5505439108517,1.87976808056149,93.333333,56.476468,1500.0,58.3015841187086,11.9404594973574,7.43188687392055,79.5642073219579,34.3327142478111,33.3510214911117,147.0,354.06,342.26,11.8,2463.5377,0.0,4721.4799,0.0,16.6402,58.7,13.5,45.2,4,0.4865117081186287,1.0324874971822715
Campeche,Candelaria,53.3,-90.74446946162266,18.160287830294045,60.0,14.12191780821918,27.212568493150684,8.274573476236,3.52994870247435,42.7806276403138,2.30695514720411,90.957079,32.823941,7494.0,68.2534642032333,12.2074735782587,7.24999211580308,67.3139641463986,43.0220277610139,5.71816535908268,353.0,752.3762,717.3762,35.0,14065.2932,0.0,5377.7602,0.0,1691.1893,80.4,31.0,49.5,3,0.9118907711172772,1.7309941642284488
San Luis Potosí,Santa María del Río,25.1,-100.7382629660316,21.73523040183498,1780.3333333333333,1.305205479452055,20.46301369863014,23.444482494236,3.90115482481895,55.1869250342533,1.83954723954724,84.809594,47.102439,16700.0,59.352016847562,9.14649058449499,7.86584468808014,82.3570712136409,67.2832256801722,39.6457232335095,192.0,237.7434,52.3711,185.3723,2665.9621,30.9377,192.4099,0.0,178.2545,53.5,8.1,45.3,3,-0.2007187348599069,-0.374225604114865
Guerrero,Cuajinicuilapa,67.6,-98.6435647088843,16.477252547108087,47.66666666666666,0.5435616438356164,28.063835616438364,42.1567980113691,3.58117583603021,23.9617044228695,1.98028821025909,81.498116,27.320399,2500.0,47.2617965039911,17.0567081604426,7.01902595961837,79.156495286739,42.6779935275081,36.3268608414239,234.0,860.6309,386.8309,473.8,6937.073,0.0,16657.7258,0.0,52.27,62.6,16.4,46.2,3,1.854784598938768,0.9227771504052436
Veracruz de Ignacio de la Llave,Actopan,4.2,-96.52880933049846,19.56090363085019,116.2,14.249890410958905,24.58038356164384,48.567812494288,3.10344827586207,75.5418187234676,1.68793809002877,96.656137,35.919317,40000.0,56.4058102845448,9.33105454109322,7.35359414376575,78.1946241195918,66.7758993073658,29.9396737916139,230.0,434.5334,61.2984,373.235,4134.3426,15.25,8913.5192,3.53,287.8565,51.0,9.3,41.6,1,0.0373242963214125,-0.289676590755941
Yucatán,Tinum,63.0,-88.44373243699272,20.741211093389467,25.0,3.4706849315068493,27.695890410958903,26.9913941390223,3.93458528951487,27.9499217527387,2.40703034959662,83.244963,72.752044,3000.0,55.7880901829946,8.66236465055234,7.61013239960608,70.3937007874016,71.2989045383412,7.69953051643192,62.0,127.42,127.12,0.3,1097.2102,0.0,801.7916,0.0,34.461,84.8,32.1,52.7,3,1.1663730868934477,0.8808797799583782
Jalisco,Magdalena,0.0,-104.1158451501928,20.9106170718684,1380.0,3.1095890410958904,21.37726027397261,74.2909286995717,3.71880341880342,85.0940170940171,1.79986762637544,98.341859,38.739224,21000.0,58.1486388821971,4.3155149934811,8.78548092002091,81.5802763876773,86.9059829059829,26.957264957265,16.0,42.05,30.55,11.5,2712.9487,0.5,6885.1838,1.0,35.6424,40.4,2.5,37.9,0,-1.038990012346808,-1.3462138798597074
Sinaloa,Mazatlán,2.8,-106.41162387260576,23.47990078631061,31.33333333333333,4.700383561643835,25.13200913242009,198.090447893884,3.26362867871115,94.931881180333,1.72554462719982,98.98761,26.854425,531279.0,62.5108125954859,2.26693327316533,10.8335317883308,80.0349393049232,66.3927497198577,14.6191702544544,1175.0,10813.0429,2969.63,7843.4129,39474.4715,45.6665,9735.9127,2.12,1710.2761,20.9,1.2,19.7,1,-1.5910349857877844,-0.7653172890319507
Hidalgo,San Felipe Orizatlán,6.2,-98.55908267195652,21.24609414357829,159.0,5.73013698630137,23.3613698630137,118.806968553713,3.7646827735219,39.8742879591436,1.85936059768107,96.606288,50.385463,20500.0,56.0451370231059,18.1831539507034,6.8748390893376,76.7328276005404,45.767039874288,10.5774896876841,1035.0,1076.0011,1075.9961,0.005,4065.4587,0.101,5205.1601,0.5378,33.6084,68.9,17.1,51.8,1,1.5786310611455647,0.8610571760260004
Chiapas,Tzimol,96.6,-92.24384367701472,16.109113457925293,1210.0,2.116438356164384,23.92465753424657,46.2325245417007,3.54652658662093,18.3533447684391,2.03031790843255,96.337168,69.262807,7000.0,59.5855729531822,16.6513416367132,6.44707357859532,75.0966183574879,51.6938250428816,57.0969125214408,13.0,23.5,12.5,11.0,3819.8939,0.25,2621.5576,0.0,178.4723,81.0,20.9,60.0,4,1.3987166828340456,0.8819398578667412
Tabasco,Cunduacán,17.5,-93.23212944159364,18.08728776222722,19.33333333333333,14.358520547945204,26.19082191780821,229.255919717959,3.6477714468289,50.5964108844986,2.03777262042905,95.211992,31.64238,115000.0,61.8346567379659,4.57716767169524,8.85793610730511,62.3873463648484,31.2396826242079,2.92614090207146,735.0,1083.0057,1078.5057,4.5,3084.4369,5.0275,18654.1803,0.01,463.511,60.3,16.4,43.9,2,-0.4764395564615052,1.296091198645973
Guerrero,Zapotitlán Tablas,25.0,-98.81734048727976,17.321683507315523,2245.0,3.4550684931506845,12.86027397260274,52.5671194057003,3.94481163251818,17.1183079973562,2.80667920978363,82.607019,54.098361,1714.0,48.8768030267203,16.3843303335098,6.33275953389831,93.9020326557814,31.163251817581,9.91407799074686,81.0,88.3506,43.5,44.8506,5698.4501,0.0,194.054,0.0,4.502,91.4,52.1,39.3,3,3.5362798459544167,3.3671780038538013
Michoacán de Ocampo,Ixtlán,0.0,-102.41749513812836,20.147937656319712,1540.0,2.328328767123288,20.04931506849315,115.42452273698,3.62041023043809,78.7794378323626,1.82943058221369,98.010532,49.775919,15000.0,56.5983459187343,8.95579633713683,6.4044004611837,55.0622290588729,75.8926310458344,10.7115725500127,219.0,1325.96,23.28,1302.68,6225.0309,2.0,451.6396,85.78,8.95,47.1,6.0,41.1,0,-0.1910702135455115,-0.7785244533873659
Yucatán,Celestún,35.8,-90.2987643160319,20.92184437267582,3.0,2.089041095890411,28.36849315068493,14.0544281179609,3.54210749047821,47.6512907321202,2.32766787405963,91.384318,44.969697,1800.0,46.4307787391842,7.27302849569251,7.06980600232134,69.9249016569317,66.7371984765129,17.3508252221752,41.90243902439025,259.23385909090905,42.62917727272728,216.6046818181818,12.0,0.0,13.16,0.0,2.0,85.0,25.2,59.8,3,1.1177292690243568,0.6340688199766564
Chiapas,Escuintla,16.2,-92.55575942235362,15.351000674901588,92.0,12.35890410958904,28.419726027397264,74.1111121318607,3.91918678526048,71.6518424396442,2.24970819959148,95.82409,40.4662,16620.0,58.4178234193464,12.3215984776403,7.51640866873065,68.0703003625065,19.5679796696315,26.9758576874206,67.0,64.187,63.007,1.18,2029.8573,0.0,13183.5596,0.0,66.98,70.5,20.1,50.4,2,0.8706768330147227,1.9024929525834604
Oaxaca,Santa María Tonameca,51.3,-96.68360829973778,15.781232612846214,96.5,3.96,27.34013698630137,48.6760132387854,3.92734047508151,24.5769290482844,2.32851486971734,94.242928,86.842105,9000.0,61.4869849299189,16.0034652035807,6.52823420504513,73.9732512723399,59.3230864772551,20.4471355379599,93.0,253.125,109.875,143.25,6738.0141,2.25,1175.0104,0.755,84.8338,59.4,19.7,39.7,3,1.156229819371288,0.5610287260746998
Oaxaca,Santo Domingo Tehuantepec,23.6,-95.39600930619602,16.188899832915695,41.0,0.0868493150684931,27.55835616438356,56.5589279032826,3.47200866828337,54.9507249367938,2.00950473742416,95.502336,46.454963,75000.0,62.5138325341202,7.40410347903657,9.16613431207221,74.3072676006436,62.9276095144729,35.782467364945,464.0,1044.274,340.478,703.796,8945.926,1.018,1790.5564,0.1218,114.5315,48.9,14.0,34.9,2,-0.2788082317159429,0.1118740658207369
Oaxaca,San Juan Bautista Valle Nacional,121.4,-96.33945763714766,17.820074384877607,214.0,12.947123287671232,24.53972602739726,33.7029118209244,3.81170141223941,52.4714189643578,1.77416073245168,98.795601,68.141593,9000.0,58.6264377396233,9.79208985541881,7.5597822836294,82.7675900637274,31.6745124411567,17.9219905850706,603.0,933.8371,933.8371,0.0,5052.511,0.0,4076.3074,0.4,74.6761,77.4,23.7,53.7,4,0.7268463178458454,1.708908907625721
Yucatán,Tzucacab,91.2,-89.00869078295504,19.921956897343787,35.0,11.881424657534248,24.941552511415523,20.0447006621146,3.82791395697849,43.7718859429715,2.49820437479595,84.91931,58.685913,1000.0,63.4667802385009,10.6583942957681,7.48208982925019,85.7878274468917,64.3321660830415,7.30365182591296,32.0,164.69,42.45,122.24,2304.6568,1.01,3650.2792,0.303,365.6573,83.4,27.6,55.9,4,0.7878025300014824,0.847182766009998
Puebla,Acatlán,168.6,-98.07684545997128,18.223134912421195,1180.0,1.0154794520547945,24.33013698630137,62.3697539272895,3.72434567901235,33.4222222222222,1.97926726852824,95.807194,47.603105,26000.0,60.7195225916454,8.17603160667252,8.72044904248294,75.3181399025161,71.4962962962963,64.7604938271605,103.0,153.0554,34.4,118.6554,6049.7962,0.156,146.1916,0.0,193.1811,69.8,17.1,52.7,4,0.0722695210622866,0.0056876428214346
Veracruz de Ignacio de la Llave,Jilotepec,24.1,-96.90524889617768,19.61114694448265,991.0,6.508383561643836,19.694657534246574,294.682490038811,3.5800388852884,52.6031540289479,1.9109778597786,97.82197,68.289669,20000.0,57.0401659997036,5.40476566198517,8.44191739714128,68.4835694905035,65.4352992006913,36.3361417152733,201.0,209.0122,209.0122,0.0,208.884,0.0,1712.319,0.1,33.0682,63.0,11.4,51.6,2,-0.3827584384195876,-0.1202640691325155
Aguascalientes,Aguascalientes,0.0,-102.30548883054703,21.848584916451586,1920.05,14.169616438356163,18.64939497716895,805.52559422088,3.54486919717232,97.8995002026206,1.57903472739289,99.560992,50.69918,697540.0,64.2925082896284,1.94424380859764,10.8373396799837,81.5986469825815,75.0424002281357,46.0777912858151,88.0,1237.14,80.57,1156.57,19521.2056,18.62,2591.8498,0.0,2657.5083,23.7,2.0,21.7,0,-1.6825929641707864,-1.0195542621488622
Veracruz de Ignacio de la Llave,Coatzacoalcos,216.6,-94.37775272775764,18.13678981015771,16.333333333333332,24.39649315068493,26.19698630136986,996.042668887978,3.14830348487168,80.9163732843512,1.73982471902494,99.374373,32.018273,380443.0,61.1387039581058,4.45302296361202,10.341614495346,78.0735633959665,56.3049135159957,8.35756926373795,53.0,146.4638,130.4638,16.0,316.589,0.0,3489.1867,0.0,94.9007,43.5,6.1,37.4,4,-0.9898637433371288,-0.1245458244879518
Quintana Roo,Bacalar,126.9,-88.61642332018133,18.940788800900503,34.2,20.234657534246573,26.26722602739726,6.89180909054877,3.73603878613755,49.7755431854911,2.45206933144676,95.090873,49.336757,34630.0,61.5120383209379,11.0384048785501,7.86142925725259,79.9516214015424,85.1589154246723,9.20272939486443,507.0,1210.5766,1209.7766,0.8,16608.4016,0.0,35397.3608,5.002,1865.3285,73.5,24.1,49.3,4,0.7556413790157005,-0.0671151151652017
Jalisco,Zacoalco de Torres,0.0,-103.56454683836304,20.235074611169136,1350.0,1.115068493150685,24.095342465753426,64.5032839054194,3.86977886977887,88.4650200439674,1.83389518847686,97.166503,48.72938,22370.0,60.1027611846777,3.97541167496747,8.44953716185854,67.9935678655815,71.9255140307772,8.61244019138756,9.0,90.4,1.0,89.4,6456.4831,52.886,5181.1565,128.08,263.1602,49.9,8.0,41.9,0,-0.8981097500920912,-0.535143413980121
Hidalgo,Huautla,0.0,-98.2366107991402,21.039085647853085,503.0,3.5186301369863013,22.93013698630137,70.7225625080812,3.7296858071506,10.0577825929939,1.70398481973435,98.781388,59.825328,4000.0,53.9979605302621,13.257698541329,7.55736212278876,85.5318531417791,35.0848681834597,18.8154568436259,1105.0,894.8375,894.5375,0.3,3807.6487,0.1,2258.1063,0.452,21.5916,64.2,16.2,48.1,0,1.0156753226650168,1.163422588116337
Puebla,Jalpan,0.0,-97.86543000249635,20.45167764406949,294.3333333333333,11.254767123287673,25.245662100456617,58.5187088908592,3.62865761689291,19.8793363499246,2.10096069868996,96.249205,73.076923,1000.0,54.8838723681354,14.0087480789691,7.06436346426881,81.2033195020747,42.7450980392157,14.5399698340875,386.0,466.5868,464.5868,2.0,947.0913,0.006,3425.2561,0.931,29.5004,71.6,20.1,51.5,0,1.2668069475196904,1.1345824339676258
Guerrero,Arcelia,48.1,-100.19389875883692,18.25369669582913,397.0,2.9073972602739726,41.91561643835617,44.1161254774779,3.71722278395686,45.2533423210875,2.14079585894533,88.404021,25.536942,52000.0,62.9415977084659,9.696632102151,8.41239371296058,69.6035109868639,56.8587799123694,39.6022918773171,42.0,82.46,8.0,74.46,6184.0574,0.0,1037.8987,1.0,92.6213,63.9,19.7,44.2,3,0.2840820743254754,0.6426219642785673
Veracruz de Ignacio de la Llave,Tuxpan,9.12,-97.3968817883016,20.93370948604997,27.5,2.774520547945205,25.515890410958903,160.322736288461,3.31271285079967,61.9347329396043,1.7135321996097,99.204012,38.286619,80000.0,59.19622832233,4.15473499120824,9.86868347996746,72.6966364812419,68.7588912359357,12.7710479803423,2066.0,4786.505,4775.765,10.74,6414.5337,0.2032,16615.8435,2.2191,573.607,45.3,7.1,38.1,2,-0.8751584172348763,-0.4866101727159919
San Luis Potosí,Vanegas,0.0,-100.94815425588492,24.14348162223886,1720.5,0.4335342465753425,18.94931506849315,2.69942958369863,3.82841140529532,28.3604887983707,1.99495887503317,94.648478,39.962825,2000.0,44.4386784293375,6.99076691162615,7.29086447716119,85.391028185788,44.5010183299389,6.41547861507128,116.0,646.8418,297.153,349.6888,3549.7289,158.0,856.6291,0.7,149.0131,49.7,7.4,42.2,0,0.2627661877741581,0.3411234069763913
Quintana Roo,Othón P. Blanco,58.2,-88.8257057315727,18.43722399237616,49.266666666666666,61.53043835616438,27.069099804305285,23.5774519874909,3.28273085513494,77.4444112500533,1.88764081766417,98.57509,43.36826,268487.0,64.4614321362814,4.7967657957031,10.1947279966613,79.0291378483873,85.3356664248218,34.4031411378089,581.0,1495.6483,1405.1453,90.503,11311.9448,0.0,70399.0765,0.5,4031.4007,43.8,9.7,34.1,3,-0.9319040938390476,-0.935913402857828
Guerrero,Técpan de Galeana,1.6,-100.7505653569928,17.401020512032126,290.0,10.841095890410958,25.13253424657534,22.9293487400284,3.30240602268681,64.0724350170405,1.99781437586578,88.887683,31.553356,29143.0,64.6531915722242,12.2168267928225,7.93959689534301,72.5048668700277,56.8136731268121,19.8891093138003,218.0,284.2838,155.5515,128.7323,12003.0733,4.0,26910.6977,298.25,277.632,37.8,7.0,30.8,1,-0.1442658500649489,-0.092067397126486
San Luis Potosí,Xilitla,4.0,-99.01302706226868,21.39352356862472,647.5,16.80832876712329,21.66575342465753,124.787106703978,3.91710090004737,28.5172903837044,2.07478355431009,96.80549,67.827403,45000.0,58.8166900087202,4.99100458476003,8.18307567127746,89.4935767274482,61.2900678983104,32.8675193431233,554.0,538.8339,538.8339,0.0,1959.4648,0.01,6344.9826,4.6956,211.7152,85.5,29.4,56.1,1,0.4057914811522298,1.0542281333263597
Tabasco,Centla,18.6,-92.65219268841508,18.35367352901545,4.0,11.815945205479451,28.46054794520548,39.9988724606304,3.78215629064576,26.1574155446972,2.11428683755307,93.178757,45.940337,65000.0,63.4421053914697,3.93200276023143,9.31661637845095,63.3141806907947,38.0391605441699,3.0231658874398,2323.0,4086.6177,4048.3207,38.297,7126.2496,2.85,6436.7045,1.25,2395.5999,76.8,35.2,41.6,2,0.3330853742318106,2.1286273308817303
Durango,Indé,0.0,-104.9928550397594,25.734703146039173,1759.6666666666667,3.9355616438356167,18.74415525114156,1.89531881959954,3.28333333333333,79.375,1.49383496680367,91.152263,23.589744,250.0,50.48,3.12766562411146,7.50056915196357,82.0766638584667,85.4861111111111,7.70833333333333,7.0,80.75,77.75,3.0,17941.3684,0.0,252.3924,0.0,451.648,45.0,3.1,41.9,0,-0.7609380173452049,-1.2704814050214843
San Luis Potosí,Alaquines,0.0,-99.59982001077516,22.08120234483552,1274.5,3.7099178082191786,20.410616438356165,13.2796568720099,3.54287024300779,20.2659330582302,1.83626425855513,96.27193,50.592034,3200.0,48.448530618946,9.14569301666076,6.83778014941302,84.572896596018,64.2824392480513,24.1632278771206,70.0,140.835,123.385,17.45,3457.1548,0.0,798.0059,0.0,33.7,70.8,15.6,55.3,0,0.7523677912130746,0.1605310452194263
Campeche,Calakmul,25.2,-89.65756608088131,18.486200303548287,195.8333333333333,16.74378082191781,26.49132420091324,2.26731479686398,3.94766355140187,14.4922118380062,2.55058804575479,93.671429,45.768253,10000.0,68.4500778296642,12.6119951040392,7.42906133646874,75.146622942549,77.7445482866044,51.9252336448598,757.0,679.2746,679.2646,0.01,12213.1923,1.5613,9152.3292,4.2812,492.9772,83.0,30.3,52.7,3,0.9165447800833856,0.556596080264537
Oaxaca,Santiago Astata,459.4,-95.60988582320606,15.97539299606537,194.5,3.679890410958904,28.584520547945207,21.0656964603911,3.0536,21.36,2.00420388859695,96.202532,74.117647,131.0,51.7109050207867,8.65650969529086,7.88538781163435,77.9224093925472,63.92,13.04,85.0,254.676,251.556,3.12,761.324,0.0,164.0699,0.0,7.9377,53.9,12.5,41.4,4,0.3610056226910237,-0.0061280860996671
Guanajuato,Apaseo el Grande,0.0,-100.59797808943392,20.591905532048635,1857.3333333333333,3.3212328767123287,19.48602739726028,280.399905235931,3.76962714034245,77.1355416866699,1.81991511695717,96.867031,35.502161,101170.0,62.2277267097683,6.67834223289081,8.85164760933911,73.633178660197,67.5564090254441,14.2550808129301,132.0,878.2876,116.1346,762.153,11562.8269,13.0,2378.0139,7.9,276.0693,41.2,4.9,36.3,0,-0.8272761270641867,-0.5695168115273588
Jalisco,Bolaños,0.0,-103.89348833760536,21.898879179733967,963.0,1.483424657534247,25.44876712328768,8.12828238455533,4.19059405940594,56.25,2.30027173913043,56.753483,16.057586,7500.0,30.8858057630736,14.5587541293063,7.20880681818182,83.3309669175067,62.1905940594059,7.7970297029703,55.75675675675676,2.75,2.75,0.0,495.25,0.0,147.8,0.0,865.5,54.7,29.3,25.4,0,3.0555436945331147,1.0091677345103496
Oaxaca,Ixtlán de Juárez,9.11,-96.34599661052184,17.47684151455431,2312.0,2.837972602739726,17.526027397260275,14.9126931174004,3.60450997398092,72.8100607111882,1.99807692307692,99.003466,95.955511,2500.0,61.7151848937844,3.94399863411303,8.46856850017082,75.5754323196184,54.0329575021683,6.15784908933218,144.0,164.8994,153.5494,11.35,1039.4946,0.55,741.1305,0.3771,924.3078,74.4,15.7,58.7,2,-0.5865274355791515,0.4932922980554058
Michoacán de Ocampo,Apatzingán,42.8,-102.4693883746312,18.96816833193128,273.5,3.834904109589041,27.116438356164387,76.9332162375003,3.66514699865568,75.5099655152259,1.93154399642543,96.581094,28.837307,130000.0,65.9539251100863,11.3222379444332,7.92613719467603,57.0341783486936,62.8265825004384,37.6351627798235,25.0,130.255,41.56,88.695,7493.6203,9.08,27592.9847,0.656,255.1911,41.3,6.2,35.1,3,-0.3660949714500125,-0.3373111541924751
Oaxaca,San Francisco Telixtlahuaca,36.1,-96.92582534452492,17.36695067928447,2246.5,2.135890410958904,18.432876712328767,71.8112290741682,4.08473575435489,39.0315913788013,1.98950244463618,97.446671,55.470835,6000.0,59.2196934509986,2.93440160240361,9.45669844455595,71.5790993071594,76.6459994095069,29.3770298198996,11.0,15.45,8.7,6.75,1280.8774,1.04,100.109,0.375,5.795,63.1,14.7,48.4,3,-0.6367054321836361,-0.3009691998158263
Michoacán de Ocampo,Aguililla,27.1,-102.75286425659516,18.77849781254425,933.0,1.4405479452054792,23.745753424657536,10.5621549254818,3.40606767794632,81.9836639439907,1.83121060079763,94.469469,14.964438,4500.0,60.0518806744488,20.0422365245374,6.09320407957185,46.3806425376169,74.4224037339557,24.9241540256709,13.0,75.0,52.0,23.0,8679.1958,1.0,26091.6742,0.5,184.572,62.8,14.1,48.6,3,1.4506035520593326,-0.2644767962120182
Guerrero,Ahuacuotzingo,15.9,-98.96596215320125,17.77007984081664,1300.0,1.9144657534246567,20.105479452054794,28.9274932222168,4.3191341991342,26.1471861471861,2.70795787645207,77.022708,45.427944,4000.0,51.7590198943464,21.7097932400644,5.26832744624156,82.8764134100377,48.8138528138528,16.6233766233766,55.0,33.4,9.25,24.15,8903.3004,8.33,497.4391,0.5,50.6526,93.2,49.6,43.6,2,3.93034458330973,2.6369033698615385
Tamaulipas,González,4.2,-98.5763268768086,22.790445163873272,242.7142857142857,4.377671232876712,26.2254794520548,12.7892716496443,3.36343666097144,63.0135871776096,1.97392051967902,97.83426,23.702583,49000.0,56.7966247844297,8.87816245006658,7.64941569282137,79.1150229081263,41.5832723130746,3.47408673012774,188.0,8833.31,4946.57,3886.74,97675.6932,0.0,8577.5559,0.0,1614.3195,61.3,10.9,50.5,1,0.0427855474606141,0.6188845105479475
Oaxaca,Magdalena Tequisistlán,0.0,-95.63710251149834,16.366616870991045,182.0,1.3487123287671232,27.579041095890418,7.13271899759838,3.17834394904459,53.5031847133758,1.76637168141593,93.233083,61.872587,2000.0,51.6082474226804,9.35491021946353,8.47627494456763,83.1054036024016,71.2845010615711,17.9405520169851,32.0,47.375,3.75,43.625,1207.5438,0.0,908.3162,1.5,28.2939,60.5,14.2,46.3,0,0.5426582079376385,-0.1524086269373487
Coahuila de Zaragoza,Saltillo,0.9,-101.1048152077046,25.035957677624182,1859.25,1.4559999999999995,18.91945205479452,156.587915782196,3.61861027140495,95.8742818965766,1.61729068576142,99.524086,31.814021,750000.0,61.3330922503887,1.55136734212025,11.0168973580991,83.4171630918748,87.467780715031,12.9264802312778,118.0,609.7,505.2,104.5,18701.5909,32.0,3209.9486,1.5,581.6614,17.6,1.6,16.1,1,-1.5997386555785011,-1.4246954258300963
Sinaloa,Salvador Alvarado,108.2,-107.9917445450676,25.38068451232855,44.0,1.7205479452054795,25.676712328767128,102.762389443198,3.4204187351608,91.6555147852363,1.74887971567957,98.475785,23.358549,110000.0,58.3272273754774,3.05931807566558,10.4909686366902,86.1533236048911,77.0300021584287,4.44204619037341,887.0,18509.284,10027.836,8481.448,39348.3469,0.0,248.961,0.0,73.6138,29.4,1.7,27.7,4,-1.2484083753010442,-1.0655232767318763
Chiapas,Pichucalco,81.5,-93.12879189351804,17.509329067604618,38.66666666666666,18.000602739726027,26.65493150684932,53.8127608327996,3.70388066658898,76.3896981703764,2.16789466502934,96.456596,20.037421,19500.0,61.9960370415302,14.0500916310324,8.4520470135885,54.3312760424825,36.3360913646428,15.7673930777299,326.0,555.503,555.503,0.0,1634.1315,0.0,5622.5466,0.0,292.4618,61.0,13.0,47.9,4,0.5358646415864841,0.9332085371603224
Michoacán de Ocampo,La Huacana,3.3,-101.85369245709676,18.849568788402244,520.0,1.3553424657534243,28.38219178082192,15.6898873423365,3.64377015888185,63.3496595388842,1.99692085953878,88.46765,72.942764,22000.0,57.8330574191862,14.968423037044,7.03321050642479,75.4889476605609,38.2869430175606,15.9120774101063,88.0,856.92,36.0,820.92,12258.4607,13.0,4522.5501,6.0,231.934,59.5,13.0,46.5,1,0.8674258922928897,0.8693996824435186
Oaxaca,San Pablo Huitzo,0.0,-96.86087633855924,17.31528921176081,1694.0,0.9410958904109588,16.934383561643838,69.3159753608502,3.69857969489742,49.2372435560231,1.64583333333333,98.977395,95.87242,5000.0,61.046511627907,3.17192192192192,9.80713615023474,62.5728500355366,80.4839558127301,15.5181483429774,55.0,53.115,4.76,48.355,578.7516,5.85,125.0787,0.0045,0.535,48.6,8.9,39.7,0,-1.0018482581408443,-0.7631351359685762
Michoacán de Ocampo,Copándaro,0.0,-101.21817221828177,19.916664202382563,1880.0,1.6767123287671233,20.55,54.7331633225288,3.94056525353283,68.4123025768911,1.84828393135725,98.794143,42.464498,10000.0,47.5529189699339,10.6734250543085,7.0599593495935,52.8258118937157,78.3042394014963,24.3142144638404,46.0,105.14,19.0,86.14,1469.796,23.22,41.7706,0.0,7.49,66.1,8.9,57.2,0,0.6445479402382969,-0.6909656470499446
Sonora,Ures,70.2,-110.32294707572352,29.358202656067675,449.25,4.558520547945205,22.0472602739726,2.76808234855519,2.89662231320368,94.4728761514841,1.39340226489414,97.457931,23.45679,14000.0,55.8795213863293,2.54582484725051,9.07352941176471,89.9859616284511,88.5704537700444,5.04947117024906,175.0,789.0925,37.5,751.5925,2462.4016,0.0,2474.0707,0.0,973.9825,20.9,1.4,19.5,3,-1.2021044886911627,-1.4784636931892328
Sinaloa,Ahome,81.4,-109.22258936336203,25.95902447830864,9.75,4.545479452054795,25.41794520547945,114.960879447686,3.41966008886761,92.198650528867,1.8083235082333,97.966331,20.606488,550000.0,59.650172686312,2.58513205906912,10.6645508189962,80.0781607193399,22.9866399365659,1.83345551383133,3016.0,81795.8004,383.19,81412.6104,149574.7596,392.3513,15613.7725,15.0,1188.0079,27.7,2.4,25.3,4,-1.3405380118226684,0.7506772525587493
Michoacán de Ocampo,Susupuato,0.0,-100.4114295587805,19.175820311688675,1260.0,1.7952054794520549,20.134246575342463,33.8708278636362,3.76146788990826,28.4820683903253,2.00088731144632,86.561631,36.097068,3500.0,54.9985123475156,14.2926434923201,5.73028978468512,69.2926399294844,41.743119266055,51.4595496246872,6.0,21.5,4.0,17.5,4112.609,0.0,2307.2814,0.0,8.33,65.3,15.1,50.2,0,1.0376279305045222,0.8793226110762462
Veracruz de Ignacio de la Llave,Naranjos Amatlán,26.1,-97.67643369864616,21.308676601942523,60.0,2.626027397260274,24.925616438356165,197.443527378353,3.20870709245306,69.0228441573974,1.63137731833384,99.002524,44.240401,32000.0,56.0756116311672,4.32738437919785,9.70938610817562,67.2242297805759,69.3936132041622,7.85791173304629,28.0,50.1971,50.1971,0.0,345.3949,1.47,4305.6365,2.47,83.6435,48.7,8.7,40.0,3,-0.6088618051938811,-0.4081781502872587
Michoacán de Ocampo,Múgica,6.6,-102.13102087965991,18.967390707886004,672.0,1.562191780821918,25.88164383561644,121.120846179818,3.79926703315009,63.968015992004,2.02239203838635,94.42682,31.757214,70000.0,63.8125347618629,12.2141257373584,7.61712352587815,58.5738651272632,51.1577544561053,58.0876228552391,28.0,126.48,42.5,83.98,1227.914,0.0,15662.5979,3.0,146.514,54.8,10.7,44.1,1,0.0906603355499446,0.3110503980907551
Jalisco,Mascota,0.0,-104.7633726840895,20.55329816313189,1248.5,4.732246575342466,19.08109589041096,7.84048851989763,3.33891213389121,97.303579730358,1.53034666666667,97.450219,83.802083,12000.0,60.4428743753231,3.49663253067626,8.9241990582587,79.9183447512283,91.2598791259879,31.2645281264528,29.0,140.88,64.0,76.88,8186.9209,0.0,1107.2019,0.0,2937.0261,38.3,2.9,35.4,0,-1.240504764282392,-1.5093032414352916
Sinaloa,Culiacán,73.5,-107.26754330226711,24.655302149204697,62.8,9.257369863013698,24.838904109589045,159.164142817208,3.52205898039439,95.1732646864311,1.73094303087177,98.237972,18.507442,1050000.0,62.7507554972365,3.0662937241092,11.0627890771076,79.5125208015704,50.9386800167825,2.20874252433812,3367.0,71545.9308,2299.95,69245.9808,171150.0691,3725.1741,11914.0961,18.86,4874.8156,23.0,1.7,21.3,4,-1.4765514453471158,-0.2696807525048372
Sonora,Benito Juárez,318.1,-109.86155883119127,27.09832000170354,17.0,0.4332876712328767,24.95698630136986,58.7126131363101,3.62451786013751,57.7729330873721,1.9947392708814,97.689148,21.843504,19200.0,58.0686371290866,4.95728627548793,8.96561855347878,80.9561128526646,23.0085527419084,3.63910783162838,312.0,18893.5511,0.0,18893.5511,26175.7646,351.05,752.5217,0.0,46.265,49.4,8.6,40.8,4,-0.637646340700069,1.1245089848398584
Querétaro,Landa de Matamoros,0.0,-99.16909526699312,21.28209032474977,1348.5,1.887835616438356,20.363698630136987,26.1237111846706,3.51201652271874,46.714232069095,1.81334238339959,92.972303,79.466207,9187.0,49.8798819411078,14.010989010989,6.98497806202127,92.3113759710546,87.1948929778445,51.4269620728502,246.0,312.92,312.92,0.0,3147.9316,0.0,171.0782,0.0,16.0686,59.4,11.0,48.4,0,1.0545829029643057,-0.8645739408528218
Michoacán de Ocampo,José Sixto Verduzco,8.3,-101.58989192020218,20.2418996679519,1693.0,3.298109589041096,19.2627397260274,119.323287233037,3.66915177943452,41.7498944999297,1.68564596393718,96.98753,31.531955,10000.0,52.861113773603,10.5770216254996,7.16114473279311,63.7775149734864,75.5099170066113,27.2752848501899,1496.0,5422.4937,46.62,5375.8737,14565.7403,1.3,234.6424,4.25,24.6845,51.5,5.6,45.9,2,0.1865264137611912,-0.7891651299207744
Oaxaca,San Miguel Amatlán,0.0,-96.45973848877767,17.199460986696764,2853.0,2.3425205479452056,9.373972602739729,16.2868078957716,3.39655172413793,55.1724137931034,1.8411214953271,99.298246,98.412698,200.0,47.7707006369427,2.21300138312586,7.09820193637621,68.0121089808274,58.2758620689655,0.689655172413793,91.0,88.35,88.35,0.0,122.35,0.0,16.75,0.0,0.0,75.3,6.5,68.8,0,-0.5600331222535739,-0.1654224637583027
Guerrero,Tetipac,0.0,-99.70039184861164,18.65880355890796,1487.5,33.0013698630137,23.976027397260275,62.2216119047723,3.62513397642015,34.5123258306538,1.97186998979741,87.368421,58.584071,3000.0,54.7642150203765,6.49364295471262,6.77990531299316,80.7187131050767,74.4908896034298,16.3987138263666,25.0,24.2984,6.377,17.9214,2813.5962,1.885,340.4534,0.0024,92.7068,79.3,31.0,48.3,0,0.8883716330132901,0.7106747901727006
Tabasco,Paraíso,166.4,-93.1883543236124,18.362368147942,6.0,0.0,29.20205479452055,237.362756321743,3.64444360647083,72.2538557260832,1.89490402148977,98.261178,24.372345,113000.0,59.1835396558959,2.31529106717585,10.0406435224386,72.895669881436,40.7142049096874,6.79512802141861,88.0,103.003,102.253,0.75,236.3486,0.0,5789.1546,2.5,906.3909,50.2,14.0,36.2,4,-0.7493308119234717,0.836954367250644
Yucatán,Motul,6.2,-89.33729357648703,21.16538093450608,7.0,2.966246575342466,24.979178082191783,117.916174137967,3.73287197231834,72.3479980227385,2.2040482040482,84.561185,67.903984,25000.0,61.4195292411156,7.06163133511161,8.41057810578106,73.9233943498043,75.6005931784479,10.7760751359367,150.0,301.022,109.3,191.722,601.0495,0.0,1286.8627,0.0,56.4819,50.6,10.3,40.3,1,-0.4571643876868148,-0.5211709469283909
Veracruz de Ignacio de la Llave,Alvarado,135.0,-95.92387743130443,18.82866832790028,5.0,5.402164383561644,25.43397260273973,68.9718002852209,3.02453854505972,82.2149837133551,1.52835779942379,95.931188,39.184574,34400.0,58.2827316586258,6.70604510221558,9.72343045629467,82.8719207504164,60.6080347448426,20.5157437567861,63.0,153.0784,153.0734,0.005,612.2335,0.0,8391.2208,0.0,5780.6002,30.0,3.5,26.5,4,-0.6920787103466113,-0.4993717102202784
Chiapas,Villa Comaltitlán,29.7,-92.61288032186,15.17097134500922,35.5,0.0,28.67917808219178,68.012493900113,3.79228253760628,53.0673642903859,2.26502070474256,91.597682,53.816955,30000.0,56.7062818336163,13.8278345178143,7.26595393962229,55.6688781067433,11.458469587966,26.7364290385873,188.0,297.855,295.255,2.6,1460.8923,0.0,17049.6474,0.0,184.2197,55.4,13.7,41.7,3,0.8179318930890095,1.8000315459827807
Oaxaca,San Miguel Chimalapa,0.0,-94.27058408722868,16.623565296203672,120.0,0.7472054794520548,26.10753424657534,5.66679539288207,3.3166749134092,7.12518555170707,1.93874329017998,92.429194,41.521739,450.0,59.7920997920998,17.5636117991443,6.30621901757548,71.6435702577857,28.7976249381494,7.8673923800099,35.0,50.375,50.375,0.0,2250.3226,0.2465,508.7843,0.2466,148.2554,76.8,28.0,48.8,0,1.8712242184163423,2.0515890312589287
Campeche,Hecelchakán,15.7,-90.07274264613514,20.09066555015607,25.0,13.080027397260274,27.09260273972603,25.0349849556721,3.84942084942085,40.3474903474903,2.19452469390563,88.13227,50.984936,40000.0,60.8349267049076,9.34691431995207,9.26784031525743,77.7610677695272,67.6882239382239,7.36003861003861,71.0,143.6087,138.4087,5.2,17921.5306,1.0,1173.1404,0.0,151.0485,66.7,16.6,50.1,2,0.1883184314109238,0.1036754149204073
Sinaloa,El Fuerte,279.5,-108.66121682736046,26.236960876478825,76.8,6.3953424657534255,25.459657534246578,23.1647653010209,3.63045942269911,63.6542239685658,1.91852547077501,95.290335,18.97541,120000.0,58.4371855406765,4.28685897435897,8.89736634512919,77.3896659178201,31.2528336103975,3.35499471059392,1340.0,35197.1935,1272.413,33924.7805,69129.1889,119.7359,7486.6742,74.1825,1129.6436,41.4,7.7,33.6,4,-0.7880729415420785,0.7835617914345557
Oaxaca,Juchitán de Zaragoza,56.4,-95.02212,16.440691,26.666666666666668,7.547425,26.896849315068494,124.618608113047,3.9495256034603,52.8917259662341,2.17642148583853,98.784943,23.871239,110000.0,64.6734652980339,8.89002960557731,8.91974021616699,57.5354406973673,49.6860611134366,14.3574717455002,91.0,252.67,111.83,140.84,5683.5519,0.5,3135.9744,0.21,116.5561,50.9,16.0,34.8,3,-0.0992371947123709,0.6663906883181873
Tamaulipas,Altamira,8.4,-98.1165109607663,22.563017196922843,14.0,4.747534246575342,25.31712328767124,162.336524148992,3.32443376716654,90.6789840625116,1.84231248408257,98.737713,27.071215,180000.0,62.1691014552508,3.17550597200481,9.75928760894278,77.1815115460173,56.3879979691157,4.97938157096331,389.0,12448.973,12091.923,357.05,49929.5978,0.21,911.2652,0.0,1383.3792,42.1,5.6,36.6,2,-1.230530734011616,-0.1747582840793752
Veracruz de Ignacio de la Llave,Ozuluama de Mascareñas,0.0,-97.85212254512864,21.69932748251287,66.75,5.997095890410959,24.5609589041096,9.51502721235057,3.17142857142857,27.7170868347339,1.79202279202279,96.931434,38.213566,24000.0,61.2178969471814,8.15077503860893,7.18968871595331,73.7343997187555,59.7478991596639,10.7002801120448,234.0,534.7195,532.2195,2.5,6421.8757,0.0125,114810.5065,0.0125,1696.55,44.6,6.9,37.8,0,-0.4853136749556917,-0.2155890878809825
Nuevo León,Anáhuac,5.5,-100.06631038409893,27.322794104778083,177.5,0.7713698630136987,24.45958904109589,3.97206063368021,3.3010634396773,90.8507517418409,1.73231983065525,98.657203,25.030852,25493.0,55.5879218472469,4.09347792882236,8.57227387996619,85.3355518580144,22.2772277227723,2.42024202420242,21.0,567.84,204.27,363.57,1423.18,0.0,60115.617,0.0,779.3234,33.3,1.6,31.7,1,-0.9811045506399,0.733885420532695
Veracruz de Ignacio de la Llave,Coatzintla,14.5,-97.53973746333708,20.42777968756444,71.0,3.6013698630136988,25.675342465753424,198.138315765789,3.40445602929312,67.9451374666419,1.76791874899242,99.142876,38.916256,7000.0,60.6375823880196,5.29973728206353,9.98495143308292,74.4583393921768,67.7589523986843,9.8864271085459,1076.0,3708.1256,3707.1256,1.0,6185.9638,0.0027,3810.9531,0.2773,428.3668,46.5,10.3,36.2,2,-0.6392861400565398,-0.2665391137819426
Michoacán de Ocampo,Zamora,4.3,-102.2712602811093,20.02900029617784,1577.6666666666667,4.604657534246575,18.643698630136985,611.450303289087,3.50594317908551,90.6248926448865,1.6755855589501,98.724195,33.095887,273000.0,65.1684065882821,6.49538144826019,8.7577944727663,65.1571805135214,81.0470988354117,31.1690542443918,254.0,1511.16,19.218,1491.942,9498.8769,52.274,1989.4138,889.7859,21.546,44.0,6.9,37.1,1,-0.8989985452418838,-0.8976239523800554
Chiapas,Salto de Agua,23.3,-92.22495711289176,17.4351174770878,149.33333333333334,21.62923287671233,25.388310502283105,52.0948904175647,4.32316990357191,36.3031373081624,2.66148250344914,91.451792,45.236908,7000.0,72.126675617501,20.9543519672632,6.52018359420972,81.7434748097306,13.0042102403911,2.60763275838653,1314.0,2123.8623,2123.8623,0.0,15824.6386,0.0,3639.2148,0.0,204.2627,86.4,31.2,55.2,2,1.826846801194049,2.7592445856716568
San Luis Potosí,Tamasopo,4.3,-99.3469897852908,21.931381192646025,383.5,3.660794520547945,25.853424657534248,22.0598344995021,3.47340043134436,38.5813563383657,1.91699735449735,92.960736,35.014764,7000.0,57.4065991620112,11.298450525126,7.27235540334855,81.9592927631579,61.5384615384615,21.0040738078121,90.0,117.4442,102.9442,14.5,1159.3236,0.0,17709.0052,0.0,1234.0379,63.6,20.9,42.7,1,0.835220530078694,0.5403145131916078
Yucatán,Mérida,40.6,-89.65330506899929,20.941521471360097,10.2,13.516958904109588,27.65164383561644,1138.05175049581,3.26956504549857,96.0787543735957,1.68956087568813,97.86094,69.022946,1032000.0,63.1620546732884,2.17842532950653,11.3995059442271,77.4556866496705,86.8772362169962,22.3440496036583,61.0,31.3864,5.84,25.5464,129.6925,0.1521,550.0916,0.006,134.8391,25.7,2.9,22.7,3,-1.5478368129131774,-1.323588223251238
Jalisco,Mezquitic,0.0,-104.11027589136349,22.231345904634143,1356.0,1.23827397260274,20.716712328767123,6.56531010793154,4.45373324824505,25.5902999361838,2.10754204007653,49.528514,68.653422,6000.0,24.3738631593676,23.8121634463098,5.93681623592833,89.5530498573563,50.8402467560094,15.0393533290789,55.75675675675676,0.8136,0.0,0.8136,4656.5677,0.0,49.7,0.0,102.5734,80.1,53.2,26.9,0,5.80037252574683,2.7768945450680707
Chiapas,Berriozábal,7.7,-93.33706952868188,16.87168534353271,890.0,2.763835616438356,22.376712328767123,183.628492602511,3.98460682492582,53.7339268051434,2.24597532929124,96.260919,47.301891,48000.0,63.6692291709952,10.4741028654072,8.10115332428765,57.264203490531,69.2569238377844,52.5778931750742,101.0,145.8578,145.8578,0.0,3683.2115,2.2176,4358.7262,2.25,681.0038,61.6,21.1,40.6,2,0.4171905307828978,0.3039302531771308
Durango,San Dimas,0.0,-105.740013429367,24.11502658294837,1558.5,10.606301369863017,19.11104109589041,3.17480053950205,3.80909090909091,46.629711751663,1.89038080563504,91.355721,24.294904,26000.0,52.1966038323726,5.16151085284567,7.79691937010584,73.9456528010154,63.0155210643016,4.7450110864745,5.0,5.0,4.75,0.25,8493.9037,0.0,487.0035,2.0,27.2,61.2,5.0,56.2,0,-0.4943849793724395,-0.4095967303973291
Quintana Roo,Tulum,74.9,-87.54330582641322,20.14674349842072,7.5,5.04,23.680821917808217,23.1451795910114,3.32923408845739,68.8673139158576,2.34896362527941,97.208311,36.18288,141898.0,72.840233366992,5.61579010422906,9.28438354517864,60.6386849596541,80.3595828838547,20.8701905789284,83.0,255.08,255.08,0.0,1704.9033,0.0,1003.5242,0.0,29.5618,61.8,18.8,43.0,4,-0.7906453078621922,-0.1876331904465602
San Luis Potosí,Cerritos,0.0,-100.29804613085568,22.419058459895453,1149.0,1.1281369863013695,20.853424657534248,22.9364276260008,3.46479094624332,72.7444199937127,1.66419939577039,98.161245,34.360592,20000.0,55.4440937781785,5.9689734577627,8.32742933398035,78.9263873159683,76.186733731531,15.7969192077963,222.0,1198.866,1182.866,16.0,6888.0125,0.0,225.665,0.0,1142.4391,52.8,6.8,46.0,0,-0.4672217463091227,-0.7584140551332212
Coahuila de Zaragoza,Monclova,3.1,-101.199225316518,26.879235451554425,615.4,0.9058356164383562,24.306849315068494,190.130761383489,3.40373347086718,95.5473417286285,1.64563386140673,99.117353,20.751739,188500.0,57.4284610867461,1.52895726803775,10.8605091509253,84.2391921025757,83.4816120112892,19.3564562112291,43.0,179.29,35.0,144.29,428.942,0.0,2344.88,0.0,184.606,22.8,2.4,20.4,1,-1.3589531156357513,-1.2406005493879395
Sinaloa,Elota,36.1,-106.89262879462926,24.0308810995114,117.5,3.167945205479452,25.80068493150685,33.6744551010376,3.87652489284537,73.6482030992417,1.99131245497309,96.377815,12.927333,65000.0,57.1129066453087,8.91399714344011,7.96798488600679,85.5075082672256,56.8743818001978,10.1632047477745,537.0,11718.3777,1103.45,10614.9277,42770.4209,1169.41,2263.67,9.98,324.56,38.2,5.7,32.5,3,-0.2385390166276044,-0.1698413367751605
México,Malinalco,88.8,-99.49442147744918,18.89359232372417,1953.3333333333333,6.4126301369863015,20.877351598173515,134.102919825988,3.79180748952278,47.0731377585508,1.95041379789971,90.317414,71.29981,36000.0,62.8803152492669,6.66567622443421,7.9625074390002,68.151305274374,76.8960389347033,33.1485737461133,82.0,63.8593,22.7829,41.0764,1880.8602,7.243,1368.7456,8.28,8.9301,66.5,17.0,49.5,4,-0.235611678773463,-0.1764629236545635
Chiapas,Ostuacán,146.2,-93.3875596479794,17.44681839816997,175.66666666666666,0.0,26.46082191780822,30.8851884009245,4.11737089201878,71.7639168343394,2.26866223207687,97.410268,26.679649,15000.0,58.0212702216896,15.0225502255023,7.28322940597309,69.3594672153338,17.4603174603175,21.3726805276101,405.0,666.255,666.255,0.0,3066.2459,0.0,6001.0715,0.0,72.985,58.3,14.3,44.0,4,0.931889248333874,1.6372950538071511
San Luis Potosí,Santa Catarina,0.0,-99.38914426838583,21.574817611132552,386.0,2.305068493150685,24.745205479452054,18.9856699747409,4.11646859083192,12.6655348047538,2.23186003683241,88.28928,60.0,42906.0,29.636563876652,20.7471404234607,5.74525085241111,93.4966702293842,55.1782682512733,41.4601018675722,63.0,200.461,197.961,2.5,1713.4004,0.0,993.245,0.0,48.1216,86.1,37.8,48.3,0,4.34258442235766,1.7443883139683096
Oaxaca,Guevea de Humboldt,114.2,-95.37203315765755,16.852261201326165,655.0,4.754520547945206,24.67945205479452,18.7110045590663,3.44641683103222,41.55161078238,2.10353130016051,96.117166,68.692449,2000.0,51.3607125185552,13.5422343324251,6.08091853471843,86.4535768645358,6.77186061801446,9.20447074293228,51.0,64.25,61.5,2.75,988.795,0.0,1207.18,0.0,2.5,80.6,24.7,55.9,4,1.6286572919166535,2.5933689282819805
Tamaulipas,Gómez Farías,0.0,-99.17284155426648,22.99232430204584,99.5,4.194410958904109,25.687260273972605,11.3486156061174,3.17859892224788,40.1847575057737,1.78589965397924,97.970609,37.292465,7000.0,52.8179403953969,7.18327569946558,8.34979553318654,88.996138996139,52.5789068514242,3.7721324095458,14.0,74.92,69.17,5.75,1182.6876,0.5,8024.2394,2.1,120.4213,46.1,5.7,40.4,0,-0.2348386750876696,-0.0244787831206852
Sonora,San Ignacio Río Muerto,189.1,-110.32086050160342,27.32570823238592,7.0,0.1949315068493151,25.66027397260273,10.3203806046235,3.63466461853559,40.7066052227343,2.09364400530895,95.703743,23.269856,11000.0,56.7429126556566,4.57826747720365,8.55125523012552,77.8625954198473,32.1044546850998,7.91090629800307,360.0,21326.6923,0.5,21326.1923,29602.4698,94.7,2748.9094,5.0,103.5648,57.2,13.0,44.2,4,-0.3888762964651387,1.0762347190246289
Nuevo León,García,8.2,-100.63963864071964,25.805461856696645,861.0,0.7931506849315069,21.11068493150685,384.884567876918,3.45654937057093,98.3467692789859,1.85703323132785,99.463476,27.41188,325000.0,65.5817677271401,1.36667401042814,10.3054676842532,79.1470399415919,15.7035154005537,0.843591663329445,12.0,44.1125,31.6125,12.5,149.029,0.0,257.9395,0.0,44.1931,22.6,1.3,21.3,2,-1.8585920256042876,0.9451136865328938
Durango,Cuencamé,9.2,-103.67548070529162,24.653021032998502,1697.5,4.874739726027397,19.63383561643836,6.5344229341078,3.74272209689548,50.563970351273,1.77143293770058,92.245295,28.187457,28000.0,57.3346760657939,2.65672243499294,8.62507566280618,73.6146474038049,83.3387044795359,16.5753571812225,26.0,149.43,141.57,7.86,82152.8309,5.25,876.0524,0.0,285.5171,35.6,2.4,33.2,2,-1.2116100615514065,-1.2373174462823828
Chiapas,Suchiate,14.4,-92.24131138919708,14.63250495453604,25.33333333333333,2.649123287671233,28.512602739726027,176.486723453219,3.77217502512104,55.9148625194117,2.31990561267487,94.326456,40.572082,25000.0,67.346143858738,17.8361745773502,6.77915544849086,50.1391821846804,14.6341463414634,18.1967662373253,76.0,129.842,50.8025,79.0395,1714.103,0.0,8896.3338,62.0,427.2038,62.7,15.4,47.3,2,0.8615937460266333,1.7894237657558945
Jalisco,Juchitlán,0.0,-104.04780657318712,20.06295132800449,1230.0,1.2484931506849315,21.11041095890411,22.5064977088543,3.44444444444444,92.5717852684145,1.68283013113754,95.814552,34.324324,4800.0,51.6885553470919,4.08575031525851,7.9772899318698,81.4600650524033,90.8239700374532,39.8876404494382,4.0,8.02,7.0,1.02,1369.4047,0.0,1798.9168,0.0,124.4,44.8,4.8,40.0,0,-0.6143625889664341,-1.3445551849455877
Oaxaca,San Mateo Etlatongo,0.0,-97.26021773843613,17.423414694631802,2033.0,0.0616438356164383,17.45,52.71839311407,3.25,11.5789473684211,1.98553054662379,98.107256,87.037037,66.0,52.1695257315843,4.35706695005314,7.93191489361702,86.3599677158999,53.6842105263158,3.94736842105263,17.0,13.416,1.67,11.746,748.7332,0.0,249.1098,0.0,18.254,71.0,18.2,52.9,0,0.0894362292975944,0.6623131232465532
Jalisco,Chapala,0.0,-103.22034991869413,20.27976141717997,1530.0,2.12758904109589,22.018356164383565,87.6092961501824,3.35847899417357,95.8233670653174,1.63707603038823,99.337553,35.885274,60000.0,58.8210185788421,3.12582337301492,9.9618228966577,55.7757808536851,75.4860472247777,32.591229684146,30.0,94.486,31.6,62.886,1747.5748,13.0,112.9264,0.0,37.76,38.5,4.5,34.1,0,-1.1204684568938017,-0.8520952364651467
Sinaloa,Navolato,42.9,-107.74724781347334,24.72535190554982,12.333333333333334,4.546794520547945,24.194931506849315,63.9819189810319,3.75455029270889,78.5843533794572,1.99906473188981,85.989991,23.516376,126710.0,62.0992712866584,6.73057664645582,8.60023883753578,83.0648730569601,34.4411921234699,6.00319318786589,2851.0,62141.622,90.33,62051.292,102675.7644,3612.56,810.4122,18.615,2180.1722,35.2,4.1,31.1,3,-0.8554838834998594,0.4547757549389521
Morelos,Totolapan,15.7,-98.9315403580132,18.99638099746664,1908.0,0.1150684931506849,21.84191780821918,212.582097540844,3.54843225083987,22.7043673012318,1.9963768115942,96.074766,67.504244,6500.0,66.2960737179487,4.19466724474312,8.62948898774004,74.6117647058824,69.3729003359463,77.8835386338186,15.0,20.7097,7.9,12.8097,1938.1827,1.5,1861.6904,0.0,3.7843,73.2,20.2,52.9,2,-0.5588272124097038,0.2578685686734771
Puebla,Teopantlán,26.1,-98.25970966973946,18.734913127270623,1418.0,1.8506849315068488,23.15,15.4256533562784,3.30404823428079,25.2368647717485,2.11184573002755,97.166362,24.846248,1000.0,38.4495154735855,29.8418972332016,4.78964721397956,75.8342022940563,55.4694229112834,9.21619293712317,7.0,5.01,1.51,3.5,1008.136,0.0,165.2054,0.0,8.0,93.0,43.2,49.8,3,5.315219151237067,2.0472026250951125
Hidalgo,Tlanchinol,3.5,-98.63477787992464,21.044688608278623,1542.0,4.888739726027397,17.174657534246574,96.2022616871292,3.95116327813875,37.0572207084469,2.08540767784047,97.659006,59.128631,7000.0,49.7794714371405,14.2652690210034,7.30022083607764,90.7534065001856,47.3695242087613,6.39278977153637,365.0,257.4974,257.4974,0.0,3931.041,0.0,3388.2194,0.0,13.9143,85.8,33.8,52.0,1,2.2734609990695347,1.7727560266659312
Veracruz de Ignacio de la Llave,Benito Juárez,0.0,-98.17826057752907,20.81696334277308,2202.0,0.0520547945205479,20.816438356164383,69.2988126350299,3.67557687914096,23.966186885995,1.81395873266434,98.225957,19.230769,500.0,49.8216777795007,12.020568153081,6.77851044044298,91.6997518610422,24.1718071738634,6.16860863605209,373.0,388.635,388.635,0.0,3963.0039,0.0,640.9485,0.0,40.9343,81.8,30.8,51.0,0,1.8322017951213547,2.368228558470676
Sinaloa,Sinaloa,9.8,-108.07001501290596,26.01970010744183,143.42857142857142,12.085835616438356,24.75248858447489,12.4364507887738,3.73384681215233,58.9026767460657,1.91923067523644,92.780414,16.556291,75000.0,54.5466312860009,8.53628750872296,7.83874458874459,85.5065463327825,56.9105691056911,3.83682784196263,2089.0,40998.9143,4093.345,36905.5693,112811.0551,76.5,2450.7812,0.0,879.0475,46.4,8.5,37.9,2,-0.0082910592153039,-0.0173162206314826
Nuevo León,Linares,2.1,-99.4103340403666,24.85300157473294,280.72727272727275,12.053671232876711,24.144500978473584,33.7420673970112,3.44540558185082,90.4072139709483,1.78808031175873,98.652594,37.195056,78000.0,56.7208791208791,1.90689936593634,9.44047132114652,88.4664446176742,20.6585604700506,3.3213644524237,117.0,714.7255,391.5815,323.144,4627.7517,0.27,32775.2403,2.05,432.091,26.7,2.3,24.4,1,-1.27974983942532,0.8329902532430885
Baja California Sur,Mulegé,4.9,-113.3484440456266,27.26477593487808,230.25,16.558794520547945,21.13616438356165,2.00007121864979,3.24912937262852,73.4237746244607,1.7451051689416,97.916323,18.842464,145600.0,65.8169869560888,5.54643702172106,9.12697226551658,84.7708600168692,71.8488486927595,16.7108477571599,62.0,619.16,0.0,619.16,973.724,1790.41,1590.4936,3.53,986.1685,24.1,3.2,20.9,1,-1.244215720911607,-0.8202617233513528
Michoacán de Ocampo,Jacona,5.1,-102.317479355745,19.940846020656,1580.0,1.6583013698630136,20.83506849315069,579.444356204679,3.81993299832496,90.0335008375209,1.8229102827147,99.37737,34.099033,65000.0,66.490058679428,9.75964592340635,7.71781395635304,61.5751442985708,80.9212730318258,28.6878838637633,36.0,76.745,7.5,69.245,1252.8468,15.5,869.4688,916.19,40.1781,47.2,8.8,38.4,1,-0.4565399794950835,-0.7839820011504445
Durango,San Juan de Guadalupe,0.0,-102.7117929975748,24.727605560304223,1549.0,0.7601369863013698,21.121369863013697,2.17915793102359,3.56841388699796,31.0415248468346,1.93919169447534,91.777003,25.680272,2000.0,48.9570552147239,5.35099337748344,7.19760956175299,74.9000190439916,65.8951667801225,42.001361470388,41.0,101.589,63.799,37.79,5771.4216,0.0,1627.5831,0.0,6.91,59.4,8.6,50.9,0,-0.1161590358278496,-0.2968543800427414
Chiapas,Villa Corzo,21.3,-93.26499636211928,16.06318670690227,620.0,0.2591780821917808,25.215616438356168,27.4999862825789,3.90326048011465,51.0689119789801,2.34810103841041,92.998151,38.803592,14182.0,62.9902857375117,17.0395604395604,7.35112069155137,57.501942324391,40.2782754090529,62.301445121223,42.0,90.25,54.75,35.5,35761.6598,5.0,3700.6074,0.0,3040.6055,81.7,34.2,47.5,2,1.960728972989816,1.9873302988054389
Jalisco,Ejutla,0.0,-104.13980035557174,19.9009273771741,824.0,1.3428219178082192,23.757534246575343,6.65562503870711,2.96352583586626,94.3768996960486,1.29913391072618,97.78157,82.978723,1500.0,48.2208588957055,4.6814044213264,7.79778933680104,82.2816759212519,84.0425531914894,8.51063829787234,55.75675675675676,14.0,14.0,0.0,1014.3838,0.0,216.48,0.0,42.8807,24.2,1.8,22.4,0,-0.5150351010572676,-1.2918096398426586
Sinaloa,Badiraguato,862.8,-107.29992040031678,25.60507027305884,677.4,10.776410958904108,25.234863013698632,5.48805161772216,3.65699682276558,61.6936040889626,1.95255312868949,76.037713,7.2909699,7000.0,56.3815005954744,9.74885228193357,7.12701678397401,82.0623916811092,69.8853432794585,21.0940737670949,10.0,90.5,76.0,14.5,12391.3453,11.5,5444.795,0.0,116.2712,56.8,16.5,40.3,4,0.4644913594957713,0.0255543775528168
Guerrero,Pilcaya,0.0,-99.62389308691397,18.715730291848693,1446.3333333333333,6.12827397260274,20.24703196347032,78.5856437448149,3.55900447427293,37.4161073825503,1.8584988317757,93.562832,31.61082,8000.0,59.0802248339295,5.71618477899634,7.53520345936357,68.9563240021956,82.4384787472036,31.8512304250559,95.0,86.0798,12.1347,73.9451,2865.5319,31.55,151.0783,5.275,31.8062,62.1,15.0,47.2,0,-0.2624736117016488,-0.476070139142781
Chiapas,Chicoasén,0.0,-93.11987336777634,16.994906403174333,750.0,0.0,26.1509589041096,46.8371849394402,3.66032608695652,35.7336956521739,2.32341526520052,97.559115,45.46371,3400.0,45.1549434333497,10.0934579439252,7.37035054856837,61.2180673824509,52.7173913043478,35.1222826086957,577.9782608695652,986.3464382978724,922.2097276595744,64.13671063829787,1887.5561,0.0,70.23,0.0,9.75,77.7,26.2,51.5,0,1.5919540020519516,1.1565492551590346
Coahuila de Zaragoza,Piedras Negras,611.4,-100.61231066390044,28.773720579632315,249.7,1.781095890410959,23.626712328767123,371.658754011071,3.38479713372712,98.3867531712985,1.71293096677924,98.422349,20.037411,160250.0,61.3600162182513,1.7902456058666,10.095518270587,79.999659723128,17.9393822019948,2.10322455698654,53.0,402.0,58.0,344.0,678.15,0.0,311.25,0.0,86.6884,22.6,1.7,20.9,4,-1.5657693153892625,0.8934723561980119
Tamaulipas,Matamoros,7.3,-97.49011747016158,25.5555373046582,5.0,1.6186575342465752,23.638356164383563,116.975694677928,3.38609425686911,91.3291460912451,1.7772835630937,99.462772,19.676297,705000.0,63.3916075018449,2.88831549597112,9.9245708944092,75.5219298164689,36.9604638175852,12.1294071141285,1541.0,90184.3339,56656.6949,33527.639,169194.3711,0.0,15.4921,0.0,2240.82,34.6,3.4,31.3,2,-1.4441194523557173,0.3299432385956924
San Luis Potosí,Matehuala,0.0,-100.604882730114,23.52339481103049,1723.0,0.5711232876712329,19.70684931506849,78.5132615040751,3.73010469287649,82.7037118383483,1.66089564891345,98.774989,43.032899,61200.0,61.3217326915957,3.61290494033857,9.71463785108991,83.615299562618,81.0125192180979,8.28391536715719,171.0,654.7794,295.212,359.5674,8246.7096,2.0,9816.003,0.0,298.6785,37.2,3.4,33.9,0,-1.2454052390063457,-1.102623933095159
Hidalgo,Huehuetla,8.8,-98.03335462786453,20.531851507350385,424.0,5.7435616438356165,24.278082191780825,106.797913550542,3.62564102564103,30.849358974359,2.09539686950079,92.883788,59.132311,5000.0,57.6951212649823,24.4208849123667,6.44099607458292,87.3281974962794,42.7884615384615,18.6538461538462,229.0,222.21,222.21,0.0,1897.9878,0.25,3315.7798,0.05,18.2679,75.8,25.5,50.3,2,2.716619022104866,1.4451958421800903
Zacatecas,Apozol,0.0,-103.07693969933324,21.462517042195703,1399.0,4.165753424657535,22.41280821917808,21.3765601381489,3.45359116022099,89.3370165745856,1.71401151631478,97.628687,38.958595,11000.0,50.4652103559871,8.3513630463003,7.50097550401041,87.2843450479233,93.0939226519337,2.43093922651934,28.0,91.75,0.0,91.75,1287.9345,4.47,775.7121,1.0,37.7312,45.0,1.6,43.4,0,-0.1779183087097265,-1.6033903013516175
Nuevo León,Cadereyta Jiménez,3.3,-99.87116560136228,25.51733281694896,306.8,4.576602739726027,22.863698630136987,107.232399864095,3.22124581379772,96.8359008707301,1.73606635550482,99.252276,22.235723,99373.0,60.3363290737116,1.90916663013458,9.34604855719607,78.4693101841634,26.4943067649029,2.65505693235097,283.0,4485.7016,3449.9716,1035.73,11683.7506,0.0,9981.4676,0.8,520.0498,21.1,1.4,19.7,1,-1.5132904575165531,0.5862528162546402
Quintana Roo,Felipe Carrillo Puerto,95.2,-88.08006043861498,19.737768560693947,21.142857142857142,27.92219178082192,26.573493150684936,6.49156459347096,3.91094480823199,42.6379794200187,2.54940325386893,80.542453,55.418779,93014.0,60.7671052218419,8.47201988173794,8.5210581393354,83.5968567686629,79.0411599625819,11.6417212347989,123.0,392.354,386.354,6.0,16535.4634,1.0,7228.6947,0.0,487.0233,81.1,31.7,49.4,4,0.863810728957918,0.594552170384806
Durango,Rodeo,0.0,-104.57846699837737,25.195378635527163,1383.0,2.0584109589041097,21.99931506849315,8.9452956590529,3.69612940496823,49.9711149624495,1.69460998543239,93.017386,33.000587,10000.0,48.892065761258,2.30063046123216,8.70165133547601,73.5450148229053,70.3350664355864,4.9682264586944,172.0,361.283,34.66,326.623,5604.9312,0.0,2365.1176,0.0,42.62,46.6,2.5,44.1,0,-0.8143092594487331,-0.7968960384622749
Chiapas,La Concordia,36.1,-92.66999818495364,15.96015142662455,750.8333333333334,8.891479452054794,22.15561643835617,19.4103660766668,4.07172097592926,48.6572785328312,2.39094056549336,92.188638,37.851421,15800.0,59.9168231821841,18.5265248889928,6.52117492327926,77.8545673076923,31.4638938922548,39.2582282626494,147.0,336.26,70.9,265.36,28510.718,0.5,10142.4627,0.0,898.9433,76.2,23.3,52.9,3,1.7428603267545275,1.680903728459314
Yucatán,Tizimín,45.9,-87.87291808313483,21.24904544219072,15.5,11.173506849315068,26.521678082191784,20.7658207279797,3.78960022628701,64.8642277955874,2.36888194362543,84.765471,58.661487,59000.0,60.4941408110769,9.72490884502799,7.87656986207487,77.3614141213804,66.4199509711484,4.68602677729587,368.0,7211.7888,706.8033,6504.9855,13719.8511,10.9,81234.8666,0.0,1479.4441,71.8,24.5,47.4,3,0.6631175791214046,0.5828533749083754
Chiapas,Venustiano Carranza,14.9,-92.63792873494268,16.308982136412546,741.0,6.194301369863014,24.539726027397265,49.4798159889711,3.7579806563426,44.9376642254151,2.24103984515785,94.241221,43.810886,12350.0,64.7482154318947,20.4527679722674,6.58739630946335,68.0482078107353,49.5667244367418,23.9671269637167,45.0,51.24,27.5,23.74,18846.5522,17.69,4090.2746,50.0,123.918,85.3,44.0,41.3,2,2.8088153922043912,2.287444389236099
Morelos,Huitzilac,2.12,-99.23222938261809,19.05701227787515,2720.0,6.077260273972602,13.361643835616436,129.632720949098,3.65843066786463,45.8820005989817,1.85572025845686,98.476848,57.585752,21000.0,67.7711305414941,3.23112429937356,9.79491273468039,63.6222720783194,74.4534291704103,75.9808325846062,137.0,339.856,339.856,0.0,1679.4575,0.1,86.705,0.0,0.64,46.3,9.3,37.0,1,-1.3218007749895933,-0.5400880997563983
Morelos,Tlalnepantla,0.0,-98.98581181761531,19.029780514764536,2160.0,3.98027397260274,16.78027397260274,73.6394285042705,3.87451171875,15.625,2.05357142857143,96.700224,81.257344,4400.0,65.7124268054652,3.53669319186561,8.48077263866737,67.077930253053,52.44140625,92.1875,13.0,15.1,15.1,0.0,669.8954,0.0,2264.5358,0.1,1.52,69.4,15.4,54.0,0,-0.8604889587000772,0.5420400047911426
Oaxaca,San Pedro Jocotipac,0.0,-97.07566627149885,17.74883734182565,2565.0,2.7644931506849315,17.175068493150686,10.5133585457795,2.70631970260223,1.85873605947955,1.89090909090909,96.245734,33.333333,67.0,53.8585209003215,17.5879396984925,5.8391959798995,94.3835616438356,58.364312267658,9.66542750929368,141.98648648648648,1.0,1.0,0.0,339.68,0.0,79.8,0.0,0.0,89.4,28.5,60.8,0,2.207415165618929,1.1023045577032125
Durango,Lerdo,0.0,-103.6638733935333,25.47096083979334,1151.0,2.322712328767123,21.692009132420093,76.0405991241248,3.64960480060903,82.8687221513177,1.73974652161833,97.070563,42.637973,90000.0,59.1593141855954,2.21530144552826,9.96813634679511,74.7705326581472,65.0410873021204,17.5679004052753,312.0,4682.4396,542.0,4140.4396,8635.9176,21.0,7225.7536,0.3,459.2667,29.5,1.8,27.8,0,-1.3929439394817555,-0.6678089402066386
Yucatán,Dzilam de Bravo,34.1,-88.62638934646819,21.440423079422683,2.0,0.6998356164383561,26.760821917808222,6.79234611291896,3.33485714285714,79.8857142857143,2.08726752503577,94.375,62.99435,3000.0,46.4254952627046,5.65435476516188,8.56575342465753,77.7588555858311,86.0571428571428,26.5142857142857,41.90243902439025,0.0825,0.0,0.0825,36.8775,0.0,1521.0675,0.0,33.7355,49.4,7.4,42.0,3,-0.0089484676812284,-1.0350320376894313
Oaxaca,San Ildefonso Villa Alta,0.0,-96.1068713695781,17.372501605701018,1268.0,4.585424657534246,19.175342465753424,39.1429591211011,3.32999088422972,54.6946216955333,1.78059483178937,98.646035,88.536155,215.0,46.3792522734928,7.50536097212294,6.98675733715104,60.6472667935817,47.1285323609845,0.911577028258888,50.0,23.4,21.4,2.0,217.5254,0.0,867.995,0.0,3.45,57.4,13.2,44.2,0,0.5278813355381119,0.5910976611106902
Chiapas,Las Margaritas,24.8,-91.70938415057452,16.374010244944024,1412.6,5.815068493150685,22.59767123287672,46.7689758659223,4.87796762901605,21.8868055314872,2.37756208374206,97.277267,49.296452,35000.0,76.3562323654774,15.833608815427,6.21643478932445,80.9277656051678,57.2349495719683,16.3899767788445,5502.0,11707.0516,10933.3406,773.711,30528.9868,1.75,5423.9334,0.0,76.418,94.1,41.0,53.0,3,1.468745404261059,1.8606130410737856
Yucatán,Valladolid,172.0,-88.09251306195708,20.61427548753803,23.0,2.884657534246576,27.938904109589043,79.2587220258126,3.86417340725257,63.69172043988,2.35117186419104,81.339182,51.125704,46636.0,61.7623824357962,7.87850557358091,8.88442340514604,72.340276152586,75.3294556030174,10.4607834227029,35.0,52.93,50.65,2.28,3659.232,1.3155,2757.5036,2.4455,331.6025,61.9,19.6,42.3,4,0.1102416207679385,0.0209941819027233
Coahuila de Zaragoza,San Buenaventura,0.0,-101.93662540775352,27.84153183469384,500.0,0.5095890410958904,23.961369863013697,3.84274369930232,3.24622653891587,94.2118388239927,1.6039732519639,98.804164,20.761246,14560.0,54.1736694677871,1.78503608051652,10.2228213507625,84.6843572034412,20.2913768211051,3.01876886730542,177.0,794.2122,38.0,756.2122,1784.4254,0.0,583.3831,0.0,80.6686,23.1,1.9,21.2,0,-1.1839960238642784,0.8271288484811402
Coahuila de Zaragoza,Escobedo,0.0,-101.30061234832,27.305490263348023,463.0,0.7893150684931507,23.43904109589041,2.97295662382907,3.35281146637266,39.3605292171996,1.75577367205543,98.405467,13.597246,400.0,44.06852248394,3.15500685871056,8.28172240036647,64.0630127994749,69.9007717750827,14.4432194046306,83.0,534.2975,133.165,401.1325,1422.1425,0.0,224.5,0.0,578.955,29.1,3.8,25.2,0,-0.3892590604518006,-0.7151459527310912
Michoacán de Ocampo,Charo,0.0,-101.0032092789954,19.66917595751262,2220.0,1.8808219178082195,16.907123287671233,77.8161488543265,3.93234559086041,58.711174580507,1.85608358611392,97.458922,47.04469,7377.0,61.122125297383,5.98308780513748,7.1420581655481,49.6817567029994,80.2392002856123,29.9714387718672,65.0,140.604,19.864,120.74,3930.8932,0.0,781.2075,0.0,45.7478,44.4,6.7,37.7,0,-0.7645959723453397,-0.8827380294138524
Jalisco,Ocotlán,9.1,-102.73361075540176,20.3872002114782,1540.0,2.064383561643836,19.636986301369863,436.925413826283,3.64043279004859,95.1483408566211,1.73204243249004,98.918688,28.58886,120000.0,63.0341982256987,3.75382096768005,9.42401681253764,76.4516737388025,83.7255780297026,44.5573894765859,102.0,741.2838,112.97,628.3138,13895.9199,3.5,1604.0587,7.8,49.3616,28.4,3.0,25.4,2,-1.3369916502965808,-1.2120848856741795
Durango,Mezquital,0.0,-104.53754254147604,23.056702891382173,1455.5,2.30186301369863,20.43904109589041,5.80204623050453,5.07100591715976,15.771920387305,2.86943437941411,65.01762,33.107345,5500.0,22.8762992429103,22.6622945987768,6.30237037037037,76.1789103184241,33.0177514792899,6.85314685314685,54.0,121.03,21.85,99.18,6233.4701,1.05,2053.5028,6.01,25.8218,91.1,65.5,25.6,0,6.370043968165343,4.079330795752894
Chiapas,Motozintla,89.0,-92.34879772398752,15.305080867817624,1776.5,4.221150684931507,20.932968036529683,130.748024185855,4.59322545586282,50.6581330757155,2.42187201528176,98.523304,39.017772,27000.0,60.2900801965176,8.77256029388277,7.20890096280612,79.4889918584256,35.3640864629876,20.1002294408888,86.0,105.1535,98.6985,6.455,3688.3534,0.5,12977.0951,0.33,104.975,71.2,12.0,59.2,4,-0.0944227110788852,0.9103821250439594
Veracruz de Ignacio de la Llave,Paso de Ovejas,9.0,-96.43763853171656,19.25749239197031,41.0,3.4002465753424653,26.164383561643834,86.1772774700281,3.14659636569061,64.2029940683551,1.80426681069403,95.781537,48.33361,24000.0,55.0178629425138,6.19438609891159,7.92652624335793,74.0356438012081,46.6528575463704,9.53770831371811,50.0,71.2892,19.6237,51.6655,3403.948,0.0,6261.0039,0.4,169.4903,52.1,10.6,41.6,2,-0.2197488559896578,0.4543058665980606
Durango,Tlahualilo,0.0,-103.60372396612736,26.30838872851501,1133.5,1.7953424657534245,20.910753424657536,4.45909076763872,3.72052863436123,48.3348017621145,1.792874755548,95.14981,30.484988,3000.0,52.6972499844807,3.82858678130038,8.91509116598264,77.3967743461193,71.9295154185022,16.3348017621145,157.0,1878.82,26.0,1852.82,10354.8114,0.0,1574.9958,0.0,1570.9827,32.3,2.0,30.3,0,-0.844181136566323,-0.9006776674105592
Tabasco,Macuspana,143.1,-92.42238461836268,17.8556796496746,9.666666666666666,6.645205479452055,28.69114155251141,65.2930201545368,3.66465221820876,49.3169398907104,2.09342542240569,96.560079,19.925836,130000.0,59.0582977859029,4.37849394528854,9.32742368656638,72.4409051645324,30.8905251458739,10.7784569787904,1174.0,1984.7709,1944.6609,40.11,7360.5966,0.0,6618.5146,0.0,599.931,69.3,24.5,44.8,4,0.0619646992740258,1.7735343982407452
Tamaulipas,El Mante,7.5,-98.93533378651836,22.60787005265984,74.28571428571429,5.683506849315068,24.978972602739727,64.8318069144789,3.06203998840916,80.8432338452622,1.69300424713519,99.008889,23.574437,76000.0,55.8366713455898,5.26609759947545,9.67645485275164,90.6297105818511,31.9936250362214,3.34975369458128,329.0,7286.5822,2816.9802,4469.602,37044.5616,0.0,19989.946,3.0,304.4171,39.7,3.6,36.0,2,-0.7421838402307509,0.5340949569052387
Tamaulipas,Hidalgo,0.0,-99.38787587353936,24.16436703094403,434.25,5.564657534246575,23.49598173515982,7.96408775376466,3.1037770443711,54.6021268793546,1.72295165394402,97.21749,25.562169,7000.0,52.1874547298276,4.41414374855558,7.73956645838155,83.2529978838467,30.4730473047305,1.57682434910158,116.0,599.67,268.75,330.92,5529.2235,0.0,10331.2706,0.0,176.2039,69.8,12.4,57.4,0,-0.204851021801857,1.0946232197542756
Jalisco,Tototlán,0.0,-102.74940839452675,20.53742250898705,1564.0,3.287671232876712,21.613150684931508,70.0426889428564,3.62782071097373,90.2936630602782,1.76679990949544,98.208121,34.152208,30000.0,59.5736540038262,6.0181904086936,7.74698153409091,71.6412845204259,87.9134466769706,34.0958268933539,36.0,250.27,31.67,218.6,14417.8956,0.0,1364.6632,12.0,624.2933,41.4,4.2,37.2,0,-0.8095463396972855,-1.289917603109619
Michoacán de Ocampo,Parácuaro,14.9,-102.21957513527602,19.07006638023624,478.5,4.333534246575343,25.427260273972607,53.3044091806076,3.72651123830797,43.9061845595421,2.02403700333637,84.799278,34.048349,24000.0,64.9517844716175,12.2087705138553,6.87555890750417,62.2316636851521,49.7417283261203,48.8203266787659,23.0,76.76,10.0,66.76,3078.9498,0.0,15092.2183,0.0,16.501,59.7,13.5,46.1,2,0.1761029758338618,0.5215946052585821
Oaxaca,Ciudad Ixtepec,28.5,-95.07842389398668,16.616713836218224,69.0,2.422821917808219,21.2054794520548,95.4994619793875,3.25922035480859,65.6979458450047,1.81654957064793,98.811977,34.580609,22000.0,59.5829500153327,6.9302760879738,9.66566660416276,74.6670465066591,39.6591970121382,8.87021475256769,26.0,78.02,11.52,66.5,493.075,0.0,12.5,0.0,1.1664,30.0,4.4,25.7,3,-0.6844257337751835,0.3305169276711471
Zacatecas,Tabasco,18.1,-102.92498868692935,21.939677760798617,1648.0,1.107123287671233,22.35123287671233,40.4397996435734,3.65622932745314,72.348401323043,1.78770889487871,97.045177,33.868093,16000.0,52.9563182527301,5.00461835586531,8.09780690698261,83.5845189293465,94.0022050716648,45.8875413450937,126.0,365.97,6.0,359.97,3608.384,26.65,1211.1887,13.0,77.5436,55.3,4.7,50.6,2,-0.5690878622164467,-1.4550315148723554
Chiapas,Acala,28.3,-92.82326611089675,16.53670962582627,446.6666666666667,0.0,26.60438356164384,69.6,3.9,57.8,2.5,98.0,32.0,20000.0,59.2,16.9,7.26,65.6,49.4,18.7,23.0,71.6,53.85,17.75,7682.8006,0.0,2025.6697,0.0,393.1,77.5,28.1,49.4,3,1.8232179410738936,1.370750410415315
Yucatán,Ticul,24.7,-89.55430168624726,20.36437906566126,30.0,2.6129589041095893,26.32287671232877,119.130755404781,4.01587143142344,78.0495108804153,2.22388390384402,88.859389,50.087935,20000.0,61.9903741655022,5.55112881806109,8.9544789519186,78.4343746141499,66.3106408464763,6.96745857456578,22.0,37.52,4.5,33.02,236.2992,0.0,3083.3742,0.2,36.3562,70.6,19.4,51.1,3,-0.2059792123002982,0.3127241049413869
Veracruz de Ignacio de la Llave,Lerdo de Tejada,36.6,-95.4900372202768,18.65927791808293,10.0,5.596712328767123,26.133972602739725,227.699763727066,2.90428942146237,90.0931155548771,1.43907420013615,97.322468,45.682712,45000.0,52.9833374172997,8.9196711761279,8.85662408404124,76.0654708989175,23.6605098458251,0.99221492901847,8.0,11.9356,11.9356,0.0,45.7152,0.0,1677.9,0.0,45.7468,51.6,6.0,45.6,3,-0.0084704526952866,0.9527315703270014
Yucatán,Temax,0.0,-88.891670125627,21.17308601380012,13.0,3.369041095890411,27.450410958904115,20.8459285989646,3.74707135250266,56.8690095846645,2.33001328021248,75.286416,59.4,1500.0,53.659839715049,11.6597037599696,7.29627518053972,83.5441239164417,61.5015974440895,4.63258785942492,10.0,22.8308,4.5308,18.3,342.68,0.0,2956.9814,0.0,86.8714,77.9,21.1,56.8,0,1.085212825949652,0.5696296951493895
Coahuila de Zaragoza,Lamadrid,0.0,-101.92798934514116,27.16452526114721,640.0,0.0576712328767123,24.07054794520548,2.61971207036991,3.18987341772152,68.7160940325497,1.54061135371179,97.769517,14.910537,428.0,39.178844815588,2.73668639053254,8.88492947290275,86.3945578231292,91.1392405063291,39.9638336347197,29.0,88.6721,0.0,88.6721,473.8694,0.0,429.0756,0.0,9.5579,16.5,0.8,15.6,0,-0.3444202534726518,-1.5843812307232423
Veracruz de Ignacio de la Llave,Chicontepec,7.3,-98.06371564848922,21.00699801934936,214.5,4.044575342465754,24.077260273972605,57.5124167793344,3.5365950151655,18.8118159039958,1.66265695241048,98.818256,46.148093,12000.0,52.8178095518201,9.4769662106637,7.63369475773271,82.6618144008318,33.4102597916392,6.94975603323223,1975.0,3893.8082,3889.3482,4.46,14968.6107,0.0,17873.7002,0.0,74.8676,73.2,25.2,48.0,2,1.0655025413097097,1.737992309413409
Oaxaca,Santa Catarina Ixtepeji,0.0,-96.5808003214668,17.221889065713395,1926.0,1.6756164383561645,18.616438356164384,12.1554679464535,3.46502590673575,19.6891191709845,2.00374531835206,97.956204,95.975232,286.0,49.2867004141739,1.8057589067838,7.67708842208109,59.2523364485981,51.5544041450777,3.23834196891192,22.0,38.25,37.75,0.5,245.62,0.0,45.94,0.0,0.0,77.2,18.5,58.7,0,-0.0681060416670289,0.75051849200971
Veracruz de Ignacio de la Llave,Tantoyuca,147.1,-98.19707255840066,21.38967663964405,77.0,1.9589041095890407,25.025342465753425,76.7554519633208,3.64874381074638,21.1003117549973,1.92628236159789,97.782866,44.969917,40000.0,64.5559210526316,6.94006752954417,7.93881089309878,77.3026941045829,56.2039244452595,14.4544287548139,2203.0,2029.2658,2029.0146,0.2512,10426.5916,0.1572,39995.5798,0.1281,853.6684,78.7,33.7,45.0,4,0.5777385437890655,1.4619618095218891
México,Valle de Bravo,6.1,-100.15125537383132,19.18490726965569,1915.6666666666667,10.980109589041096,18.42433789954338,153.744933245298,3.79005524861878,77.9005524861878,1.84269459451302,94.240838,57.242384,97000.0,63.9858972754204,5.92592592592593,9.12872400224845,56.2250365319045,73.877956421876,13.1727605686262,341.0,414.1495,189.9875,224.162,1776.6942,6.1141,463.8061,18.3766,89.7777,60.0,9.5,50.5,1,-0.7749845148540502,-0.5107418262754283
México,Zumpahuacán,3.5,-99.5638944490919,18.808515560035893,1934.0,3.1293150684931508,18.16054794520548,93.0700215175636,4.13435784851811,32.1405049396268,2.17283950617284,86.214099,62.66881,12000.0,56.5493822700672,7.99274104465835,7.47605500237079,73.4614771942866,73.4138309549945,10.1207464324918,52.0,22.12,0.178,21.942,1350.0855,22.561,601.4907,17.9191,16.7946,77.6,22.3,55.3,1,0.5344940287991287,0.2449917813072566
Nuevo León,Santiago,1.2,-100.26064405399212,25.37210518629948,949.6666666666666,6.285808219178083,20.27497716894977,63.2873537367553,3.22439905516187,93.6848686952897,1.61755375396546,98.996576,26.637301,59270.0,57.6815824450757,1.85582906547717,10.3091837017724,82.8125,21.3422259274698,5.25913575100736,25.0,39.555,17.755,21.8,57.405,0.0,251.0902,0.1,8.965,12.4,0.7,11.7,1,-1.4188578714658713,0.7240125470228408
Puebla,San Jerónimo Xayacatlán,27.7,-97.91944860223676,18.205289071510062,1341.0,1.0866575342465754,21.29150684931507,25.217977236864,3.08521739130435,12.5217391304348,1.74950690335306,91.64371,76.681614,1500.0,46.5832205683356,9.6028880866426,7.20940325497287,79.7004991680532,82.0869565217391,44.2608695652174,829.6285714285714,1410.8423873239435,1263.4923971830983,147.3499901408451,800.1121,0.0,20.6425,0.0,2.5416,59.4,11.6,47.7,3,0.6994170125527771,-0.6603679065049629
Sonora,Guaymas,49.7,-111.01885338279126,28.073849580045604,102.125,6.004054794520548,23.42646575342465,19.7420769549122,3.31087432739956,80.97152215062,1.75850763143019,97.232768,23.774307,110000.0,60.2495458836034,2.69707788362295,10.1140274949084,84.0230009626234,75.0356238967226,17.6588187753887,241.0,16746.4052,50.86,16695.5452,33057.4414,845.775,3258.4529,0.0,13097.5586,32.4,6.5,26.0,3,-1.1449541131415444,-0.9099614458861898
Michoacán de Ocampo,Sahuayo,0.0,-102.7821551888502,20.04812963957191,1860.5,1.9493424657534248,18.5382191780822,612.562880350084,3.62396215037803,95.5099958254093,1.77187967878045,99.335801,33.602427,90000.0,68.5279434647303,6.08802676512906,8.44350257951328,49.8413547918498,89.693399508326,57.1872535831903,17.0,84.614,5.11,79.504,1615.0471,0.0,1046.7437,0.0,0.4705,46.2,5.9,40.3,0,-1.1762253863484944,-1.241750482001272
Puebla,Piaxtla,172.9,-98.2202100456666,18.08500791423481,1119.0,1.3649863013698629,25.334246575342465,20.9191536052798,3.27498228206945,18.7101346562721,1.77525931617365,95.371109,46.071429,10000.0,44.937736870601,16.2138728323699,6.62536189924725,76.6155176140048,74.4153082919915,34.1601700921332,6.0,8.0,3.0,5.0,1476.603,1.65,32.27,1.5,9.49,68.8,17.9,50.9,4,1.9463565506495224,-0.0422393869757264
Tamaulipas,San Nicolás,0.0,-98.77377029075816,24.62386061904788,797.0,1.36986301369863,21.33835616438356,1.70014176542514,3.31294964028777,1.07913669064748,2.03777777777778,97.250859,19.3,68676.0,19.3989071038251,5.37313432835821,7.36119402985075,89.9568034557235,62.9496402877698,0.359712230215827,4.0,8.7087,8.7087,0.0,230.2009,0.0,184.2167,0.0,1.5125,82.9,24.1,58.8,0,2.2202347181044884,0.6961215806014935
Veracruz de Ignacio de la Llave,San Andrés Tuxtla,30.2,-95.19830868143106,18.46336454092041,197.3333333333333,8.337835616438356,24.627397260273973,169.738197731124,3.61599051220658,63.0692116628253,1.85172832714436,97.823088,56.772578,80000.0,56.0093900350964,14.1769593346422,7.22636754049976,63.3979363163986,38.4882185772785,4.31649846718432,1321.0,1877.5758,1824.8957,52.6801,13823.3831,0.0,13713.1124,0.0,185.2515,79.3,31.4,48.0,3,1.815380837854334,1.926132924787629
Coahuila de Zaragoza,Nadadores,0.0,-101.77088615489971,27.23064849593149,640.0,1.2021917808219178,23.26780821917808,9.12535708694874,3.3137354282818,80.2331474911303,1.65017667844523,98.606092,32.955159,4000.0,50.8471385542169,2.52729478366357,9.51729048006509,85.7470561247897,63.0511910795743,8.05879371515459,99.0,653.445,64.82,588.625,2365.9743,0.0,1040.8551,0.0,40.9336,16.8,0.7,16.1,0,-0.9801740581444792,-0.6593336235738831
Puebla,Coatzingo,0.0,-98.14935977065426,18.573810229624964,1208.0,1.59186301369863,23.56986301369863,24.4940030521506,3.57868020304569,23.7309644670051,1.9434872501723,92.801047,42.998028,2000.0,41.3968547641073,16.1080540270135,5.81031031031031,92.0567375886525,61.5482233502538,17.258883248731,103.0,349.9,0.0,349.9,1148.4516,2.1,53.4639,0.0,4.25,79.4,22.7,56.7,0,2.3650609230362294,0.6616867490304598
Coahuila de Zaragoza,Parras,2.2,-102.38396280904878,25.59194180661561,1249.6666666666667,0.8068493150684931,21.95534246575342,4.18732132833553,3.48332022029898,79.3548387096774,1.66567479001092,94.48589,30.617551,40000.0,61.3818577482534,3.01907590556967,9.44826310760411,77.6466091023565,23.808025177026,2.68292682926829,166.0,1187.2703,347.2833,839.987,6529.1182,359.18,5911.9083,2.0,2003.1346,30.0,3.2,26.8,1,-1.3339099473166014,0.7578958908514378
Yucatán,Telchac Puerto,0.0,-89.27367580308936,21.30831703825312,2.0,1.9176438356164385,27.253150684931505,29.3835389081923,3.38502673796791,83.6007130124777,2.07768052516411,97.773655,54.8,400.0,58.9760207388205,5.48696844993141,8.03431708991078,67.2062663185379,66.1319073083779,44.0285204991087,41.90243902439025,259.23385909090905,42.62917727272728,216.6046818181818,0.16,0.0,2.16,0.0,2.46,42.5,8.3,34.2,0,-0.63324943948693,-0.3219666615730843
Michoacán de Ocampo,La Piedad,9.1,-102.04781041779368,20.29868681202357,1684.0,1.5937808219178082,21.883698630136987,373.988930999985,3.58113284295448,92.7731263347005,1.67474673811373,98.746163,34.446536,125000.0,63.0097052863593,5.95543534586267,8.96170600749671,66.3527091745704,89.5325582183655,47.7610928443104,109.0,458.7266,109.2066,349.52,6194.1774,3.0,2771.9397,27.5,138.969,35.7,3.6,32.1,2,-1.0264672431042523,-1.37125645287959
Tabasco,Tacotalpa,137.8,-92.71410685588394,17.51597821114788,53.5,20.436438356164384,27.287945205479456,65.2124912270502,3.74372253609542,73.0775266792216,2.19954815805247,93.066142,43.602499,39980.0,58.7510803802939,5.04788041574215,8.66088125292193,71.3349337229934,25.9965473948525,7.50156936597615,442.0,587.1504,569.6504,17.5,5410.6389,0.5,8289.3786,2.0,924.7794,62.4,19.0,43.4,4,-0.1225794061749233,1.6134480641859528
Oaxaca,San Antonio Huitepec,34.1,-97.14836089104436,16.921970736514496,2143.5,2.5191780821917806,17.017808219178082,15.3405222470807,3.51180124223602,22.111801242236,2.06501095690285,96.741155,84.742268,600.0,29.5566502463054,6.83139534883721,7.51065891472868,79.0531335149864,44.8447204968944,25.0931677018634,18.0,30.125,23.125,7.0,727.6621,0.0,134.947,0.0,0.006,88.0,30.9,57.1,3,2.230962925247333,1.6891718807841627
Oaxaca,Santa Ana Tlapacoyan,0.0,-96.86694698183469,16.745440935517347,1525.0,0.466027397260274,20.03972602739726,41.9584521196917,3.18373983739837,40.0,1.79633027522936,96.387521,81.818182,429.0,47.2308649657747,13.2932531730127,6.48630594522378,55.0051072522983,65.5284552845528,13.4959349593496,6.0,4.5,0.0,4.5,396.9392,0.4,72.2326,0.0,0.52,68.0,20.1,47.9,0,1.572635743751038,0.3796047427985412
Zacatecas,Mazapil,0.0,-101.97896381357928,24.380804762382013,1863.1818181818185,7.381041095890411,18.4267397260274,1.46691660349361,3.8238844578573,31.4291873248545,1.84942084942085,84.349955,25.043178,22000.0,48.8551331936546,8.20283975659229,7.40573470879701,75.9930235174975,66.6091830135805,15.7145936624272,131.0,565.66,548.66,17.0,17098.6356,0.0,518.8291,0.0,586.156,44.1,7.1,37.0,0,0.1717005166489379,-0.4155162851564996
Oaxaca,San Miguel Amatitlán,14.4,-98.03087119543424,17.88601387232223,1527.0,1.704109589041096,24.736986301369864,38.6769666183547,4.38140417457306,5.88235294117647,2.44597457627119,86.017699,49.275362,286.0,43.0409356725146,14.6120689655172,6.04376886589047,81.130986728217,56.483238456673,45.3510436432638,3.0,0.4,0.4,0.0,1418.588,0.08,31.13,0.0,3.5362,74.9,21.7,53.2,2,2.0391074241789053,0.7718723300116813
Coahuila de Zaragoza,Abasolo,0.0,-101.32737341588876,27.143091759555112,430.0,0.1324657534246575,23.31712328767124,1.37522266802947,2.82044198895028,91.7127071823204,1.33464052287582,98.84058,20.872274,631.0,51.2910798122066,1.71990171990172,8.93726937269373,56.7514677103718,68.7845303867403,66.2983425414365,30.0,495.87,52.0,443.87,804.5331,0.0,830.1349,0.0,78.84,11.0,0.6,10.3,0,-1.110351009365527,-0.8557481649735588
Guanajuato,Acámbaro,0.0,-100.74473644683884,20.070844557613327,1880.5,3.9953424657534247,19.65109589041096,123.83523934096,3.58946843853821,81.5681063122924,1.67970013686699,95.922718,44.11544,80000.0,58.3399904138041,8.53030487064254,8.3440739839377,79.2846168707508,87.468438538206,27.3654485049834,372.0,2128.9638,218.653,1910.3108,30355.2094,123.91,664.011,28.34,180.7556,51.9,6.9,45.0,0,-0.2883608396520196,-1.112822947030262
Yucatán,Peto,46.2,-88.82867986891591,20.05169274951333,35.0,4.047534246575342,25.66602739726028,24.5999849497379,4.05225281602003,60.6070087609512,2.52619767782223,83.402079,51.078167,3000.0,60.0839046352195,9.83142952201397,7.67477372424899,86.3489250211913,62.6720901126408,3.86420525657071,86.0,134.3302,118.69,15.6402,2792.3872,8.1401,3205.8719,1.5009,501.8426,85.3,33.2,52.1,3,1.1486710912573532,1.2237004804256877
Michoacán de Ocampo,Cojumatlán de Régules,0.0,-102.88590454308468,20.10936661043003,1524.0,1.904109589041096,19.778082191780825,80.4959533427959,3.58429639700884,84.4663494221618,1.81434962147281,97.749546,36.172608,7000.0,56.7505164661563,9.82689053755043,6.64577088492115,62.1529422912916,84.7042828008158,42.0802175390891,28.0,75.44,1.5,73.94,1970.7935,0.0,1062.6891,59.88,0.0,59.1,8.0,51.1,0,0.0147545746343307,-0.9550363687900474
Guanajuato,San Miguel de Allende,0.0,-100.7356519543034,20.913046844188656,1963.0,3.5688767123287675,17.52013698630137,112.377708699042,3.90479723046489,76.4926715223451,1.77705461578608,89.798978,34.644538,108520.0,64.4202659632927,9.50061861194512,8.69851623143315,64.4520802909257,82.3756856397806,18.6718820249978,98.0,3427.3203,394.3883,3032.932,32757.4397,146.318,2329.6929,2.2,3897.0722,43.5,3.2,40.3,0,-0.6723108711962895,-1.2112587305974545
Oaxaca,Santiago Ixtayutla,2.7,-97.6924310359123,16.52963949352217,610.0,0.2410958904109589,26.873972602739727,30.4351908747967,4.39885677993014,7.97078437599238,2.77483974358974,97.859855,80.769231,857.0,32.2317380352645,23.7572772055531,5.04176931690929,85.2449567723343,19.117180057161,18.4185455700222,8.0,11.5,2.0,9.5,3153.8886,0.0,1012.6927,0.0,1.0,96.8,72.6,24.2,1,6.391959156747509,4.950646830030023
Veracruz de Ignacio de la Llave,El Higo,0.0,-98.38438979252312,21.767276290114204,29.0,4.063013698630137,25.20328767123288,49.602684691718,3.4696261682243,53.1631919482387,1.79765341279449,97.623027,25.627927,18000.0,51.3900535380249,6.84311574328031,8.6572076405112,77.5332439954644,36.3767074047448,7.67433501078361,266.0,488.79,482.29,6.5,951.757,0.0,21008.2078,0.0,961.4666,48.0,8.0,40.0,0,-0.0846968406068896,0.6334289429997993
Querétaro,Cadereyta de Montes,0.0,-99.6660366345346,20.791212921842387,2064.0,3.831452054794521,15.742465753424655,51.2659510880571,3.99060978437283,55.7442615348945,1.98944934239052,79.567767,70.070901,50000.0,59.9731147168525,8.17438132039793,8.01642617484202,77.3217517191459,78.7676791096684,17.4530489218641,186.0,283.9729,233.95,50.0229,7554.2379,4.5015,1047.4842,0.0,110.5345,52.2,8.9,43.3,0,-0.3142386485339322,-0.7078171047038705
Jalisco,Zapotlanejo,0.0,-103.05133670423982,20.639585049759937,1621.6666666666667,2.513095890410959,20.045753424657537,90.1628185771719,3.60424323421316,91.2128299365185,1.78241352720864,97.718782,50.056958,60000.0,67.6853537070741,5.51639397270905,7.85882480017282,47.8859982100423,90.3107250250585,51.9322864461521,14.0,49.4005,10.5,38.9005,19486.382,2.36,3265.8984,0.85,325.2017,38.0,4.8,33.2,0,-1.261828647601522,-1.3304336903700331
Oaxaca,San Pedro y San Pablo Teposcolula,0.0,-97.47120967706392,17.493612377186288,2312.0,2.3375342465753426,15.786986301369865,24.3484890820216,3.53676470588235,38.4803921568627,1.82735331363444,97.767857,65.619546,2500.0,52.9445894981143,3.0359355638166,9.23580515048092,80.0367562600505,77.2875816993464,12.1732026143791,31.0,34.155,34.155,0.0,1063.0577,1.0,114.1146,1.0,3.599,48.7,7.4,41.3,0,-0.6772930278883839,-0.7438375432134264
San Luis Potosí,Guadalcázar,0.0,-100.29570612201502,22.900996248897243,1428.3333333333333,1.904931506849315,14.127397260273971,6.70579933105153,3.85992277992278,13.2818532818533,1.89984779299848,94.209819,35.05618,10000.0,56.4804730045122,13.0127377812693,6.42899741195004,82.0136151916876,49.3127413127413,32.3088803088803,265.0,1123.807,1121.795,2.012,14741.705,16.953,2262.2598,0.0,42.4255,72.9,21.8,51.1,0,1.146401660677092,1.0148293326280828
Veracruz de Ignacio de la Llave,Tamiahua,1.9,-97.4970089076775,21.33927246858505,26.5,4.090191780821918,25.19931506849315,21.5173957915124,2.94809921811809,16.5273658668105,1.5825010855406,97.213973,34.121123,10000.0,55.4480980012895,7.98357664233577,7.26337119698613,73.7147292484705,37.1124292262065,5.8775950390941,354.0,466.1356,466.1356,0.0,1915.4188,0.25,17383.8617,2.5,827.7759,62.7,14.6,48.1,1,0.1913211499680578,0.9921612892844625
Oaxaca,San Pedro Totolápam,0.0,-96.2341574824148,16.657307800117394,942.0,1.4753424657534246,24.78630136986301,8.19865897553757,3.40764331210191,56.2632696390658,1.81766704416761,98.132005,97.93621,1300.0,49.5635673624288,7.61828388131516,7.72237846524709,71.5846994535519,76.0084925690021,6.79405520169851,5.0,1.75,0.5,1.25,186.8848,0.25,533.3996,0.0,6.5016,46.7,7.0,39.7,0,0.0559840194568703,-0.7245733492741551
Jalisco,Huejuquilla el Alto,0.0,-103.92990200580174,22.52810859588756,1731.3333333333333,0.8982739726027398,16.684657534246575,13.0141807980191,3.71892497200448,65.658827920866,1.82372322899506,87.805964,52.767528,8240.0,52.3169912693083,8.97751994198695,7.70992588286586,81.6774837743385,91.190742814483,32.6241134751773,8.0,10.77,0.0,10.77,4132.3632,0.0,54.71,0.0,205.3749,51.0,8.7,42.3,0,0.1732586343776126,-1.1326300631249169
Veracruz de Ignacio de la Llave,Misantla,24.3,-96.85805519523625,19.959097818095323,184.5,9.454301369863012,25.83013698630137,125.642733467201,3.35357839613923,64.8526542766198,1.84947758869666,97.113138,48.519296,42000.0,60.6227140579574,7.12756378189095,8.5853907610981,72.0290141573273,51.2629633432591,30.3419242221994,1230.0,1253.1439,1253.1439,0.0,1690.4228,0.0,11461.173,0.05,184.0566,60.8,10.3,50.5,3,-0.4075797284193942,0.2839178905301651
México,San Simón de Guerrero,74.7,-100.03191263251696,18.972367762432533,1865.0,3.3067123287671234,18.88712328767124,51.1729694276698,3.89883040935673,41.0526315789474,1.86952861952862,83.846154,49.531738,2000.0,49.0005937067089,7.46977547495682,8.68272138228942,90.7650926479378,75.4970760233918,30.6432748538012,7.0,4.94,4.74,0.2,1360.1072,0.52,521.2159,0.0,38.6089,61.1,11.4,49.8,4,0.2943871085532425,-0.4539480745933402
Zacatecas,Trinidad García de la Cadena,0.0,-103.49415042320544,21.22284919500178,1712.0,2.128739726027397,17.612328767123287,10.9473620937591,3.11699164345404,91.0863509749304,1.5634328358209,97.797357,24.912689,5650.0,43.0815258040389,7.01474691111997,7.69684882329477,57.644259369423,94.0575673166202,8.72794800371402,58.391304347826086,14.0,14.0,0.0,1779.0077,0.5,1758.718,0.0,19.7349,54.2,3.6,50.6,0,0.1391359564681313,-1.5195664964084428
Michoacán de Ocampo,Cotija,0.0,-102.6928958552507,19.75128594239909,1640.0,2.0,19.674931506849315,39.9945377940188,3.40067681895093,85.093062605753,1.7643340064975,98.452722,37.23491,15000.0,56.4078222897285,13.6533369543078,6.82815157493707,53.9558372116051,87.3773265651438,31.7766497461929,7.0,31.42,31.42,0.0,2799.3511,0.5,5222.1487,8.0,18.0,46.6,5.2,41.4,0,0.3708464592445457,-1.2056425699351554
Tamaulipas,Tula,0.0,-99.80558038811412,22.947878027211587,1147.25,3.219780821917808,20.208858447488584,9.17756556894288,3.63169412976313,34.2044284243048,1.896920387305,97.403111,32.622799,4000.0,55.3654670893157,6.98343768935569,7.70914239482201,89.8157987956075,73.0046343975283,10.7878475798146,131.0,979.48,487.39,492.09,13274.1654,100.0,1908.0749,0.0,211.0259,62.4,11.7,50.7,0,-0.0810483720929839,-0.3564686875797554
Jalisco,Tizapán el Alto,0.0,-103.09837309553444,20.107288311704515,1663.3333333333333,1.494082191780822,18.117260273972605,117.381379045765,3.58731165741475,85.4559873116574,1.76992398714834,96.702333,92.101341,17270.0,59.8290107872389,6.23960578995996,7.50774930534115,49.1299762720801,79.7145122918319,13.7985725614592,109.0,451.7084,41.17,410.5384,5014.6179,8.27,1173.9908,114.5287,71.4286,53.3,7.9,45.4,0,-0.6030493499714398,-0.7964032859741171
Michoacán de Ocampo,Jungapeo,5.0,-100.52854905097928,19.411504018765985,1248.0,0.1602465753424657,18.99041095890411,74.7082878518836,3.9142005958292,62.6017874875869,1.92931962799804,93.719443,49.031264,9000.0,58.968534972276,8.24652145406862,7.36572554169403,57.4165574266411,61.4101290963257,19.5431976166832,22.0,228.07,4.57,223.5,2702.349,0.25,3975.9942,5.5,59.532,50.6,9.0,41.6,1,-0.247930598414572,-0.1258062015587244
Nuevo León,Montemorelos,0.0,-99.90359242989209,25.1632883112618,458.6666666666667,4.118273972602739,22.56732876712329,36.0778537551268,3.18856814591412,92.9340801378716,1.72120819289603,98.806749,20.240105,105000.0,60.0623853211009,2.32816829944186,9.70631291822838,85.5000889838049,14.4860931590789,2.5420077552779,31.0,193.31,154.31,39.0,1448.05,12.0,15862.2919,5.4,473.6965,18.2,0.6,17.6,0,-1.4876264950582936,0.9388547639390794
Veracruz de Ignacio de la Llave,Catemaco,28.3,-95.009606865803,18.43550928237919,11.0,8.924191780821918,23.83589041095891,75.0260922617821,3.59890390938984,67.044208987943,1.81416939910843,98.30642,63.045414,60000.0,59.3384666547287,13.4992727572107,7.53426350627592,67.9864916786314,45.3635367190354,7.27804165144319,132.0,306.4575,275.4575,31.0,2895.2629,31.0,3928.4515,0.0519,200.4811,81.5,27.8,53.7,3,1.3708375498227952,1.4900319945301952
Quintana Roo,Cozumel,29.3,-86.9204405748976,20.431696682123533,6.0,4.775890410958905,28.254794520547943,181.609336115145,3.34770551587905,94.4613280656435,2.04593294765456,99.407769,58.24403,88397.0,67.8691004861101,3.1173804430749,10.1495876443245,78.1226728048203,93.5268196322747,36.5749886035557,216.7142857142857,2.75,2.75,0.0,1.75,0.0,123.1,0.0,76.25,39.6,5.1,34.5,3,-1.5588984417329343,-1.4161482763109543
Sonora,Bacerac,0.0,-108.73108378968448,30.25306158345125,1038.0,1.1433698630136986,17.671232876712327,0.908077787601714,3.21635883905013,87.598944591029,1.38522727272727,91.35514,11.965812,1000.0,48.1818181818182,3.1763417305586,8.0953947368421,69.9426699426699,70.712401055409,0.263852242744063,26.0,72.2,0.0,72.2,262.8085,0.0,415.2374,0.0,251.78,41.0,5.0,36.0,0,-0.5373389250161906,-0.6680296149136228
Zacatecas,Momax,0.0,-103.23673784676524,21.94482974665314,1649.0,1.769068493150685,19.07958904109589,15.1167086209068,3.09493670886076,93.6708860759494,1.55308328035601,99.174691,29.271709,4000.0,47.6621417797888,5.78158458244111,7.80985538296733,76.573998364677,97.7215189873418,11.3924050632911,6.0,21.0001,0.0001,21.0,1302.2581,0.0,79.8514,0.0,4.9,44.5,2.3,42.3,0,-0.3211945710766715,-1.715917485490308
Coahuila de Zaragoza,Sacramento,40.5,-101.76123496817183,26.918605519019124,1275.0,0.8816438356164384,22.776027397260275,8.53932941177358,3.40827586206897,69.6551724137931,1.7088520055325,98.389458,21.958457,1000.0,46.2409886714727,2.86028602860286,9.11612548156302,74.5851881829219,92.1379310344828,8.68965517241379,50.0,268.25,36.04,232.21,1176.1828,0.0,358.5155,0.0,7.9064,16.6,2.0,14.7,3,-0.632253589453366,-1.5481608796160549
Veracruz de Ignacio de la Llave,Citlaltépetl,0.0,-97.88349718483067,21.336869497262903,220.0,3.580821917808219,23.22191780821917,137.413104657152,3.33363363363363,53.3033033033033,1.81054177545692,93.880049,37.933131,5000.0,54.3859649122807,12.1756241544705,7.19571639586411,51.6345723242275,30.6906906906907,18.3183183183183,83.0,61.1428,61.1428,0.0,185.1904,0.0,1307.7135,0.0,94.87,83.7,31.6,52.1,0,1.656938229441972,2.1975192355231843
Nuevo León,General Zaragoza,0.0,-99.74024652980526,23.8802653575231,1777.0,0.7712328767123288,19.51178082191781,4.80761924156089,3.7876213592233,37.9247572815534,1.96042713567839,92.509603,16.852679,7000.0,47.5824859929446,4.08577878103837,7.96330690826727,87.4243871378542,16.626213592233,1.82038834951456,155.0,369.125,106.31,262.815,2689.5683,1.0,278.399,0.01,19.46,65.7,19.6,46.1,0,0.3652018920401559,1.9718355150648037
Sinaloa,Mocorito,52.0,-107.81900786976357,25.36394253928669,97.75,6.136219178082191,25.839132420091328,14.4106745203071,3.48278248831978,59.5431735594393,1.79210831032333,91.982328,14.350385,25500.0,54.3815539338934,6.90207094793232,7.93371286480827,85.6236681698796,64.5440387610313,8.59145180827133,1102.0,20505.0122,11450.4127,9054.5995,73800.0064,225.25,2552.717,0.0,326.6107,37.6,5.4,32.2,3,-0.3668689748067221,-0.4414900583599013
Jalisco,Acatlán de Juárez,4.0,-103.5985420693556,20.41907210229013,1385.0,3.902821917808219,20.68575342465753,157.15862492149,3.70887666928515,91.0290652003142,1.76879262534662,99.094327,35.66713,22000.0,54.2993630573248,2.73664057660904,9.22578460149018,74.8514851485149,76.2608012568735,21.0369206598586,32.0,110.9622,106.7622,4.2,3785.9232,60.4,2955.4514,106.5,151.0,28.3,2.1,26.2,1,-1.0599088013316074,-1.0180329315870742
Sonora,Navojoa,2050.6,-109.40225673853725,27.02656579689945,55.0,5.5155890410958905,23.30364383561644,58.5272514037202,3.49669312169312,73.8500597371565,1.86970858720705,96.506323,19.981088,58749.0,58.9404518067786,2.33099301101924,10.3092423234453,87.2368252964042,26.8049155145929,3.6610343061956,584.0,22824.3294,871.86,21952.4694,33999.2738,49.25,2569.0473,0.0,1186.5228,38.9,6.7,32.2,4,-1.1130653538366813,0.8724577029484378
Nuevo León,Mier y Noriega,0.0,-100.13892762151931,23.402239393050124,1794.0,1.1711232876712327,20.503561643835617,7.66801264628102,4.06804891015417,28.8676236044657,2.06531713900135,96.078431,27.430556,2000.0,41.6033904291012,9.84567298300449,6.59073132577239,92.890747516989,29.2397660818713,17.5970228601808,128.0,750.07,750.07,0.0,7998.47,0.0,5.0,0.0,30.5,65.1,21.4,43.8,0,1.4957783838264505,1.6574296554480152
Durango,Nazas,0.0,-104.073263961799,25.27096936527923,1243.0,0.7946027397260275,20.239315068493152,5.40068606875362,3.66163915765509,73.3352305065452,1.72476203244403,92.408759,24.285022,10000.0,49.9697214372224,2.92964495752559,8.35916493605859,78.4783620288506,53.3010813887308,3.18725099601594,161.0,908.845,78.33,830.515,3365.8934,0.005,6898.4403,0.25,135.91,47.8,2.2,45.6,0,-0.8061779141696449,-0.2507966388098973
Oaxaca,Villa Díaz Ordaz,0.0,-96.3812827132402,17.05404560259946,1713.0,1.2915068493150683,18.504109589041096,22.8260251183826,3.72219020172911,24.8414985590778,2.21835115557089,98.137369,86.804452,3000.0,62.3329515082092,5.76805072611986,6.23700368399509,27.6171331374671,73.1988472622478,6.97406340057637,93.0,104.9945,94.2465,10.748,1225.095,0.25,58.3065,0.0,0.0054,89.5,41.7,47.7,0,0.9593323201108538,1.372852555486797
Veracruz de Ignacio de la Llave,Las Choapas,55.5,-93.94000230526191,17.563483388346164,11.0,23.68583561643836,25.34534246575343,23.1070657610171,3.61558755142193,51.681273475228,2.0533682178419,94.029358,36.609765,49000.0,59.8167969006501,13.5438171851641,7.52318352660361,67.9501726689689,32.6909318547666,4.87837596136648,1791.0,4725.8235,4725.8235,0.0,8978.189,0.0,135422.7716,0.0,948.0471,74.0,25.3,48.7,3,1.2221441825018171,1.7550270293497623
Jalisco,Ahualulco de Mercado,0.0,-103.97538559669044,20.710350602260355,1340.0,2.237698630136986,21.698630136986303,86.2442567942935,3.58268079226163,87.9932442806694,1.64931022285108,98.714859,61.802155,21000.0,61.9937529779237,2.74968753550733,9.51952635773654,77.879813796022,86.4117918010134,43.5897435897436,6.0,24.22,24.22,0.0,5644.0159,0.0,6875.84,155.75,43.344,32.8,2.0,30.9,0,-1.4618131285361626,-1.3588183647421677
Puebla,Tepexi de Rodríguez,0.0,-97.9413277128856,18.474235058587706,2171.0,1.888438356164384,16.019178082191782,56.9592748983696,3.55134777575657,17.3805192657516,2.10456683653469,91.077086,54.885993,6000.0,63.2741072968777,8.49823211959556,7.93593885920219,66.9114683623662,77.906399867703,23.2511989416239,59.0,167.57,38.64,128.93,7945.1049,0.25,176.437,0.0,16.008,68.7,16.8,51.9,0,-0.0348302706949881,-0.2216155434718809
Jalisco,Yahualica de González Gallo,0.0,-102.95136331244848,21.1234077314109,1662.6666666666667,4.074054794520548,18.91,39.7525786891761,3.21529581529582,92.8571428571429,1.52355877726869,96.878364,35.377049,28000.0,58.5130439578622,6.43298969072165,7.81615779838186,75.0200946682147,94.9350649350649,58.4992784992785,19.0,24.725,14.475,10.25,10865.0148,10.0,948.5682,0.0,290.216,39.6,3.2,36.4,0,-0.7540488440767433,-1.5756635287682883
Guanajuato,Comonfort,0.0,-100.79731203663825,20.73708578733396,1790.0,1.5104109589041097,18.908493150684933,168.248879837309,4.207062929884,63.2275947028026,1.98594654842383,88.241997,40.993897,100000.0,58.7890903898329,9.48185729222015,8.16855341590366,78.8836722779021,68.0576942819012,30.1047120418848,67.0,660.19,66.54,593.65,14911.465,9.25,753.4062,0.0,158.6393,52.1,7.5,44.5,0,-0.1602952970702776,-0.4342750787548616
Guerrero,Metlatónoc,26.5,-98.55815977684036,17.12396213198003,1939.0,11.498630136986302,19.815068493150683,32.2912048032741,4.79953440248319,8.6652871184687,2.6705069124424,57.474908,31.627431,4057.0,28.5459266471925,34.3159273816208,4.8610121836926,92.0356328543401,24.0300051733057,1.75892395240559,173.0,365.548,110.255,255.293,4326.2502,0.0,1053.8676,0.0,29.742,97.7,67.8,30.0,3,7.668072974564498,4.510109958391315
Veracruz de Ignacio de la Llave,Jesús Carranza,5.1,-94.9094907405334,17.387928730740025,27.5,10.002849315068492,25.94027397260274,20.1863536551814,3.48044624249111,31.9970577418168,1.94036383531665,95.890411,42.647059,7000.0,67.2159426210904,11.9206915075451,7.00302956266797,66.3686719955126,39.3404437906093,17.5309550079686,1698.0,5654.7724,5629.7724,25.0,8746.0873,0.0,10945.5335,2.5,761.9379,74.0,24.1,49.9,1,0.5717990279453152,1.467933441020987
Yucatán,Cantamayec,0.0,-89.0571172730239,20.41309818783042,24.0,4.962739726027397,25.86328767123288,7.73312345061052,3.6971736204576,11.7092866756393,2.59150943396226,60.37415,46.428571,1000.0,50.4477611940299,15.0780829294561,6.44342672413793,89.9818511796733,56.1238223418573,3.63391655450875,14.0,23.45,23.45,0.0,570.6315,0.0,308.642,0.0,104.2732,80.0,29.1,50.9,0,2.0979901498715234,1.2097401095735842
Veracruz de Ignacio de la Llave,Huatusco,5.0,-96.96549698266747,19.145623974168057,1186.0,4.743041095890411,16.604383561643836,295.304613580457,3.72095771144279,65.4850746268657,1.96241020762948,98.426966,61.801424,48000.0,65.7885270530481,8.45307767631453,8.2065123273937,55.9395861148198,60.6902985074627,7.45024875621891,443.0,467.5568,467.5568,0.0,801.2271,0.157,8295.7786,3.6076,135.6485,68.3,15.8,52.5,1,-0.2225397263649182,0.2897119908884307
Oaxaca,Calihualá,142.7,-98.25325064461632,17.556576974203544,1325.0,1.9594246575342464,22.434246575342467,20.714335316085,4.04719764011799,7.37463126843658,2.24918032786885,81.25,35.83815,571.0,33.9164237123421,20.9797657082002,5.49360341151386,79.3865905848787,48.0825958702065,4.12979351032448,56.0,47.824,8.399,39.425,660.931,0.0,6.955,0.0,3.607,83.4,39.4,44.0,4,4.233305304321643,2.072702978397624
Tamaulipas,Abasolo,2.1,-98.22701334083813,24.12763491248535,70.0,0.5928767123287672,25.03397260273973,5.28383618819731,3.18680961663418,75.5685510071475,1.70828979449669,98.173644,17.601476,7000.0,52.932138284251,7.89582472095907,7.90713790713791,92.4353492160456,62.4106562703054,4.97076023391813,394.0,8492.0945,517.5313,7974.5632,22356.0995,0.0,867.8482,0.0,91.9902,56.1,4.4,51.7,1,-0.2180934332733068,-0.4251306745670207
Veracruz de Ignacio de la Llave,San Juan Evangelista,1.3,-95.2304227306242,17.76252384672835,63.5,8.180904109589042,26.365616438356167,25.8633619663494,3.43057163911991,42.7939783135067,1.82031075340935,96.222101,49.042904,20000.0,56.717278493177,11.7775399308414,6.73131254890655,64.006619472281,33.4877355511106,12.9487314454153,1051.0,1991.8014,1939.8014,52.0,6061.2457,0.1194,6735.2009,12.5223,1278.4531,69.1,14.5,54.5,1,0.5997761985953305,1.100065902742004
Oaxaca,"Heroica Villa Tezoatlán de Segura y Luna, Cuna de la Independencia de Oaxaca",7.8,-97.85962032090217,17.57297406162416,1527.0,1.4879452054794522,22.18931506849315,23.5598029461386,3.45153448799757,24.7341233667578,2.01257973068746,96.591271,53.63528,4000.0,63.3023461708721,14.9455234486026,6.19277251184834,72.4989097252508,71.8930416286843,22.8805834092981,57.0,94.5555,24.25,70.3055,3543.4994,1.37,164.935,0.1,2.562,74.3,29.2,45.1,2,1.4208889697226714,0.6941447380588913
Oaxaca,San Carlos Yautepec,17.1,-96.09064136129648,16.422296774179017,846.0,2.4493150684931506,24.334246575342465,5.06037877957056,3.95129427792916,26.158038147139,2.22625215889465,96.109325,72.395129,428.0,60.1519963702359,9.03990024937656,6.55078076202374,81.3325330132053,38.1471389645777,8.03814713896458,34.0,42.75,10.75,32.0,5341.962,5.5,2495.511,0.7,85.514,92.0,36.0,56.0,2,1.1902429175558698,2.2045631558823784
Tabasco,Emiliano Zapata,24.9,-91.63946350776106,17.693896215554076,26.0,0.0,27.73835616438356,54.3310606338504,3.38253550762756,80.2209363492899,1.92433856099605,97.176415,19.639307,35000.0,62.8506414531759,5.16586477589263,9.61637511118641,77.9839035455704,50.35244608101,6.6070489216202,560.0,1296.065,1288.065,8.0,2327.9841,0.0,8000.6302,0.0,1889.056,56.2,11.2,45.0,3,-0.7241392767835486,0.341503046034879
Baja California Sur,La Paz,36.3,-110.50877928367088,24.095044855178458,253.2173913043478,31.42120547945205,22.548119215105515,18.959776080682,3.17999077308377,90.6610426415343,1.58633939860371,99.033997,21.308759,421000.0,64.3283600693016,2.10090692964691,11.0650318181617,85.4058807627951,89.2220830861838,28.2343636723127,282.0,1451.6516,52.85,1398.8016,2941.5286,765.7493,909.4088,9.244,1334.1353,20.6,1.9,18.7,3,-1.6698378155960607,-1.4763834130529507
Sonora,Nogales,20.4,-111.01869879102426,31.19593245696695,1200.0,1.927945205479452,17.958219178082192,150.739019150553,3.35945206879808,92.1017659536405,1.70463346760854,99.194328,16.82243,302000.0,64.8644012065934,1.36020125216711,10.5864327968794,81.9659191334758,76.5148611004626,8.58953717191853,12.0,37.77,5.27,32.5,760.6148,0.0,5083.1794,0.0,202.57,29.5,2.4,27.1,2,-1.7652640612449717,-1.0098728674911797
Guerrero,Olinalá,14.1,-98.77468339164304,17.882581370925116,1336.0,3.3653972602739723,25.471232876712328,40.2397886772203,4.24402345511953,22.673282213201,2.4289525776745,71.281959,36.726927,10000.0,61.7291207445506,21.1209217185313,6.1851332398317,80.3135766012796,71.3125845737483,20.2676289279808,12.0,13.9,13.65,0.25,9002.2155,5.61,70.274,0.01,26.8016,88.7,45.9,42.7,2,3.148006996297289,1.677586792110665
Sinaloa,Choix,8.6,-108.3526698660374,26.663009652361715,311.6666666666667,5.930986301369863,26.087716894977174,9.12509187457285,3.58690052741322,40.2428553906537,1.90738325071745,89.549322,15.387312,13000.0,54.5266402465874,10.2194297681946,7.29243305060517,90.6593031976546,57.7578805347725,15.3440451367595,12.0,22.51,21.01,1.5,13091.341,0.0,2971.6112,1.0,66.692,54.2,14.2,40.0,2,0.5007885649079389,0.2955207314716783
Yucatán,Chemax,69.3,-87.84050762043104,20.73205135695291,25.666666666666668,13.657479452054794,26.3037899543379,27.839990406946,4.57735492258598,22.0541307174093,3.16568579368972,52.637659,67.133758,12000.0,59.3829616445049,13.6099488609949,6.50608621491704,82.7040632865876,54.8280345112871,6.34676752156955,34.0,31.228,26.038,5.19,4132.5967,1.8946,3749.7995,1.7623,131.8567,93.2,41.6,51.6,3,2.0976673835893678,1.9742706812541813
Campeche,Champotón,4.6,-90.48169072875636,19.09471432487473,35.22222222222222,34.75608219178082,27.12461187214612,11.8623809335375,3.64049451831117,46.6386750641474,2.22968490878939,92.1168,41.909432,23000.0,62.7394795588578,9.52893288145319,8.11920624943881,75.8296021491621,55.8805691625846,10.9633776533707,470.0,4331.2119,816.3642,3514.8477,23714.3607,0.48,27853.5111,2.78,818.152,57.2,12.1,45.1,1,-0.1204921893687617,0.225638232456597
Oaxaca,Santiago Nacaltepec,0.0,-96.89452367062214,17.514562888592465,2101.0,1.716328767123288,15.68,7.82041977255993,2.75843694493783,35.1687388987567,1.59445585215606,97.68595,81.481481,13060.0,29.9473288186606,6.20467365028203,6.07177419354839,82.23889931207,48.3126110124334,7.46003552397868,18.0,15.86,2.5,13.36,631.2134,0.75,234.1193,0.0,48.35,90.3,29.9,60.4,0,2.07973028804044,1.5157375878572814
Chiapas,Ixtapa,20.7,-92.89864444009996,16.807620476661498,1544.0,3.52027397260274,19.43246575342466,103.90950998625,4.7004555808656,26.8304588350146,2.65450702931177,94.036061,30.687535,5000.0,54.9445384470765,10.3086419753086,7.09243134628265,79.1337632332149,39.0172469899121,15.8314350797267,54.0,63.6426,48.4926,15.15,12864.8692,4.0,571.1351,0.0,73.911,87.0,40.9,46.1,2,1.874083841659399,2.4588920786712727
Oaxaca,Santa María Zoquitlán,30.4,-96.35573869742224,16.561540768501757,1037.0,0.2172602739726027,25.92890410958904,7.92394580878239,3.19320388349515,64.5631067961165,1.90666666666667,94.840834,37.819026,357.0,42.5296140619029,12.9045473166735,5.94918032786885,78.0813600485732,78.0582524271845,1.2621359223301,31.0,51.0,1.75,49.25,554.1211,0.6,724.6166,0.0,6.504,80.6,23.4,57.2,3,1.9379421657190037,0.1546846299644223
Oaxaca,Santa María Jalapa del Marqués,25.6,-95.46621709919329,16.508952261684392,121.0,5.552109589041096,28.75212328767124,16.0849597270734,3.25913528591353,46.9735006973501,1.98181200067993,96.037169,55.451348,3530.0,59.4474436328993,9.61582177767674,8.66397451939484,75.0063911376225,77.3221757322176,48.4797768479777,30.0,76.58,46.17,30.41,2061.0,0.0,1137.2878,0.01,1.402,46.0,10.2,35.9,3,-0.0375345593020921,-0.5832325314115049
Oaxaca,Magdalena Yodocono de Porfirio Díaz,0.0,-97.39216320747246,17.37902921990142,2310.0,1.6493150684931508,15.56027397260274,43.0907882256033,3.49260042283298,11.8393234672304,1.95271867612293,96.912114,63.265306,66.0,55.446293494705,6.19902120717781,7.9926590538336,78.0618311533888,59.830866807611,5.70824524312896,80.0,92.666,92.666,0.0,288.7987,0.015,85.5375,0.1,1.94,78.0,20.4,57.6,0,0.2665153967715402,0.5858183316930814
Oaxaca,Zapotitlán Palmas,59.0,-97.83577367244818,17.882113858779565,1913.0,1.592876712328767,22.45986301369863,38.6703197371682,3.47336065573771,8.40163934426229,1.75103305785124,96.692112,47.878788,571.0,50.2706883217324,13.0649137222679,6.30509868421053,74.0412979351032,77.8688524590164,51.4344262295082,3.0,3.0,0.0,3.0,177.8981,0.0,4.01,0.0,15.6924,67.9,15.4,52.5,3,1.1428363072847734,-0.3012262452336631
Querétaro,Pinal de Amoles,0.0,-99.6233039859256,21.166490793626444,2355.0,2.1191780821917807,14.96931506849315,38.431191571357,4.02534256667158,28.9376749668484,2.12392132472985,85.268456,93.684501,14000.0,52.2571075401731,12.3802264808362,7.22964909399464,86.5375479627261,81.140415500221,10.3433033740975,398.0,597.6043,590.0533,7.551,2103.7205,0.165,387.388,0.0,86.8388,72.2,13.6,58.6,0,0.860203921866611,-0.5146857881535558
Nuevo León,General Terán,0.0,-99.40892143275326,25.270653991308205,230.0,3.724438356164384,27.62328767123288,5.69176854291075,3.02721382289417,85.3995680345572,1.63929824561404,98.781549,22.96875,5784.0,51.2361099147213,3.24776888398197,8.07945003229676,84.0243816003969,25.1835853131749,3.11015118790497,39.0,2032.44,1976.44,56.0,4002.613,0.0,25473.4213,6.5,657.5738,12.3,0.9,11.3,0,-0.8989199727274402,0.5988489096975513
Chiapas,Ángel Albino Corzo,50.1,-92.68954275894016,15.758761516078966,781.6666666666666,0.4556164383561644,25.637534246575346,55.0,4.38,54.9,2.4,96.5,61.0,6000.0,62.9,16.5,6.66,72.9,36.5,66.5,46.0,27.5,26.75,0.75,2603.9628,0.0,8362.2122,0.0,28.4523,85.0,29.3,55.6,3,1.6433025837919704,1.873024193597024
Quintana Roo,José María Morelos,89.4,-88.79555951004636,19.7041509741483,36.0,16.20868493150685,26.685799086757992,8.075252808602,3.75430992969277,40.6722527207936,2.46104757692551,84.133234,62.892512,12800.0,66.6463765175341,8.27484299963059,8.15477290365498,84.1082599259543,81.8742174708658,3.13974766445151,152.0,256.7406,87.5706,169.17,12477.6088,1.36,8937.4442,0.12,612.5954,80.8,25.1,55.7,4,0.1924758189189009,0.1176119178785826
Nuevo León,Lampazos de Naranjo,0.0,-100.31589865362028,27.01241985180816,263.5,0.6208219178082192,26.60561643835616,1.56095195540218,3.21914509331728,93.1968693558098,1.70095541401274,99.235669,13.00813,6493.0,54.1227229146692,3.70654396728016,8.31319105168424,88.4694449635582,9.57254665863937,0.903070439494281,19.0,76.5,8.0,68.5,131.07,0.0,12738.1557,0.0,503.679,15.1,0.4,14.7,0,-1.0163192373015149,1.0897824982955346
Campeche,Calkiní,0.0,-90.36141666406922,20.52944649724093,10.666666666666666,6.79917808219178,26.55239726027397,28.3544261529636,3.87274988544871,47.7057013811612,2.19997765196663,84.12419,51.979393,17000.0,64.3850267379679,7.26719582771004,9.40489460767449,81.8679092382496,62.2177129017477,10.4012567912548,60.0,25.431,14.828,10.603,4226.1037,0.42,1522.9095,0.0,52.4916,62.8,17.8,45.1,0,-0.1960599027256568,0.355783258108823
Coahuila de Zaragoza,Cuatro Ciénegas,55.1,-102.37917693123892,26.66649736433221,871.4,2.220191780821918,22.41780821917808,1.19140643946179,3.36248012718601,83.7572866984632,1.67520464747821,97.465438,18.819777,14000.0,54.4717116747099,3.78444173951533,8.91366108090112,79.8662996460873,55.3789083200848,5.32591414944356,110.0,2790.93,26.5,2764.43,5508.5046,0.0,7219.0744,0.0,243.8218,33.0,6.5,26.5,3,-0.7084287455314382,-0.0728880330434699
Yucatán,Hunucmá,7.5,-89.9893895461701,21.075630710118148,4.0,1.954219178082192,27.131780821917808,41.8474376890322,3.93198879551821,57.0980392156863,2.30164041994751,77.657681,58.003026,24000.0,64.9174762541081,7.75704921847729,8.18229126213592,77.0640635227822,73.781512605042,15.3949579831933,12.0,15.206,0.006,15.2,55.26,0.0,192.6161,0.0,799.2736,65.3,14.9,50.4,2,-0.3120217083427521,-0.2058855127999375
Yucatán,Kantunil,0.0,-88.96812838732157,20.75148966510661,22.0,3.4293150684931506,27.698630136986303,27.8091721167995,3.55769230769231,33.6538461538462,2.34970364098222,80.837563,63.969336,2500.0,58.9219330855019,9.95,7.02677677677678,70.0162074554295,60.5128205128205,10.2564102564103,41.90243902439025,2.0,0.0,2.0,430.533,0.0,410.9635,0.0,11.7764,82.0,30.3,51.7,0,1.0735267811226552,1.1348627592657543
Tamaulipas,Ocampo,0.0,-99.32990180748634,22.843608321129413,250.3333333333333,2.3208219178082192,25.86027397260274,8.92939580042798,3.29716742539201,39.6054628224583,1.75629799272531,97.273178,31.815494,2800.0,53.8980794827914,5.93090797921125,8.19706092458414,86.1865049279757,58.8770864946889,4.8811330298432,26.0,77.8,75.8,2.0,1380.1155,0.0,15787.1035,0.0,148.4896,56.6,8.8,47.9,0,-0.2883426002312965,-0.054655857090521
Querétaro,Corregidora,0.0,-100.44123033124316,20.47780972649392,1867.5,1.852821917808219,19.77191780821918,904.97512975785,3.29736087742257,95.4664423256684,1.40390950875422,98.988294,41.961542,137408.0,65.6018774315187,2.16124993195057,12.2208100270575,78.7968028903828,81.0167009409859,26.5065121206456,82.0,648.682,115.103,533.579,3820.5635,31.7364,534.6875,30.2536,91.407,18.4,1.3,17.1,0,-1.759242546957253,-1.2210640832870296
Tamaulipas,Reynosa,1.5,-98.3708518597501,25.836632087431283,29.0,1.4302191780821918,23.42808219178082,223.953596711194,3.25049064987965,96.0349935197186,1.74223950372653,98.343121,20.759714,500000.0,65.9931698185744,2.53747581041139,10.1174570968341,79.2030557616915,36.4168672468061,4.55471209035364,1887.0,75148.3715,55599.6604,19548.7111,107958.9766,0.0,41.3812,0.0,153.7708,27.9,2.1,25.7,1,-1.6905091640315573,0.3029761155264102
Tamaulipas,Palmillas,0.0,-99.58618129964368,23.263421831132728,1264.0,0.8,22.086986301369866,3.99380398441487,3.21465076660988,49.5741056218058,1.63731473408893,97.585513,26.271186,700.0,41.4731254147313,4.32011331444759,7.6484375,92.3317683881064,86.2010221465077,10.732538330494,4.0,28.0,26.0,2.0,985.9676,0.0,7.75,0.0,4.942,54.9,7.4,47.5,0,0.0788816244103434,-1.039387254231764
Durango,Mapimí,0.0,-104.14100685092215,26.15812127712455,1306.2,4.204054794520548,19.74400684931507,3.48403552166509,3.88382161928128,53.6296723913985,1.92009148738475,94.911815,26.331734,5000.0,52.5483659140274,5.41045801946445,8.04144878075632,73.0952027328085,78.5539038822341,25.4149227882811,167.0,1989.3426,601.89,1387.4526,12012.3099,110.5,5077.8736,0.0,6162.5076,36.4,2.0,34.4,0,-0.6366113749359793,-1.1865202958744272
Yucatán,Halachó,4.9,-90.28327823376972,20.586272124103992,23.0,3.501205479452055,24.851506849315065,36.2521796785915,3.67270826071802,38.6720111537121,2.27399330670409,75.992887,75.868984,6000.0,61.7294979453279,9.76495318173132,7.6274322169059,75.9915314043755,54.1826420355525,7.58103868943883,71.0,80.3722,50.22,30.1522,740.8586,4.38,747.8205,0.0,20.8755,67.9,14.2,53.7,1,0.0704459171765663,0.4147205083140735
Oaxaca,Santiago Tenango,0.0,-96.99830764730008,17.297498485710285,2287.0,1.318904109589041,17.16246575342466,18.0140238288551,3.34700854700855,2.39316239316239,2.17797552836485,95.296167,89.049587,133.0,42.0915032679739,2.03366058906031,8.32328190743338,64.3947100712106,73.1623931623932,23.7606837606838,3.0,1.0,0.75,0.25,716.4125,0.61,11.7725,0.0,0.0,86.8,31.6,55.2,0,1.012087822819645,0.7907130012890893
Tamaulipas,San Fernando,9.1,-97.98127898139327,24.872598705624007,27.0,0.5432876712328767,24.018904109589045,7.42980653986387,3.30850651865238,50.7680392409965,1.85221318879855,98.378511,29.27125,15000.0,57.5953458306399,5.25736970574824,8.44213721592435,84.4198035210583,46.1598037950174,8.18381308893765,5282.0,209839.4177,208762.9677,1076.45,247922.7665,0.0,13858.7698,0.0,4934.2043,59.2,10.5,48.7,2,-0.4767653621559822,0.3961731964558516
Yucatán,Río Lagartos,25.2,-88.13314898464768,21.520493676288496,4.0,2.162821917808219,26.336164383561645,11.7726239989035,3.61181818181818,79.3636363636364,2.27544565842438,95.905834,50.107527,6000.0,52.7278461053295,5.59813395534822,7.82382382382382,84.7005535983895,86.3636363636364,26.7272727272727,41.90243902439025,259.23385909090905,42.62917727272728,216.6046818181818,24.01,0.0,3307.3549,0.0,239.9501,27.4,4.3,23.1,3,-0.503000212541432,-1.2272150000627946
Guanajuato,Santa Cruz de Juventino Rosas,0.0,-100.95906445560564,20.68312318460769,1910.0,2.0317808219178084,19.44109589041096,191.896790244505,4.23942933939832,81.4897136358937,1.87324683631048,93.601126,45.130843,52000.0,57.1581549896852,9.73555038470031,7.91854903229101,78.3264512994899,64.1527964437093,28.7552982528688,117.0,2468.1769,220.4833,2247.6936,18270.3115,17.83,392.0263,0.0,1349.4442,60.2,8.4,51.8,0,0.0028380612649058,-0.269995090609849
Guanajuato,Irapuato,0.7,-101.38853406810482,20.67489044802916,1762.25,4.527945205479452,20.7462100456621,696.728058931496,3.85655270561416,84.6327177372066,1.73158824417046,97.480186,41.799306,450000.0,60.8461854756411,4.76518787018265,9.66233944012229,80.9927599657983,79.3993819880483,49.8883230001911,1260.0,8344.4117,309.9494,8034.4623,35675.7988,84.244,2219.5297,513.28,258.7923,35.5,4.2,31.4,1,-1.0337410964809512,-1.0023584810290112
Puebla,Chapulco,0.0,-97.41045586080529,18.64658883273049,2115.0,0.9648767123287671,18.3054794520548,94.0107938293852,4.28033472803347,20.7635983263598,2.30795262267343,97.788126,49.665428,7000.0,61.0158311345646,5.36876355748373,7.5460967216084,70.072012693763,61.7677824267782,32.5313807531381,17.0,24.48,18.25,6.23,734.6241,1.1,48.1781,0.0125,1.1,80.2,15.8,64.4,0,-0.3651249130619665,0.2559274914556087
Chiapas,Jiquipilas,19.5,-93.60564804234404,16.574973449434577,480.0,3.651780821917809,25.170273972602743,31.5547311780494,3.64380393203452,27.2840494617917,2.01992306933623,96.782178,36.537792,10000.0,62.1203097081596,9.42323314378554,7.7359558175781,66.2883861383727,41.6422026510097,46.7396139133529,59.0,139.06,80.14,58.92,32574.5819,8.25,10587.6642,0.0,906.273,64.6,19.4,45.2,2,0.2765142466890153,1.1180769422030994
Chiapas,Jitotol,4.0,-92.84587849883346,17.08942714011478,1690.0,6.763287671232876,17.70876712328767,106.122783791182,4.57689477557027,29.083885209713,2.53460059803503,98.601559,39.289741,19000.0,62.9979954898522,13.4078605076285,7.24459925409894,69.1580549547384,34.308314937454,12.8771155261221,61.0,80.9148,75.6636,5.2512,4864.6336,0.3756,2367.93,1.471,29.07,94.6,51.3,43.2,1,2.387647250489666,3.2163415300593563
Jalisco,Atenguillo,0.0,-104.53020690698204,20.339387096741447,1520.0,1.532164383561644,19.886849315068496,6.84368158123827,3.18473282442748,93.8167938931298,1.51874772479068,97.682403,29.41704,2000.0,51.247431758145,5.30752419606619,8.0511132016306,86.2068965517241,86.3358778625954,10.5343511450382,3.0,4.0003,0.0003,4.0,2550.1986,0.0,392.0201,0.0,60.741,17.4,0.9,16.6,0,-0.63926650483314,-1.4200852302915152
Guanajuato,León,0.0,-101.64763405072377,21.09733197840028,1986.3333333333333,5.570931506849314,20.41452054794521,1409.02215706521,3.89670362124585,92.6895815348267,1.72886089614517,99.283079,50.529914,1257980.0,66.2657771631999,4.35471786706667,9.75252011986572,77.4555183402422,83.5040210822845,33.1484847108001,317.0,2559.9361,270.1117,2289.8244,22400.0369,73.9824,1827.8716,37.28,652.5624,45.9,6.5,39.4,0,-1.2470049605027171,-1.011286445935818
Chiapas,Amatenango de la Frontera,141.8,-92.08532288920772,15.522784326291568,900.0,1.941917808219178,23.13520547945205,125.2,4.19,52.1,2.2,98.1,66.2,12000.0,54.2,14.7,6.55,77.8,23.1,21.5,27.0,28.184,26.664,1.52,1673.2326,0.0,4227.664,1.29,28.8197,80.3,20.2,60.1,4,1.3947322831070026,1.7917127221863969
Yucatán,Maxcanú,2.4,-90.07688417879464,20.596470030642,13.0,3.290958904109589,23.70767123287671,26.3393387484522,3.77440863629147,57.405937450389,2.3067883849665,67.469027,71.672862,2000.0,58.6092025817198,9.15595304639463,7.83704118800784,80.6719186361552,56.786791554215,6.85823146531195,37.0,48.4715,18.46,30.0115,972.1149,1.6011,565.8406,0.5,100.2298,57.3,9.0,48.3,1,-0.1144243958598441,0.0268964273947704
Yucatán,Chikindzonot,0.0,-88.49562250360819,20.252927509237225,26.0,3.679342465753425,25.277534246575343,9.20844026407264,4.26732673267327,3.96039603960396,2.73303741280913,58.920705,75.862069,1000.0,52.0676124358587,10.3540414161657,6.82325425993986,97.5704790281916,46.8316831683168,17.7227722772277,16.0,25.125,18.625,6.5,3059.175,1.8,200.0046,1.0,3.01,97.6,46.1,51.5,0,2.298247100961593,2.5011599486187963
México,Sultepec,4.12,-99.9934542306286,18.721260429438807,2830.0,4.023972602739726,15.89876712328767,42.6480369759702,3.87692307692308,47.5303643724696,1.96875,77.083663,61.563518,3000.0,63.7915693471249,12.9368709972553,7.13188031030661,86.2828743010975,83.4331983805668,33.7813765182186,15.0,8.848,7.1,1.748,4790.6203,0.7,587.8307,0.5,51.3566,66.1,14.7,51.5,1,0.3903509046423093,-0.5266597343962379
Quintana Roo,Puerto Morelos,0.0,-87.20117327114744,20.93197910267681,8.0,2.9178082191780823,27.30958904109589,25.8733279651858,3.07865426570215,82.8453324147434,1.81870112206732,98.7,66.0,85628.0,69.8373605947955,4.52258828171237,10.3589628744899,65.1721704245756,85.4173843150764,14.8696750488001,27.0,11.7413,6.5493,5.192,88.7825,0.1,237.7829,1.201,6.0739,42.7,8.7,33.9,0,-1.296701634389671,-0.9383371704217552
México,Zacualpan,0.0,-99.7930220054342,18.71428326609322,1702.0,7.263369863013699,15.60301369863014,46.2886439118957,3.79160799774711,36.4122782314841,2.02253605769231,71.630638,46.598639,5000.0,57.4468085106383,7.88135593220339,7.3961383407596,88.6259429078539,74.2326105322444,21.4305829343847,18.0,11.715,6.84,4.875,3454.1597,28.985,197.4546,0.3,283.5818,65.2,14.8,50.4,0,0.0852890388289623,-0.2191816761258809
Yucatán,Buctzotz,9.1,-88.64618099671961,21.212771025627266,6.0,1.7352602739726029,26.25890410958904,13.997256871729,3.40775251584048,71.1889675736116,2.14775663612873,87.57837,60.011541,4000.0,58.2175766744602,10.1655192617548,7.23210093896714,85.2494813844306,69.511740588893,7.08162504658964,6.0,5.141,3.661,1.48,276.476,0.48,15194.6067,0.0375,226.3637,76.4,17.8,58.6,2,0.4894430609295743,0.1114383567059756
Tabasco,Tenosique,8.0,-91.31339225856028,17.459683649718798,14.0,7.523287671232877,27.060821917808227,33.1022028913347,3.41629334660694,60.0519882749848,2.07823541288108,96.209515,26.290988,122295.0,66.4467988621841,8.1860568383659,8.73679647906108,70.2744342802118,39.483435650683,4.26414468226315,940.0,1349.3572,1349.2572,0.1,7233.6351,0.1,18142.7152,0.0,1272.8203,54.1,11.8,42.3,2,-0.4976478207111908,0.7454115790691948
Guanajuato,Salamanca,0.0,-101.1668334721453,20.65232137694468,1730.0,4.985424657534247,19.678904109589045,361.856777945395,3.64153285548392,87.6933755122199,1.6396424019431,98.223672,38.380954,280000.0,56.5697068653674,6.36812384757222,9.3742307062574,83.4472618747188,84.1255222306758,24.5465102310495,1034.0,7747.6831,312.7612,7434.9219,32722.019,22.3,1760.8897,71.0,584.4103,37.1,3.3,33.8,0,-0.6564474412945379,-1.2157331873178163
Michoacán de Ocampo,Queréndaro,0.0,-100.83866776746976,19.726321144318845,1859.0,1.96,19.534246575342465,59.4429730079673,3.8109806063917,71.7290357825731,1.78734306943377,96.900348,38.119281,12000.0,54.3660942637925,7.68476769260929,7.49074985239126,66.1772079363942,81.9448238186288,25.7579896203223,105.0,534.0133,70.29,463.7233,4110.095,0.0,229.942,0.34,19.583,61.4,11.2,50.2,0,0.0333915608984398,-0.6790040430824954
Veracruz de Ignacio de la Llave,Álamo Temapache,8.2,-97.74923514301824,20.991255830586898,33.5,5.838493150684932,24.311369863013702,83.9957043604534,3.57510112660047,27.0150101962357,1.85731662814743,98.21583,52.009161,40000.0,57.8941865328314,7.75481253810833,8.16850195570393,65.9867623753146,37.2313041152676,5.65640357035403,1258.0,2271.1662,2262.1662,9.0,5972.7764,0.0,76157.8575,7.65,217.6221,63.4,13.8,49.6,2,-0.0056841698716466,0.9508121838097772
Tabasco,Balancán,20.5,-91.34590116899824,17.797514164093037,31.666666666666668,5.169041095890411,28.86867579908676,16.3595287816213,3.43605882352941,53.8823529411765,2.1243089903986,96.084039,25.634518,35000.0,67.1833765772958,8.0909178187404,8.27372315379811,68.9546169093022,43.1941176470588,3.94117647058824,1382.0,3770.2278,3759.2203,11.0075,13789.2957,0.0,19487.6192,0.0,3885.6857,61.8,15.7,46.1,2,-0.3456961851009528,0.8099590272056137
Tabasco,Jonuta,2.3,-92.21690404742836,18.13456708400031,6.0,0.0,27.11164383561644,18.7248722306916,3.55273482575583,34.9988460650819,2.20844989599024,94.551394,13.075171,19000.0,69.1000841042893,6.06689838848012,8.26572668112798,81.216312747581,37.0182321717055,1.73090237710593,1070.0,1951.3715,1875.3715,76.0,6435.8531,1.0,4773.5009,0.0,3998.6741,65.4,19.0,46.4,1,-0.5296425184728396,1.2036938505982162
Yucatán,Conkal,12.0,-89.52911622008011,21.07505774022291,9.0,2.397534246575342,26.795753424657537,263.199366903265,3.33989949748744,90.6733668341708,1.72310405643739,94.487678,57.969865,12000.0,62.7532733523517,2.36263309240693,11.2426699937617,76.2701697558635,79.6381909547739,34.1708542713568,8.0,21.8039,0.0,21.8039,20.265,0.5,180.2613,0.0,19.3921,29.9,5.1,24.9,2,-1.389389344440612,-0.9548427887080736
San Luis Potosí,Catorce,0.0,-101.05505399494686,23.64394341446924,1970.25,0.9095890410958904,16.77123287671233,4.92508409851466,3.66500574932924,26.0636259103105,1.96442525190212,93.200154,39.393939,14000.0,47.6209786428765,11.1045742020885,7.36523149513418,89.4039043741518,53.2771176696052,12.1885779992334,47.0,471.7658,195.7658,276.0,5677.7487,120.0,388.3216,0.0,27.215,67.8,9.7,58.1,0,0.7369556989209837,0.1847446342468877
Veracruz de Ignacio de la Llave,Mecayapan,17.5,-94.85193501374944,18.49787291195652,48.0,4.992904109589041,25.25671232876713,57.7956723586714,3.42676818272891,9.81767180925666,2.06637649619151,81.441327,50.963855,11000.0,54.2007044892453,20.778165867923,6.29778247096093,82.8994980740049,25.5459827689842,17.932278100581,498.0,760.3245,759.8145,0.51,2982.062,0.0,11240.8516,0.0,363.7132,83.1,32.7,50.4,2,2.8104222088015094,2.4277514619504337
Puebla,Tulcingo,1.1,-98.37171379664856,17.97604487402193,1432.0,1.693808219178082,16.084931506849315,35.5361434187052,3.53398764085787,32.7517266448564,2.00412456176531,93.259351,42.324324,10000.0,59.5825676030454,18.3693655503745,6.49179400113186,79.9311113362375,81.2068338785896,21.8102508178844,5.0,7.035,2.0,5.035,1363.5243,0.0,30.5449,0.0,10.85,75.8,17.1,58.7,1,1.419010492251752,-0.3136418165046011
Tamaulipas,Xicoténcatl,0.0,-98.8836853622156,22.986410823228795,124.0,2.642328767123288,24.906301369863016,25.5291218699718,3.15645000711136,69.8762622671028,1.71724831695427,98.081965,26.027397,12750.0,50.5916020031919,5.32714671678609,9.27849740932642,88.6634576454181,43.4931019769592,4.25259564784526,41.0,245.585,230.085,15.5,2229.0555,0.0,20795.1713,0.0,357.009,28.0,2.3,25.7,0,-0.5302808053356903,0.0769802763738874
Veracruz de Ignacio de la Llave,Santiago Tuxtla,3.5,-95.39805944146669,18.40540043003085,28.0,5.860657534246575,25.832876712328765,92.3965009211476,3.41586768935762,66.5747842761266,1.80650988843813,91.503721,37.991909,50000.0,53.9443929963603,17.4873055625761,6.63342528735632,64.1079092581239,19.6728187919463,1.81567593480345,1296.0,2624.9996,2623.9996,1.0,6157.1729,0.0,3999.8784,0.0,359.9231,75.5,25.7,49.8,1,2.045151666861723,2.218233514818815
Sonora,Álamos,3451.3,-108.923508281502,27.082841032265527,233.75,8.246246575342466,24.89279843444228,3.88864217608584,3.50168444693992,44.371139809096,1.91488054083122,90.914319,21.991284,17000.0,55.5205678012696,7.79757432649995,8.19827910728691,84.0486867392697,56.4851207186974,6.99045480067378,71.0,1705.65,171.0,1534.65,16894.234,0.0,2602.6009,0.0,562.6025,50.0,15.3,34.7,4,0.2003443702780149,0.3941020679238169
Yucatán,Tekax,73.2,-89.34179357997459,19.97581126203954,76.4,14.788575342465752,27.27719178082192,16.2771301390387,3.88854193772227,46.6389105733368,2.35947299077734,90.444107,52.104148,25000.0,60.7988587731812,9.33001872141915,7.97060722521138,86.6938884203986,72.9031138867204,13.7826350941105,65.0,1801.41,91.49,1709.92,13836.5734,47.96,6288.7062,2.04,1651.3429,74.8,22.0,52.9,4,0.4678925112654706,0.2210284835538083
Durango,General Simón Bolívar,0.0,-103.24703404456532,24.83613247353784,1713.3333333333333,1.2082465753424658,21.76438356164384,4.58499320833029,3.8111914731633,36.7339170156072,1.86542404473439,85.322581,17.487685,1000.0,43.3206357546302,4.2225392296719,7.11090440755581,75.1444510858737,71.4122573277503,6.77578987438142,55.0,295.8,148.23,147.57,13833.2774,0.15,2218.9677,3.3,18.145,40.2,2.6,37.6,0,-0.2778475254237103,-0.8264822932270182
Yucatán,Kinchil,0.0,-90.10551450462016,20.843027513567343,8.0,3.186438356164384,30.806849315068494,21.1609899506801,3.74164588528678,34.1645885286783,2.22545238801543,60.143726,66.202946,750.0,60.469068660775,10.2983988355167,7.4469324594939,85.2456839309429,69.5760598503741,4.83790523690773,16.0,20.33,11.83,8.5,193.3253,1.2,229.0115,0.0,315.78,66.8,13.1,53.7,0,0.1460970043500426,-0.1634426225021463
Zacatecas,Jalpa,0.0,-103.0076899485934,21.63054808203617,1379.0,2.222986301369863,22.81739726027397,35.2374756552211,3.54950634696756,90.4090267983075,1.76348838840946,97.346347,42.043772,26000.0,55.6174558960074,5.18477354820784,8.66763182805279,79.0717900063251,92.0028208744711,24.5133991537377,35.0,85.48,1.0,84.48,3330.4596,20.5,2163.5909,1.0,177.1367,43.1,2.5,40.6,0,-0.798113751322973,-1.5172427982728796
Veracruz de Ignacio de la Llave,Isla,72.4,-95.58426864314106,18.122887763687537,15.0,3.9695890410958894,26.04794520547945,46.1845289731583,3.22500755058895,68.3630323165207,1.83038354403257,96.147377,35.811771,25000.0,64.2154566744731,12.4370798811943,7.33545135845749,62.6649846987642,21.232256115977,2.68045907580791,1186.0,6113.36,6110.86,2.5,9292.8092,0.0,12975.0746,103.0,1804.8224,65.5,13.8,51.7,3,0.2586181958369113,1.4583834897207124
Chiapas,Amatán,1.4,-92.85033071868943,17.389026083490606,680.0,15.019287671232876,23.627397260273973,77.6,4.32,52.9,2.6,98.2,43.9,15000.0,61.3,17.2,6.58,70.4,14.1,22.8,545.0,490.2325,490.2325,0.0,3746.6375,0.0,4494.235,2.5,136.8468,90.4,38.2,52.2,1,2.2758027067640647,3.128185926394399
Guanajuato,Valle de Santiago,0.0,-101.25852608237123,20.396799813628903,1802.5,3.7666027397260273,19.923013698630136,183.074421666421,3.93331745023295,67.8287801778907,1.8511266763049,92.929597,38.071787,106464.0,56.872529975216,7.37881314897509,7.98836039660871,78.5790448771776,80.3843710292249,6.37177043625582,1727.0,12739.5029,461.0591,12278.4438,47908.5524,21.12,1689.9516,37.3625,102.8302,47.0,5.5,41.5,0,-0.4304209327297693,-0.9576830535005612
Oaxaca,Santiago Tilantongo,0.0,-97.37070319475302,17.196460092989152,2284.0,0.2876712328767123,17.245890410958904,11.1564348632533,2.97898230088496,3.53982300884956,1.95286439448876,97.444444,92.307692,13060.0,42.8636363636364,16.8341708542714,6.24472361809045,88.3140376266281,52.8761061946903,30.641592920354,18.0,21.55,21.55,0.0,1040.491,0.1062,32.2,0.0,16.1418,95.2,41.7,53.5,0,3.365487765198964,2.046432277217741
Durango,Peñón Blanco,0.0,-104.04281595201846,24.76911729708584,1820.0,4.147068493150685,20.04931506849315,6.60366006285937,3.67494207216154,69.4803045349222,1.79915639195328,92.299578,26.955075,6400.0,50.3941640192964,3.21392276422764,8.53270552303385,78.7191940996582,85.1042701092353,9.86428334988414,30.0,100.321,8.75,91.571,23924.3213,0.1,521.0416,0.0,29.0698,53.0,3.4,49.6,0,-0.7300490372464132,-1.234400731564984
Yucatán,Acanceh,17.9,-89.4670382220252,20.81787218840445,14.0,2.573150684931507,26.180000000000003,122.198955302479,3.94092727700635,66.3685573076018,2.21003300330033,76.805697,77.5,8000.0,62.3144966737335,6.67344703489282,8.33129747083235,80.8430717863105,68.2278183101906,10.0729583431396,23.0,23.541,17.78,5.761,196.6616,0.0,195.509,0.0,223.7447,47.8,6.9,41.0,2,-0.7287421010461231,-0.4755087768584879
Puebla,Huauchinango,1.0,-98.04906545232257,20.17824635806447,1750.0,10.184849315068492,17.8613698630137,414.207381732542,3.75760435571688,65.4773139745917,1.94349826307389,98.228893,43.418517,83000.0,62.9874504129138,8.15556307067974,9.09533289994041,70.2441652396437,72.2540834845735,18.3303085299456,1985.0,2825.2551,2825.2476,0.0075,3055.2713,2.6603,2313.0822,23.8864,85.4385,68.4,17.8,50.6,1,-0.0114608769223967,0.0225464298171321
Veracruz de Ignacio de la Llave,Totutla,0.0,-96.9397980410181,19.232320359207897,1446.0,5.5998904109589045,18.80821917808219,175.827428395986,3.7442366246194,50.4349717268378,1.84570019300879,93.73719,72.935288,10000.0,60.8547627671134,12.3729733922892,6.67665786612828,69.32101992217,54.1757285776425,8.46020008699434,709.6739130434783,5.0,1.0,4.0,60.7157,0.009,6187.5895,5.413,11.1964,83.8,21.2,62.6,0,0.8080020530000963,0.819390089553456
Michoacán de Ocampo,Álvaro Obregón,0.0,-101.02749903862995,19.87769599181973,1840.0,1.96027397260274,19.53232876712329,144.185388760336,3.95539865679353,62.7862924057172,1.82582749840866,97.53886,45.481928,5000.0,53.9483353117404,8.1708733117399,7.41369812706574,57.1739130434783,74.9268124677114,17.5822283451007,118.0,445.946,10.97,434.976,6990.7122,2.0,2306.5239,0.0,34.3504,62.1,12.2,49.9,0,0.1682601326212956,-0.3887734417512095
Oaxaca,Asunción Nochixtlán,14.7,-97.1843472167042,17.451757363372536,2123.5,2.451232876712329,17.7013698630137,59.5891024229179,3.83075763286845,39.163211458726,2.0391448358928,97.968397,56.172107,3500.0,63.5450649267575,5.12157629960872,9.17140058765916,65.8571149335418,84.5457972107049,30.3241613267998,7.0,30.25,11.75,18.5,1560.7594,1.25,174.105,0.0,6.8,75.9,22.2,53.7,2,-0.1956408580444507,-0.1297266980271114
Chiapas,Simojovel,9.1,-92.5391650865224,17.14689389010897,660.0,6.178630136986301,24.12876712328767,168.61235169057,4.93371353777113,26.9727000747943,3.27701863354037,96.819249,35.837398,8000.0,59.7526924611089,21.8155619596542,6.07476515661569,71.5103428733352,39.7625280478684,11.1069558713538,393.0,420.4667,420.4667,0.0,6355.2798,0.0,4138.8706,0.0,79.7137,95.4,60.9,34.5,2,4.115436294576389,3.589243303475901
Oaxaca,San Lorenzo Albarradas,0.0,-96.26709874047408,16.888736068602427,1835.0,0.1717808219178082,19.58630136986301,22.1008428394535,3.51597633136095,14.2011834319527,2.03632625085675,97.900262,74.774775,1100.0,46.9078670593185,6.09090909090909,6.27545454545455,81.8579602827331,58.5798816568047,7.57396449704142,32.0,31.87,0.0,31.87,1014.2432,0.7,1103.0482,0.0,7.28,80.5,16.6,63.9,0,0.498000342382534,0.4077409042179893
Yucatán,Sotuta,22.3,-88.96929411146694,20.615721295333685,21.0,3.49627397260274,24.90684931506849,16.4247557581285,3.74154488517745,38.3716075156576,2.39279038718291,74.751131,43.933054,1500.0,58.2452129179766,8.54898336414048,6.8388786198398,75.5436600869856,60.2505219206681,13.4029227557411,5.0,4.82,4.82,0.0,1438.2075,0.0,1177.4704,0.0,131.01,84.0,32.6,51.4,2,1.0507437328157962,1.2746818327097822
Nuevo León,Aramberri,0.0,-99.92412660965935,24.22172159828236,1725.0,3.190794520547945,17.576712328767126,5.57606192561827,3.50574982398498,48.5801455057498,1.86561758461346,95.603887,23.830594,4000.0,51.8688469881529,7.2686230248307,7.52233273056058,90.8284418356457,30.9786435109129,2.25299225533912,557.0,1874.926,475.746,1399.18,7817.6292,50.57,1847.0949,0.0,63.233,54.8,10.0,44.8,0,0.0479196750924258,0.9408714410629658
Yucatán,Dzan,0.0,-89.47052059013137,20.39708130520836,26.0,4.373013698630137,26.58356164383561,75.1191514471277,4.06894197952218,43.0034129692833,2.2511329305136,88.511327,50.770925,2000.0,54.9006622516556,5.12759924385633,7.94210775047259,88.9388639013826,75.0170648464164,21.2286689419795,9.0,5.57,1.2,4.37,47.2486,0.0,2900.2865,0.0,12.8273,81.1,22.9,58.2,0,0.2889524426925492,0.2265471813348859
Zacatecas,Tlaltenango de Sánchez Román,0.0,-103.24466518924493,21.774628826373046,1878.5,3.360849315068493,19.163561643835617,36.599734808735,3.41040752351097,86.2194357366771,1.69144172160717,95.493447,37.681811,22000.0,60.1774087005756,4.54730004060089,8.85378245186201,71.4196762141968,92.7899686520376,6.9717868338558,80.0,393.82,7.0,386.82,5585.3405,0.25,168.1606,0.04,109.6462,37.5,3.1,34.3,0,-1.083649493545659,-1.5077136165616027
Coahuila de Zaragoza,Ramos Arizpe,0.8,-101.3128514405987,25.92345561200484,1101.5,1.2408219178082192,20.1962100456621,18.0983007157179,3.51687616387337,92.8916433891992,1.68806608520631,98.8233,28.566616,90000.0,63.9358179811529,1.83303786535752,10.4263087465104,83.5213468255851,85.5854283054004,20.1902932960894,202.0,1039.5562,352.4608,687.0954,4546.9842,45.1,3159.824,2.3,475.497,16.8,1.4,15.4,1,-1.709269419303723,-1.3723055494804397
Guanajuato,Cortazar,0.0,-100.93055917823088,20.42201796107061,2036.0,4.073698630136986,20.1672602739726,292.137717082483,3.85723297717147,89.1377203012262,1.7741953042784,97.50042,39.280851,100000.0,60.6378642755248,5.61516257284462,8.8219837460456,79.5543664733273,74.9595867996688,27.7451405590821,260.0,2926.4185,565.0097,2361.4088,10806.7498,30.75,1041.1303,6.5,513.7318,40.3,4.1,36.2,0,-0.9207476941958592,-0.8646062739793561
Veracruz de Ignacio de la Llave,Angel R. Cabada,14.8,-95.38616153563922,18.592721134005053,28.0,7.214849315068493,25.26931506849316,78.5951246212559,3.11538106235566,70.0785219399538,1.73104971240756,95.013715,45.112941,35000.0,58.5864693746888,15.0823254587242,7.04679663637392,74.0033688938798,16.7944572748268,1.77367205542725,97.0,123.6859,123.6859,0.0,828.1209,0.0,10595.3866,0.0,117.1298,59.7,12.8,47.0,2,0.8324451275686985,1.5720996116757655
Chihuahua,Jiménez,0.0,-104.36730166892332,26.96565790138454,1254.3333333333333,0.3805479452054794,20.819178082191783,3.79333419990303,3.44716342082981,92.8619813717189,1.63592506231406,98.053669,22.099247,13000.0,57.2690687291706,3.66183836469473,9.54907809110629,87.4054675836413,71.735817104149,23.5224386113463,24.0,250.72,5.0,245.72,1986.1825,0.02,19176.0822,0.0,245.6688,38.0,2.4,35.6,0,-1.0812219927701914,-0.8520423207639367
Guanajuato,Guanajuato,0.0,-101.24277464247903,21.02405420627248,2163.0444444444447,9.75750684931507,19.82904109589041,191.790244373072,3.74916245473383,83.98497259823,1.60534897808462,95.040911,36.381982,191610.0,61.5957132013329,3.912581054654,10.4600346925851,85.5449871465296,90.5865721644494,11.7430624140669,42.0,57.396,34.311,23.085,6744.9643,0.1012,625.7822,0.0,209.8131,33.4,3.4,30.0,0,-1.221727788418531,-1.4187758858147594
Oaxaca,San Mateo Río Hondo,0.0,-96.56998647631822,16.099464020971944,2355.5,0.7673972602739727,15.23458904109589,15.1893726696938,3.78319123020706,30.694275274056,2.12448700410397,98.658537,91.666667,100.0,45.9253311922922,11.7801047120419,6.65864332603939,77.7673838478329,59.5615103532278,3.89768574908648,11.0,14.215,11.715,2.5,355.95,0.0,195.65,1.0,5.0,77.8,23.0,54.8,0,1.5993351825712068,0.7448737459849019
Veracruz de Ignacio de la Llave,Acajete,0.0,-97.047083191307,19.5660963806976,2175.0,5.445616438356165,13.414246575342467,99.5024626495898,3.69040365575019,41.7745620715918,2.12989010989011,96.830986,46.546547,4000.0,60.224570673712,10.6034728152576,7.25049814972958,79.2804865477786,42.9169840060929,27.0753998476771,402.0,513.4974,513.4974,0.0,614.5242,0.0,338.4685,0.0,8.0846,72.8,20.7,52.1,0,0.5911510435482241,1.163846611232335
Aguascalientes,Calvillo,0.0,-102.71349001450898,21.91079186314644,1883.3,8.202191780821918,19.263972602739727,62.450601690655,3.7430412371134,94.465206185567,1.79895261999938,99.336439,37.472457,65000.0,58.0106302201974,4.94999397517773,8.05097017086591,79.6051502145923,93.9432989690722,13.7435567010309,53.0,145.3324,54.2324,91.1,4209.8323,29.08,4426.8183,99.61,540.4295,45.8,4.5,41.3,0,-0.848036576226285,-1.4713044477601642
Oaxaca,Santiago Laollaga,59.5,-95.26289467280633,16.63411049596726,290.0,1.2904109589041095,27.70342465753425,12.7754204050792,3.00986547085202,27.5336322869955,1.621490803485,95.075758,44.649934,1000.0,51.1965192168238,8.55925639039504,8.70389105058366,81.7911335911931,36.5919282511211,30.1345291479821,54.0,109.3136,55.5,53.8136,844.0709,0.0,148.4837,0.0,7.524,50.7,9.5,41.2,3,0.2198826222110898,0.726684356836685
Oaxaca,San Juan Lalana,9.5,-95.83317781062333,17.512103777874415,86.0,7.922246575342466,26.66301369863013,24.4771441936492,3.77455357142857,31.2276785714286,1.99140164899882,98.156359,50.0,13060.0,59.9907385968974,11.1253196930946,5.59518935516888,63.9413738301254,12.6116071428571,8.57142857142857,1024.0,1756.4,1756.4,0.0,4302.4297,0.0,5878.8702,0.0,1887.1325,90.6,56.3,34.3,2,2.51407032995286,4.197702693015135
Michoacán de Ocampo,Puruándiro,0.0,-101.54004523112778,20.12051992493325,1973.5,2.040356164383561,21.868493150684937,96.3368589835757,3.74222896133434,66.901332178057,1.734451081773,95.219169,37.614738,90000.0,57.3866237023746,8.61583311994012,7.26167081014956,68.3569159688132,89.9924184988628,34.6853677028052,304.0,838.6816,153.132,685.5496,21666.7312,9.6908,98.7702,45.54,75.0134,51.8,6.3,45.5,0,-0.2592885129242864,-1.229636595138682
Nuevo León,Salinas Victoria,0.0,-100.32707965101952,26.12167618899807,494.3333333333333,2.036109589041096,25.286438356164386,52.0378715237794,3.41151939570383,96.6755842316469,1.85320355118194,98.538368,28.848052,45000.0,66.0453137934206,1.77961088471145,9.43265818187821,77.9406680035959,6.57408135966638,3.97749626249115,6.0,37.5,11.0,26.5,171.2389,0.0,4554.4908,0.0,778.3519,27.4,1.8,25.5,0,-1.804508009780186,1.2660979077904038
Oaxaca,San Miguel Soyaltepec,18.1,-96.43787181822894,18.25085441754618,35.0,7.167698630136987,26.2986301369863,52.0274592442375,3.6990758567578,15.8452060069311,2.16886856368564,92.756322,65.347885,2000.0,58.5939919479715,11.6876763875823,7.00380528972949,80.9394550436896,34.260685406238,12.9283788987293,553.0,583.8307,583.8307,0.0,3509.7591,0.0,10861.2884,0.0,1519.5054,78.1,39.6,38.5,2,1.792001281609072,2.520669596029182
Aguascalientes,Jesús María,0.0,-102.46151091240064,21.92872077509737,1988.7142857142856,8.077534246575343,17.824207436399217,257.290521759918,3.9115190980073,94.3866630490489,1.75485801725189,99.096104,43.501446,75000.0,66.336523929471,2.57085706165903,10.2156128127602,78.8338246272965,74.9540261071418,43.2727382352055,115.0,900.7925,71.21,829.5825,5205.7999,5.162,1255.9799,0.0,403.7965,26.3,3.3,23.1,0,-1.6418815089155263,-0.909042507346884
Yucatán,Tunkás,0.0,-88.74629819798595,20.89694487648933,20.0,2.6810958904109587,25.98904109589041,8.91520157836185,3.37047353760446,39.5543175487465,2.26450405489707,73.604061,55.731225,3000.0,53.6973047684865,11.698956780924,7.16076091010817,83.5776330076004,74.0018570102136,3.34261838440111,3.0,11.5,1.0,10.5,420.67,0.0,3819.75,0.0,116.92,85.2,33.5,51.8,0,1.7308312186667123,0.870932953094941
Oaxaca,San Lucas Ojitlán,103.7,-96.37086083180242,18.03459084029557,51.0,11.104,25.056164383561644,48.7705410916679,4.10068734906186,14.7872933308564,2.55279287614201,96.51873,59.847909,1500.0,64.8117054449508,9.41269527387779,6.90690314498582,79.4275411313951,29.797510681776,22.7939810514583,1956.0,2940.0481,2940.0481,0.0,4658.602,0.0,3891.7152,0.0,344.8917,87.6,45.5,42.1,4,1.4884047193239345,3.026353836945165
Puebla,Pantepec,0.0,-97.85057088377368,20.5804580743936,160.0,2.7008493150684934,23.801369863013697,84.1026192036348,3.53399731852136,32.2735108216817,1.96251331203408,96.074422,72.403561,2000.0,58.5156732286165,19.5165225105345,6.78452997779423,79.1072970639033,40.356253591266,15.5142692970695,1451.0,2155.377,2149.877,5.5,3056.0357,0.03,3642.717,0.07,35.0513,77.8,20.1,57.7,0,1.7746529365408572,1.2137059319096102
Guanajuato,Apaseo el Alto,0.0,-100.59215205596136,20.43265639286183,1987.0,1.9067945205479453,20.90219178082192,169.558474307014,3.92061229548835,71.8703520079326,1.86326548646499,94.158013,63.650911,45000.0,60.406974392168,10.511060259344,7.93134986466428,78.8932357395255,84.8599405057015,7.033961328706,119.0,476.4439,179.0579,297.386,10746.6754,0.0,1352.4464,0.0,144.3378,50.7,4.7,46.0,0,-0.2591282168688586,-1.1528775051589075
Yucatán,Oxkutzcab,3.0,-89.55047719690366,20.13935657545393,56.0,9.393123287671232,25.861369863013703,39.2302911949069,3.95083118707563,54.5656754858347,2.25829368004825,86.958299,61.458146,30000.0,63.8382576792475,10.5033006769541,7.37009731642583,74.0237490399953,72.8166705689534,18.3563568250995,117.0,350.1008,48.81,301.2908,3017.3224,5.6,6986.6181,4.368,37.1744,77.4,22.8,54.5,1,0.5002264270157166,0.2933757473389959
Puebla,Tochimilco,0.0,-98.61787659680212,18.9269012730016,2094.0,1.886054794520548,19.664657534246576,88.2133978117105,4.04550220171944,20.0880687775215,2.2917607894424,92.265315,59.78975,15000.0,67.1299513551077,4.7786419383787,6.89808440586651,68.5684701009578,63.6611448941078,16.5862864332145,121.0,169.8105,161.775,8.0355,4862.7036,3.05,836.8586,1.4,5.8596,86.9,30.4,56.6,0,0.0003709733787046,1.0363392604033104
Chiapas,Ocosingo,6.2,-91.19184870479737,16.656587109724526,545.0,6.058465753424658,25.09109589041096,24.4944519204568,4.99173606799546,41.4395512642103,2.62578723597754,96.058194,47.148779,70000.0,64.1130264972143,20.2502748541697,6.58878412885484,69.4870472724483,29.8957374381811,13.2008820569912,2540.0,2775.3412,2773.3412,2.0,31948.8702,1.375,11984.9313,4.25,380.356,92.5,46.3,46.2,1,2.9353094730648044,3.068791501531819
Yucatán,Dzitás,0.0,-88.5278510060227,20.832806475230207,30.0,3.702191780821918,27.04109589041096,12.9702135240962,3.72138836772983,19.0431519699812,2.36694510739857,69.56978,28.571429,2000.0,55.6687898089172,10.3245856353591,6.7412780656304,89.2901618929016,67.7298311444653,8.06754221388368,34.0,69.95,69.95,0.0,536.117,0.0,466.801,0.0,18.1326,80.3,26.8,53.5,0,1.1079038420575849,0.6933364890551489
Chiapas,Altamirano,8.2,-91.87674787208977,16.667586633881825,1240.0,5.472164383561644,20.59246575342466,37.9,4.53,21.5,2.1,95.0,50.6,4000.0,59.6,19.7,6.05,73.8,51.9,16.2,437.0,905.6953,905.6953,0.0,5770.2675,0.0,1471.1026,0.0,5.0,94.6,44.6,50.0,2,3.011344935708796,2.2464523523347166
Veracruz de Ignacio de la Llave,Ixcatepec,0.0,-98.0519701175455,21.249340143804897,173.0,3.032876712328767,24.85958904109589,69.9962432537315,3.30800214822771,16.0848549946294,1.82260689451102,98.203435,50.380228,7000.0,54.1851523217983,10.0368227248816,7.3766971897695,79.0613135148235,50.1342642320086,7.86788399570355,225.0,309.8,307.8,2.0,1557.4778,0.0,517.6265,0.0,4.9665,79.1,28.0,51.1,0,1.210547496393087,1.3462263849808784
Tamaulipas,Casas,0.0,-98.66788997427822,23.54323879081736,341.0,3.1157260273972605,22.78054794520548,1.37458604865697,3.44296419650291,16.4862614487927,1.82472406181015,96.557659,22.605364,3000.0,40.2966235405491,17.4564459930314,6.25706313219393,88.2210958242819,89.0924229808493,7.16069941715237,41.0,1565.63,1565.63,0.0,31017.1673,0.0,4893.637,0.0,501.067,58.3,12.1,46.2,0,2.0430687135936147,-0.8709480765226094
Jalisco,Tecolotlán,6.0,-103.982246388629,20.275805513910484,1200.0,1.4244657534246574,19.86575342465753,21.6992421786943,3.31876503608661,94.5068163592622,1.62933070866142,97.273456,37.706271,20000.0,59.1842923205216,3.98441937839812,8.48910214703969,81.6057339035114,92.6022453889334,16.9406575781877,14.0,44.4,34.6,9.8,4943.156,0.0,3397.1505,0.0,74.8363,37.6,2.0,35.6,1,-1.1603535795878206,-1.564520584954854
Zacatecas,Tepechitlán,0.0,-103.36528438173934,21.6146386267542,1763.0,3.8981369863013695,21.905205479452057,15.283610846307,3.25715405723246,82.7126617012936,1.64847161572052,94.915888,42.359599,10000.0,51.1026033690658,4.84241628365069,8.23486842105263,81.035933181108,92.0815366522932,4.86083888671109,10.0,51.2,2.0,49.2,3182.4232,0.0,52.3,0.0,77.7239,54.9,2.9,52.1,0,-0.5868872155040369,-1.495316288211821
Yucatán,Espita,119.2,-88.36189857193088,21.009815254812768,18.0,8.194794520547944,25.29027397260274,22.8199065157101,3.9623935666982,49.526963103122,2.64378361278077,72.605216,50.60241,3000.0,70.3238649414287,8.2271629611125,7.0325,82.6568925442517,53.7842951750237,1.93945127719962,21.0,47.12,35.58,11.54,2239.2057,0.0,6875.7555,0.0,254.9196,90.5,38.9,51.7,4,0.7112030100165398,1.851157382837744
Guanajuato,Salvatierra,0.0,-100.86598506302676,20.192651511806872,1740.3333333333333,4.028383561643835,21.26570776255708,158.763547741406,3.64644895740302,81.8390090474896,1.72568633580347,95.673871,29.900409,70000.0,56.5659078115386,8.45025332665219,8.11667480298487,85.8870025285256,83.419407447676,15.5166388381936,1037.0,5830.8049,274.1994,5556.6055,24997.8495,76.393,1874.6391,1.0,165.6887,51.0,5.1,45.9,0,-0.2999037836334906,-1.0823207518893605
Tamaulipas,Antiguo Morelos,3.11,-99.08712948996316,22.56569764648817,75.0,4.578219178082192,25.143150684931506,15.1999784607134,3.17792954708843,44.392523364486,1.75173370319001,97.5,41.005098,4000.0,53.8828816177503,7.40293095633781,7.8638014527845,87.0847457627119,59.9568655643422,3.66642703091301,51.0,138.67,136.67,2.0,1832.0945,0.0,8158.4251,0.0,325.573,50.1,5.3,44.8,1,-0.2829517629518513,-0.2951604032589022
Jalisco,Cuquío,0.0,-103.0322723396972,20.949294393103333,1790.0,2.186575342465753,18.811232876712328,27.7139636018186,3.61715098557204,81.3249339565129,1.63407693013862,96.689427,39.286611,12000.0,51.0923889761531,8.61526658995013,7.2705981724641,73.361391694725,94.3304206462101,29.2623450518187,3.0,8.5,6.5,2.0,24632.8287,0.1024,2750.1249,0.0,72.7353,43.4,4.5,38.9,0,-0.0267618946943092,-1.4773958130978229
Puebla,Hueytamalco,0.0,-97.24361706586562,20.03425938735578,592.0,6.683013698630138,22.557534246575344,86.4893442895564,3.64365079365079,57.7380952380952,2.09666615923276,96.972684,80.329166,10000.0,64.2499768368387,9.9775056235941,7.16667500125019,73.9528985507246,52.8042328042328,11.7857142857143,183.0,309.3886,309.3886,0.0,981.9945,1.25,11166.8216,4.0766,88.1934,77.4,18.9,58.5,0,0.2103708232440303,0.7309108943166013
Coahuila de Zaragoza,Jiménez,5.1,-100.88302740895014,29.00672032890757,338.25,3.265753424657534,23.0263698630137,4.31727660154366,3.4291483113069,65.5653450807636,1.67907227615965,96.640111,19.62963,1600.0,53.4354248543163,2.65486725663717,7.68632006970665,75.0684066512313,42.0337738619677,10.1321585903084,305.0,1728.74,279.69,1449.05,3574.2944,0.0,250.413,0.0,449.3766,24.1,3.8,20.3,1,-0.9374125719572728,0.2106691528646484
Aguascalientes,San José de Gracia,0.0,-102.5242227304187,22.15371788913481,2227.3142857142857,6.364657534246575,17.569471624266146,11.0211109662085,4.01135407905803,65.8536585365854,1.86017940717629,94.145645,33.798748,6314.0,54.2444821731749,1.53397760392698,9.24221028396009,86.892797319933,90.6644238856182,18.3347350714886,16.0,57.63,34.08,23.55,3276.6457,0.0,115.43,0.0,122.7512,45.8,2.3,43.4,0,-1.198653267745998,-1.4836347048342209
Veracruz de Ignacio de la Llave,Juan Rodríguez Clara,6.2,-95.34412129456064,17.973206370506446,148.0,3.404109589041096,25.811780821917807,38.6719757304883,3.26713907624007,48.0406386066763,1.78680179338689,93.820785,33.990993,18000.0,57.9377585188103,13.0805387961274,6.93018112889638,55.6155029061433,43.0376504738325,10.1596516690856,633.0,1591.2242,1588.7242,2.5,4564.1862,0.0,12598.9388,91.2,975.7616,67.0,15.1,51.9,1,0.7323076722418724,0.822451863333425
Yucatán,Chocholá,0.0,-89.85634413288464,20.726745716510727,14.0,3.0701369863013697,27.67287671232877,16.6053217734954,3.34504132231405,74.3801652892562,2.09987029831388,87.490523,69.449715,5000.0,60.2870813397129,7.9335298847494,8.6562919237993,81.7602303105079,73.6914600550964,9.43526170798898,5.0,5.1024,2.0024,3.1,189.8046,0.0,193.3959,0.0,238.21,56.1,7.1,49.0,0,-0.4542048175328532,-0.6453161533429559
Durango,Durango,0.0,-104.91980150166204,23.91126829978021,2129.9636363636364,14.204986301369862,15.603972602739727,74.1699793234504,3.66143584248594,91.8414144120011,1.61219004353587,98.902003,34.546089,522229.0,62.0092380887248,1.55188656839305,10.7416937787653,74.4526257555935,86.9884811143852,36.0300026788106,161.0,826.05,122.9,703.15,57264.9462,74.6375,5915.3572,8.0415,1362.3728,32.1,2.0,30.1,0,-1.6139509398106782,-1.3969584725237996
San Luis Potosí,San Luis Potosí,0.5,-100.92619032120037,22.308958997799444,1920.4,0.8789041095890411,19.352054794520548,615.324561816306,3.501603547487,94.8891024379325,1.49839443625036,99.055872,39.703076,602387.0,64.711522517077,2.15863361244172,11.3776034399294,82.2613684713809,85.3203042687939,70.4954981031442,452.0,1616.28,577.245,1039.035,6240.1537,72.13,2922.9565,2.26,313.54,20.3,1.6,18.7,1,-1.6979289943124805,-1.3496284286500322
San Luis Potosí,Cedral,0.0,-100.68528693251068,23.943313229489263,1790.0,0.4008219178082192,20.683013698630138,16.966656038651,3.89809167814283,53.8264804249459,1.80651340996169,97.444089,34.504132,17000.0,55.5396339477627,5.50342199957666,8.93871471130657,85.9526209677419,65.4337989376353,14.2238835333464,114.0,474.548,371.832,102.716,7478.4983,180.635,305.357,0.4,45.2053,51.7,5.3,46.4,0,-0.6087220380652021,-0.4727086007485572
Puebla,Zoquitlán,9.4,-96.93470465008454,18.385357394679552,2107.0,5.751123287671232,17.943835616438356,75.5213331700792,4.28910555320051,10.0890207715134,2.24919417583639,97.449823,85.47486,1400.0,43.7550471063257,28.0380176510523,5.02921416169699,88.7337103516105,57.5243747350572,17.931326833404,1017.0,766.799,766.569,0.23,3562.9019,0.02,1447.5914,0.0,49.81,95.2,47.8,47.4,2,5.051002102997918,2.244149995247287
Oaxaca,Santiago Zacatepec,0.0,-95.90243262872268,17.202886298105028,1377.0,1.904191780821917,18.23945205479452,23.890722191714,3.54448398576512,8.25622775800712,2.09684210526316,98.97511,85.686275,857.0,44.5614959178299,18.4888380080137,5.18832283915283,86.2841422676361,18.220640569395,2.34875444839858,12.0,18.6,18.5,0.1,1123.0,0.1,1460.8,0.1,8.8,93.2,59.6,33.6,0,4.414263648580257,4.229415318523244
Nuevo León,Marín,0.0,-100.02330705753994,25.88613832769027,403.0,0.7167123287671233,23.527260273972605,19.3261269642227,3.55416666666667,95.1388888888889,1.80366584420162,99.598125,15.221843,2000.0,54.6970811871474,3.46729708431836,8.87661481676773,84.762648954874,6.38888888888889,2.15277777777778,156.27777777777777,20.0,8.0,12.0,71.3275,1.0,146.211,0.0,400.05,9.8,0.6,9.2,0,-1.0659192848899106,1.2083842606039608
Guanajuato,Cuerámaro,0.0,-101.67141359952429,20.61556975372527,1732.0,1.198027397260274,21.55123287671233,118.535743802801,3.76848559166156,70.9380748007357,1.85818819545235,95.01191,36.856207,23000.0,55.6785550792792,9.8475705153994,7.74297368774934,77.8397122208899,70.5947271612508,8.068669527897,149.0,1468.9046,103.8179,1365.0867,8784.855,1.406,1658.0962,0.0,65.361,51.8,5.2,46.6,0,-0.0722356563023325,-0.649888562088336
Nuevo León,Doctor Arroyo,0.0,-100.22565210693946,23.80420226118169,1663.4,1.2506849315068491,21.646803652968035,7.14097004686658,3.90688346883469,39.869918699187,1.86078766237127,95.797414,35.697674,12000.0,54.6115977702165,8.49853881999842,7.45275762261607,89.6198182221237,41.0731707317073,9.0189701897019,523.0,4142.5301,4061.5301,81.0,39747.871,25.0,220.524,0.45,421.731,57.4,12.6,44.8,0,0.1960481494773005,0.7511810025339748
Aguascalientes,San Francisco de los Romo,0.0,-102.2517918280086,22.021645115999466,1909.1,0.963013698630137,18.65205479452055,445.420573133439,3.78411728772144,96.7990226023213,1.87194863407838,99.547086,44.296922,43567.0,64.8202244723144,2.50275686819773,9.20826323126472,82.5959320612288,69.6823457544288,16.3530849114233,34.0,1286.62,12.81,1273.81,3793.0207,17.4,753.484,0.17,459.7287,37.8,5.9,31.9,0,-1.4372420721859942,-0.5848944970207686
México,Ocuilan,5.5,-99.39500811538868,19.001328421455007,2456.333333333333,8.709260273972603,16.813287671232874,93.8766389336404,4.12129840546697,27.8815489749431,2.06288124964369,94.154462,70.694821,32000.0,64.7747285001468,5.36591208527967,8.14507233634402,65.2872484333159,70.5694760820046,38.8838268792711,411.0,636.6174,630.2714,6.346,5887.09,7.3699,1467.297,11.8932,70.8459,64.6,12.1,52.5,1,-0.7518420562426641,-0.250605368037114
Aguascalientes,El Llano,0.0,-102.00074372967912,21.928500308071705,2032.6714285714288,7.502191780821918,16.909275929549903,40.9538981187821,3.91301843317972,74.6351766513057,1.87091443261109,93.027071,48.524946,14000.0,54.6842470506593,3.58145586523317,8.49307421955758,78.1278473121373,74.6927803379416,19.489247311828,33.0,138.24,12.0,126.24,18231.6902,0.0,486.3284,0.0,428.874,40.6,4.8,35.8,0,-0.8331770286121465,-0.8141064692281083
Oaxaca,Santiago Choápam,0.0,-95.88644541659632,17.36096903897908,728.5,14.883260273972605,21.41739726027397,16.8507231575215,3.73650107991361,19.7984161267099,2.2477183833116,99.162224,95.705521,13060.0,44.913967611336,11.0220994475138,5.83360972913212,73.0446394505914,25.6299496040317,11.4470842332613,218.0,324.325,324.325,0.0,1133.65,0.0,458.915,0.0,663.01,95.5,58.8,36.8,0,3.4111721635916377,3.92811619556985
Zacatecas,Teúl de González Ortega,0.0,-103.4050171636186,21.35033380718066,1836.0,4.995917808219178,18.10141552511416,7.88258910409144,3.22895215021199,96.9715324046033,1.50508187464709,98.522167,39.19793,7000.0,53.0131826741996,5.68325334680475,8.61737148645227,79.3315907393577,95.1544518473652,9.56995760145366,58.391304347826086,335.2229961538462,81.32072500000001,253.90227115384616,2461.9902,1.36,573.1279,1.5,202.0351,38.9,1.3,37.6,0,-0.6624862929129666,-1.691404699803458
Tamaulipas,Villagrán,0.0,-99.31063357303614,24.587912137148933,326.6666666666667,0.2810958904109589,15.105342465753424,4.1614605327971,3.17986896962478,58.1298391899941,1.6601368159204,96.445374,12.719298,2000.0,51.2070566388115,3.94964206368798,7.07194066749073,86.4950568923708,58.7849910661108,1.72721858248958,91.0,692.99,160.0,532.99,3800.52,0.0,2045.94,0.0,83.15,57.5,9.5,48.0,0,-0.3630643566940777,-0.0102301403099078
Nuevo León,Los Ramones,0.0,-99.5974265612947,25.65443389650001,213.3333333333333,0.9315616438356163,24.646849315068494,4.01878740278538,2.86461704422869,88.7270765911543,1.5905959868224,97.748344,24.032258,6000.0,48.7230295024218,7.18116110981581,7.36567687631517,66.4316199665986,16.8284789644013,14.2934196332255,105.0,4000.89,1184.0,2816.89,6435.6672,0.0,19047.2413,0.0,504.5598,20.7,2.1,18.6,0,-0.2096562236205675,0.9473824422796908
Yucatán,Tixmehuac,0.0,-89.0849553229608,20.24832478973748,33.0,3.905205479452055,27.27561643835617,23.6484745803291,3.82054890921886,35.1161154116819,2.26964882943144,73.144287,28.947368,2000.0,43.9671814671815,13.6686858045826,7.02214022140221,91.7707567964732,56.9317382125264,2.95566502463054,33.0,53.05,42.65,10.4,1714.035,16.931,453.285,1.589,3.8,90.2,32.3,57.9,0,2.4212783915956315,1.369225171016492
Puebla,Francisco Z. Mena,0.0,-97.82704756671862,20.706279405384755,131.0,4.166958904109589,23.16657534246575,41.5810052797504,3.49557696088068,28.5826616866523,1.81411956743522,98.358813,30.15873,2000.0,63.3283613893032,9.18631178707224,7.42490675192205,79.1236535008977,53.2140750933753,11.6375073717319,1518.0,3195.3131,3195.3131,0.0,4443.7176,0.0,11951.0144,0.0,323.7514,75.2,21.8,53.4,0,0.3084085257117698,0.881421765611399
Veracruz de Ignacio de la Llave,Hueyapan de Ocampo,8.4,-95.18080316547189,18.19505548615001,20.0,3.33013698630137,25.42712328767124,58.6945532353905,3.2945047973991,36.1826976449132,1.87579574698632,95.857086,57.746914,7000.0,55.9770980864849,16.7473284178387,6.94443360010411,72.8173746100312,31.5993973515185,12.8062802315439,565.0,1436.5155,1434.5155,2.0,9803.9317,0.0,13744.7233,0.0,204.6968,77.1,26.3,50.8,2,1.8775112113809227,1.8596934353986991
Yucatán,Tecoh,6.5,-89.4404394893674,20.665667867748308,10.0,2.0273972602739727,27.22876712328767,48.8100740977319,3.80127253446447,54.2523860021209,2.34012273142708,71.901201,63.852059,4000.0,62.7152777777778,8.71535775317631,7.03465714710695,78.7446345950164,69.2682926829268,19.1728525980912,12.0,12.317,11.81,0.507,523.8295,0.0,759.6767,1.0007,45.01,54.8,11.2,43.6,1,-0.2686704854953439,-0.2590728612211661
Zacatecas,Concepción del Oro,0.0,-101.18733052742787,24.44907673860907,1950.5,1.0315068493150683,18.88150684931507,5.00984871982144,3.71490280777538,63.4372107374267,1.67222222222222,97.590361,22.958771,7700.0,51.6169283560362,3.6929599464465,9.13158188932364,84.9030127940569,87.6889848812095,8.57759950632521,43.0,155.88,151.38,4.5,5821.4618,0.0,312.9483,0.0,9.4,26.8,2.8,24.0,0,-0.7639261857903543,-1.3544691923829375
Oaxaca,San Felipe Usila,16.4,-96.5091815366832,17.82005295166674,127.0,14.834246575342464,24.295890410958904,27.242742765609,4.14889958734525,40.2338376891334,1.89940176322418,99.233017,81.818182,13060.0,58.1082558775287,16.4173703256936,6.57280850036223,75.9986875563941,10.6602475928473,7.56533700137552,688.0,1099.3,1099.3,0.0,4307.6161,0.0,1033.0,0.0,4.0,91.7,46.0,45.7,2,2.74638655891303,3.6946551086988753
Zacatecas,Juchipila,2.8,-103.12608430789686,21.378096104288048,1259.0,1.9972602739726024,23.5427397260274,36.1839893000737,3.14068930041152,91.8981481481482,1.5215006855291,99.536082,29.184322,10000.0,53.7284701114488,6.6068339100346,8.92806846495504,82.4993878050771,96.3477366255144,12.7314814814815,37.0,88.938,0.75,88.188,1444.0695,0.05,554.3124,0.0,29.8658,38.3,2.1,36.2,1,-0.5413719873454249,-1.682280369286976
Chiapas,Chicomuselo,13.6,-92.41926030508544,15.793550424468147,550.0,0.0,23.621369863013697,36.930927982117,4.17299145299145,26.8262108262108,2.27313923893476,94.715596,60.94466,8500.0,54.5387399364798,14.6700158003484,6.29734441516319,77.9855919532418,37.7207977207977,21.7549857549858,58.0,59.724,48.884,10.84,9796.9408,0.0,3334.5199,1.0,179.1119,81.6,26.3,55.3,2,1.6895230585039704,1.6571037354899416
Yucatán,Akil,24.4,-89.34372375373488,20.260050283897726,26.0,3.374383561643836,25.675342465753424,160.679684109454,3.74915979223954,37.2135655362053,2.42698852394143,86.695747,69.783198,819.0,66.5808113329041,9.9135446685879,7.39483096803969,78.9336589336589,59.8533455545371,11.8240146654445,31.0,28.0202,17.66,10.3602,185.6951,0.006,2965.8862,0.047,41.5665,84.4,33.0,51.5,3,0.8123096078974378,1.312243074350505
México,Texcaltitlán,0.0,-99.94116320031756,18.94077617477052,2383.0,2.684054794520548,14.782465753424658,127.061922256338,4.02172481895984,42.2865920561773,2.08024971623156,86.38549,61.531449,12000.0,53.0484665735089,5.35268037081822,8.3228956500686,70.7715615193161,74.5007680491551,15.4268158876454,350.0,431.4445,427.9445,3.5,4149.2752,25.9611,115.3443,12.74,115.5668,56.6,10.0,46.5,0,-0.255223772173184,-0.5028847468448612
Tamaulipas,Jiménez,0.0,-98.51389442426938,24.21154770707876,193.66666666666663,1.929890410958904,23.49554794520548,3.81823884611005,3.1855927963982,76.288144072036,1.72996468350992,96.521036,17.031342,7000.0,48.1295796374855,4.56630525437865,8.68845270411359,92.0,79.4897448724362,4.20210105052526,22.0,275.1,260.88,14.22,9807.561,0.0,1663.43,0.0,32.329,60.5,6.0,54.5,0,-0.3071969953326074,-0.8981259837157294
Michoacán de Ocampo,Tuxpan,0.0,-100.48763064497292,19.577492736144173,1747.0,2.083205479452055,18.05178082191781,105.812002468091,3.68832472748135,66.5232358003442,1.85319976938599,93.521807,56.187642,11000.0,58.8934590690209,5.83504264277232,7.9957253395379,57.0175098031603,67.0539300057372,33.0034423407917,119.0,224.9485,28.086,196.8625,3131.4049,6.82,1878.9628,13.38,36.8656,50.7,8.6,42.1,0,-0.5694507260908622,-0.335705796893022
Zacatecas,Juan Aldama,0.0,-103.30691496460328,24.25565320145268,1999.0,1.3994520547945206,18.828082191780823,31.6697257587836,3.65745548961424,85.1632047477745,1.75266619267686,96.242573,43.078084,23000.0,56.715242221347,3.38743824982357,8.78927257288423,77.1482100359512,92.8783382789317,12.6112759643917,7.0,30.35,0.0,30.35,27447.2339,0.0,95.9354,0.0,26.41,57.5,4.2,53.4,0,-0.993936704723274,-1.4459103633365298
Coahuila de Zaragoza,Sierra Mojada,0.0,-103.67692087331054,27.58368397617791,1256.0,0.9227397260273972,19.45342465753425,0.851328376211444,3.3982254697286,72.7557411273486,1.78481359649123,97.124601,24.209167,7000.0,51.39025833169,2.72554405239806,9.2557745285018,87.514827995255,51.2004175365344,2.92275574112735,10.0,635.91,537.41,98.5,3048.3524,0.0,125.25,0.0,526.2245,25.5,1.9,23.6,0,-0.9210588619783594,-0.2041031838818164
Yucatán,Teabo,115.6,-89.21270419585511,20.380705683127594,26.0,4.47013698630137,25.56438356164384,30.813147730559,4.13437312537492,35.0329934013197,2.50072568940493,68.374317,72.604066,1000.0,63.5742743312464,12.7494908350305,6.8861043194784,84.8287819679237,54.1091781643671,8.99820035992802,15.0,11.22,11.18,0.04,843.0772,0.0,382.4081,0.0,50.723,87.2,32.3,54.9,4,1.2900022005981566,1.4621322022098524
Sonora,Agua Prieta,1.1,-109.04191146187384,31.02112125715447,1119.0,0.8849315068493151,18.747945205479454,23.2935929219584,3.38184576672587,97.3468028419183,1.73410558298519,99.1056,13.107119,70000.0,60.3375058980266,1.89676663613018,9.63631300054194,70.7611308727387,23.0905861456483,2.29425695677916,33.0,154.5,0.0,154.5,1122.4474,0.0,447.386,0.0,61.5973,32.9,3.5,29.3,1,-1.406090864877358,0.8270060289146469
Chiapas,San Cristóbal de las Casas,9.1,-92.61551245538628,16.683544708986197,2114.15,6.583013698630137,16.450205479452052,547.663049059209,4.08063933022548,72.8303681857102,1.858184877448,99.010749,42.612306,260000.0,69.2158999897629,9.25783790815663,9.40195688852119,55.1298442610041,84.2089239843973,21.7277138236134,1184.0,1638.6927,1598.2972,40.3955,3925.118,9.1273,154.9598,9.2119,81.4235,66.1,25.0,41.1,2,0.1784551038387839,0.0420868212655604
Nuevo León,Cerralvo,0.0,-99.75714952754863,26.060488072984608,340.0,1.7233150684931506,22.999178082191783,7.28599263648565,2.98940073379535,96.1271911944558,1.57868675995694,97.342324,15.391342,6400.0,53.6725067385445,5.3229880909419,8.09113969922087,86.7438692098093,8.35711373827966,2.89441500203832,13.0,430.6,392.6,38.0,1336.3551,0.0,5913.5212,0.0,40.062,11.0,0.9,10.1,0,-0.7628689155266551,1.165644607830846
San Luis Potosí,Soledad de Graciano Sánchez,0.6,-100.86718753625873,22.297051934691588,1843.5,0.8903561643835617,20.04931506849315,1086.19059943373,3.61573180703189,95.4101935132189,1.59850870245523,99.610588,41.612509,211000.0,65.1942629109045,2.27904211475695,10.6821332900398,83.1717217952733,86.6993731261924,69.4358135731807,220.0,621.8736,299.3416,322.532,2093.6083,3.83,1788.5559,1.34,604.2453,22.6,1.7,20.9,1,-1.7025272161289158,-1.3937683427453351
Michoacán de Ocampo,Pátzcuaro,0.0,-101.66027193248304,19.50174280663233,2140.0,1.6835616438356165,18.51424657534246,224.339199282235,4.01565517524757,71.9357357110572,1.80874782415466,97.868226,50.140415,65000.0,65.1304301814911,6.1856697464516,8.94660540509689,61.8812384379256,76.2049554176768,37.5107860459383,327.0,713.3604,602.1886,111.1718,4701.4838,1.0346,2051.3323,8.951,31.0949,51.6,11.9,39.7,0,-0.6770504767557729,-0.4484312553546035
Hidalgo,Zacualtipán de Ángeles,0.0,-98.59529812930438,20.65203521348902,1969.0,3.1591780821917808,17.056438356164385,139.919761596279,3.59859954579864,60.7588947766843,1.93078055964654,97.724675,59.78979,25000.0,63.2868185925108,6.72302158273381,8.69650576368876,60.6159087930809,84.5950037850114,22.0666161998486,179.0,131.2885,131.2885,0.0,616.4599,0.106,232.538,2.018,101.0649,59.4,9.0,50.5,0,-0.6639925507308131,-0.895113200212332
México,Coatepec Harinas,6.2,-99.80500244405069,18.93902705518098,2424.833333333333,13.007780821917809,18.254164383561644,133.602641001773,4.16147797048368,47.7862759883658,2.05984731194277,89.242312,38.580171,10000.0,63.2825421402681,7.1034881480054,7.39669070852779,79.5072846311104,75.9129591726813,25.8752558440159,263.0,254.8999,215.649,39.2509,2465.2513,508.8729,1917.5201,1200.3766,222.1736,50.1,5.5,44.5,1,-0.7970797819354921,-0.8111516339982933
Yucatán,Panabá,38.6,-88.29953895396397,21.339788869653773,11.5,5.985232876712329,27.41479452054795,11.6733753885966,3.5063233965673,87.4887082204155,2.17086129753915,89.471326,73.558801,10000.0,57.202304737516,10.0633236351189,7.40541003252868,90.3425186711306,82.7461607949413,4.92321589882565,18.0,83.06,82.82,0.24,475.06,0.0,16883.7771,2.5,365.4544,75.5,18.1,57.3,3,0.5446427453393059,-0.3120350380295155
Guanajuato,Moroleón,0.0,-101.2584501465706,20.08441999178336,1971.0,3.972164383561644,18.254657534246576,295.844500959331,3.30920821937022,97.3700820534399,1.53191558441558,98.44867,37.402402,48434.0,64.2024717460797,5.60675474110377,8.69557668678882,77.4147817439326,95.6939476821656,33.6839890595413,365.21875,2912.00580625,287.914478125,2624.091328125,1436.1951,0.0,17.0,0.0,13.995,46.9,2.8,44.1,0,-1.1737337203903229,-1.6199446861883318
Sonora,Magdalena,1.12,-111.13941056824056,30.771983143455987,775.75,2.4213698630136986,20.25260273972603,26.6647924294508,3.34006699827429,97.3708252969242,1.60193796562302,98.699438,14.363948,35000.0,59.4728233996425,1.75726047597591,10.0092935274282,79.1612454234621,26.2105370013197,2.29418333164146,30.0,145.92,10.0,135.92,855.8885,13.0,454.2438,0.0,78.3619,28.7,2.4,26.2,1,-1.435953282899726,0.6597875105956809
Yucatán,Dzidzantún,0.0,-89.03628044916317,21.28918979611842,5.0,3.3216438356164386,24.5013698630137,40.210516161685,3.3425702811245,60.4819277108434,1.88512283894449,90.617284,62.274882,1700.0,54.6397694524496,7.79082177161153,9.40576395242452,81.0305572198921,77.3895582329317,15.140562248996,63.0,85.9916,2.5416,83.45,223.8134,0.0,1918.1998,0.0,14.069,54.6,11.0,43.6,0,0.0222571611046075,-0.5394434835054509
Michoacán de Ocampo,Tancítaro,0.0,-102.37030189071352,19.35417710297449,2054.0,3.986849315068493,16.253424657534246,46.8362125637629,4.10210357977611,62.2708820273096,1.99520527419838,97.824645,38.747826,18000.0,61.040598812139,9.74781765276431,7.00445581682622,40.1458763040684,80.7602411120679,21.9953253782753,35.0,101.5165,97.5165,4.0,1170.7241,0.0,25159.3821,45.1,10.042,28.5,4.3,24.2,0,-0.40909440858322,-1.0381160017761697
Michoacán de Ocampo,Zacapu,0.0,-101.84441320372112,19.830282603804665,1986.0,1.9815342465753425,20.58219178082192,168.973279913557,3.63589354333697,87.6322406186252,1.66012264621119,99.309997,38.351084,70000.0,59.8133906170572,4.88525851815574,9.18583605177312,66.0818180634917,83.808529816405,13.4351724465107,700.0,2324.5256,597.5396,1726.986,9774.5316,2.5,3291.9262,0.0,45.9108,46.5,8.8,37.7,0,-0.7267153163607919,-0.8797933554419732
México,Villa Guerrero,0.0,-99.68251310811232,18.94079219453506,2166.8,11.377315068493152,18.54091324200913,305.558803219259,3.93994165761025,52.3193959846708,2.06351108448173,93.901561,47.884665,53800.0,70.6234004727763,5.04994568805776,7.43031414617501,69.2716324580957,77.3322656294686,12.7037693759652,209.0,198.6504,150.4124,48.238,765.2715,92.4761,807.3878,1511.0393,26.2457,66.6,14.0,52.7,0,-0.9961101256185404,-0.3644477255878014
Michoacán de Ocampo,Tangancícuaro,0.0,-102.29418076092702,19.873453535518284,1809.5,4.200301369863014,17.947945205479453,91.5390864629114,3.66666666666667,75.5027612795665,1.82284648077122,97.01331,41.086269,27770.0,62.0078379665238,9.66029723991507,6.93970640324295,44.0917857953256,81.1190997186621,18.4224236740648,69.0,481.3105,264.3625,216.948,4884.0039,13.66,3453.922,3423.1088,24.638,48.1,8.5,39.5,0,-0.252575757944818,-0.8076441585929703
Puebla,Vicente Guerrero,0.0,-97.17299337663644,18.53562712911244,1952.5,5.264931506849315,13.44931506849315,101.650263358872,4.44053011239725,4.59654420399262,2.34330736543909,97.915503,73.71134,4000.0,43.1614760533892,23.6874025298908,5.42001849283403,89.1976354531421,50.1761449421238,23.7376279147794,2182.0,2667.1052,2627.0952,40.01,5903.1026,0.624,187.019,1.125,159.6674,93.5,43.0,50.5,0,4.283307682616518,2.2089659528561065
Sonora,Cajeme,206.9,-109.9021973601995,27.711976338537383,45.294117647058826,16.74205479452055,24.58247431506849,89.5111834772883,3.2112781011827,94.7630536311118,1.66649560734993,98.414663,20.521381,350000.0,60.3726284993244,1.93839562405108,10.8046768111838,84.4883203049826,24.8131506525893,2.90179065495031,939.0,56000.8721,49.0,55951.8721,84666.4797,747.2,9479.6568,15.0,1377.3187,28.9,2.7,26.2,4,-1.4441076762537917,0.7047156427612531
Michoacán de Ocampo,Indaparapeo,0.0,-100.94291695053973,19.760413036587416,1858.0,1.6936438356164385,15.18958904109589,104.185148497865,3.95453566041801,61.7970265029089,1.93260320134794,96.372279,38.588631,15000.0,54.5148389812671,8.12688821752266,7.16903645439419,55.3005167255915,63.0252100840336,42.2538246067658,63.0,489.2262,15.5812,473.645,5981.0284,2.304,213.5665,150.45,33.64,65.8,17.5,48.3,0,0.4080317120472309,0.3119548677418855
Puebla,Venustiano Carranza,5.3,-97.68240737526864,20.50503220638078,144.0,2.737260273972603,21.031232876712327,89.7040647380229,3.61293202397653,36.9723249585512,2.0235,98.193171,47.430325,5376.0,62.6496592374286,11.8319661943823,8.1687898089172,69.2093678464518,60.9743655146027,26.4762147685244,469.0,826.4308,826.4308,0.0,1700.0543,0.0014,4078.4181,2.3148,67.038,72.6,17.7,54.9,1,0.4653406324956019,0.3910216936068402
Yucatán,Izamal,5.3,-88.87182310527866,20.883665028265035,13.0,2.3304657534246576,25.948219178082194,62.2455813036444,3.61331805449452,65.5080213903743,2.15467680608365,86.064189,69.752572,17000.0,61.0881421534131,9.66190408827274,8.0466729589429,80.2906671336018,71.0593328240387,10.1349630761395,15.0,27.01,17.42,9.59,953.5612,0.0,3633.6425,0.04,58.1724,58.7,10.1,48.6,1,-0.1218403114657333,-0.3821786237480296
Coahuila de Zaragoza,Ocampo,0.0,-102.97290160608244,28.05294122822972,1069.6,0.755068493150685,19.21815068493151,0.370498471372743,3.56965828013519,65.7153586180999,1.6956831965751,96.791614,28.745791,2000.0,50.349932705249,4.79801662534636,8.38821465126481,82.5866002903962,62.1104018024784,2.8914757791964,15.0,37.7,11.2,26.5,634.2826,0.0,421.56,0.0,8153.0895,34.2,4.5,29.6,0,-0.4706120431322336,-0.5256362436561949
Hidalgo,Ixmiquilpan,0.0,-99.20109242485744,20.53860762514661,1765.75,1.5976712328767122,19.23794520547945,202.743420600356,3.69632341839046,62.1621621621622,1.7241956219291,94.630271,55.686468,83000.0,68.9241540857433,5.6103276619937,9.35784402204851,62.2701563038498,78.9483617695908,18.3376113543711,2441.0,2783.7026,239.244,2544.4586,7978.8598,26.6534,6490.8874,18.7467,404.493,50.2,6.2,44.0,0,-1.2415469729626378,-0.8739910486184561
Guanajuato,Manuel Doblado,0.0,-101.87757148222543,20.692989390747805,1727.0,2.0334246575342467,18.76164383561644,50.3024248361114,3.689111747851,55.6679799426934,1.83986067074532,90.312282,44.221712,35000.0,59.7745785186588,9.96159467083574,7.19734558448188,83.3026188166828,83.4974928366762,10.243553008596,134.0,1277.32,129.67,1147.65,17925.3051,1.0,3536.8467,0.0,192.9007,50.2,6.2,44.0,0,-0.2180749381103784,-1.021769118137244
Guanajuato,Pénjamo,0.0,-101.84051284068296,20.40529764859339,1867.2,5.892328767123288,19.5862100456621,99.2660595361383,3.90399535013015,60.7844128275757,1.8536482901828,88.282726,42.850834,100000.0,56.8616149722934,8.488665877489,7.76691110776934,81.0409137842024,75.9697758459478,18.3341335826742,801.0,5799.407,1213.98,4585.427,57413.1895,261.82,10333.5067,102.21,1264.1602,51.1,6.8,44.3,0,-0.2222623313219005,-0.752975837326954
Durango,El Oro,0.0,-105.32429883722936,25.64243517679008,1640.0,2.672575342465753,17.214109589041094,2.9416032534482,3.18855736696401,83.2666871731775,1.43525827447722,92.111111,19.053118,6000.0,56.7886374578719,2.81021429488002,8.77290272774061,80.6914483821264,92.2792986773301,12.2731467240849,3.0,1.44,0.0,1.44,10298.3529,0.0,177.5242,0.0,85.265,37.1,1.8,35.2,0,-1.1950399432762573,-1.5655149244398912
Zacatecas,Río Grande,0.0,-103.05128988867644,23.812666611178106,1902.0,1.17586301369863,18.73205479452055,35.0981644975734,3.63810438319024,67.4706281066426,1.69117453982092,95.320887,48.765253,100000.0,57.0280966350981,3.20728736362673,9.0667090889808,75.7340977764004,90.5671034794397,19.4419340262088,43.0,138.64,99.83,38.81,83978.8354,1.28,943.0981,0.0,54.6755,45.6,3.3,42.3,0,-1.079535855423915,-1.42166912096651
Guanajuato,San Francisco del Rincón,0.0,-101.79834024964076,20.92471917264353,1769.0,1.2271506849315068,19.21753424657534,307.659201702278,4.05694116183605,79.2698096778206,1.84228458330388,96.274993,43.334761,65000.0,68.2148414657112,5.22398404760128,8.20252312688273,75.2855865699811,78.5016793133474,16.5132479164075,71.0,1129.8638,158.4814,971.3824,15968.2114,30.4,2558.1506,79.5,583.2813,47.3,4.8,42.5,0,-1.3261869385350171,-0.9426192129737204
San Luis Potosí,Charcas,0.0,-101.1087492327333,23.273047869526543,2106.0,1.7482739726027396,14.49041095890411,10.1145295370098,3.62707917498337,58.4497671324019,1.7255368037398,96.471012,30.599721,20000.0,55.3839005691718,7.04972237818953,8.15331707622085,84.2669845053635,70.7418496340652,13.5562208915502,72.0,385.864,305.44,80.424,11807.2085,1.0,851.5459,0.0,579.3734,47.0,7.8,39.2,0,-0.2757356689445546,-0.5120093901268357
Querétaro,Pedro Escobedo,0.0,-100.17161853885014,20.468868258375583,1906.0,0.1898630136986301,19.01095890410959,239.483955487728,4.0596294157787,64.1698598498766,1.97984222119768,95.761091,45.401749,52000.0,63.1196874947608,4.87155813827187,8.71936536718042,81.078497235285,71.0828827883051,4.52469686630623,441.0,4443.8833,70.35,4373.5333,11932.8236,78.28,1048.566,80.68,500.2658,41.6,4.6,37.0,0,-1.117281396218386,-0.7069990786708357
Querétaro,Ezequiel Montes,0.0,-99.90840138264495,20.65290824257088,2061.0,0.8246575342465754,18.99041095890411,150.353105867888,4.15685550839638,73.0669865288799,2.02584770567839,96.02296,55.069292,35000.0,63.1081392667743,7.8288490284006,8.28467267005266,65.0539420925544,71.1478132496771,12.4100387525374,48.0,836.71,6.0,830.71,4055.0497,39.3385,879.0699,24.0,899.6581,53.0,7.4,45.6,0,-0.5979418465913613,-0.5531905752883515
Puebla,Ahuazotepec,0.0,-98.1369708226552,20.056545521115456,2419.0,1.6213698630136986,13.163013698630136,188.339758012889,3.90884167237834,51.7820424948595,1.97643389360596,98.548094,55.308642,10000.0,53.669197147458,6.6119811086254,8.44007467330429,65.4340414371886,75.017135023989,21.8300205620288,127.0,211.037,121.252,89.785,2499.0681,1.615,221.3376,0.24,84.8418,62.1,9.4,52.7,0,-0.1593487878808815,-0.5542165137539463
México,Tenancingo,0.0,-99.56897434132289,18.96465637453786,2053.0,2.7432876712328764,17.338356164383562,635.776260866003,4.04167973651192,64.3938205771644,1.95063317496072,93.889407,59.496296,73000.0,62.5129751371657,4.47783100057374,9.25092531968626,57.3344669793746,79.469887076537,17.4678481806775,136.0,125.8459,91.0859,34.76,4514.7366,30.6598,1036.6503,322.5482,44.2021,62.7,13.4,49.4,0,-0.6795770258592384,-0.470235093126188
México,Temascaltepec,9.2,-99.94846739096984,19.10999879653686,2315.833333333333,23.197342465753422,15.451123287671232,61.6108399383912,4.03736365746113,26.9668136458575,2.11256830601093,79.595077,52.654506,7000.0,61.2872348571866,6.34548574777113,7.85015290519878,82.2670931627349,52.8893014620562,13.9707588767696,996.0,1244.2548,546.619,697.6358,5885.4793,6.551,2162.2343,104.641,236.7423,62.4,13.4,49.0,2,-0.3801466511854442,0.408283493599985
Sonora,Hermosillo,60.2,-111.44667290004476,28.969139166046983,152.75,7.724739726027397,23.287025440313112,59.5425813078862,3.32941062294893,95.2884342346941,1.65830039277467,99.031207,23.939204,700000.0,63.1224780379135,1.77094092799211,11.2953864674033,81.857982212263,58.1498082376918,6.98000424141563,300.0,19584.2776,118.0,19466.2776,36095.7322,503.0,31496.3813,10.08,13024.5647,22.4,3.0,19.4,3,-1.5920891081028954,-0.5512001914667586
Zacatecas,Miguel Auza,0.0,-103.4626351641758,24.162273208986093,2055.6666666666665,3.934520547945205,17.876392694063927,21.4436975772849,4.02162070139598,86.789240721825,1.83251881157397,96.012375,55.347826,26000.0,55.7770521853698,2.87000562746201,8.21284058878797,77.6536077257201,94.2288049029622,7.28634661218931,20.0,237.858,12.0,225.858,76057.58,0.594,930.3341,0.0,284.1825,61.4,3.7,57.7,0,-1.0366489408108408,-1.523281435416126
Michoacán de Ocampo,Zinapécuaro,0.0,-100.77090169471026,19.856315150644114,2118.333333333333,7.594657534246576,18.68328767123288,82.1639494068124,3.70631067961165,72.6031553398058,1.75787883148654,95.935026,42.485184,24000.0,56.8991640543365,8.18674073450607,7.57237581478984,44.640342822161,84.8680218446602,22.2466626213592,575.0,1760.2297,1062.6306,697.5991,8851.0116,2.889,3650.4574,0.3,135.749,52.4,7.8,44.7,0,-0.2105306397569746,-0.97397410646252
Guanajuato,Jerécuaro,0.0,-100.543393488511,20.18476744185519,1907.0,1.73986301369863,19.18109589041096,56.0738738122997,3.59422713392468,48.0442053220881,1.87523708368106,88.770175,54.715819,21000.0,56.8126140213709,14.6407135244292,7.01306656925282,84.7082820041602,86.9056274538316,16.8241965973535,183.0,590.967,420.275,170.692,24067.4239,1.13,528.7159,2.1,488.6114,58.7,5.8,52.9,0,0.5057322231553858,-1.1621347006970435
Sonora,Imuris,16.0,-110.78728815735988,30.838006209200778,904.5,1.2219178082191782,19.37780821917808,5.77692550619647,3.3405038211152,91.7350693461647,1.6273995304516,96.143097,12.057387,5428.0,58.0530071355759,3.43722369584439,8.92532179316467,73.8911933631142,31.6161902066233,6.19869799037645,30.0,125.389,16.5,108.889,665.3566,71.3,516.3802,0.0,170.722,36.5,3.7,32.8,2,-1.082819444680703,0.5543125619967384
Hidalgo,Tecozautla,0.0,-99.6526007654412,20.539695373777526,1857.0,1.2180547945205478,17.987671232876714,72.3960434224666,3.71568723633866,45.3742764642402,1.95608596817524,85.398947,63.347217,14000.0,60.8300951360043,8.00503687713618,7.88712700014415,74.7750591949487,77.435494947513,11.851270479741,985.0,1556.8939,162.02,1394.8739,8394.017,43.938,1529.605,0.195,308.4895,44.2,4.7,39.5,0,-0.5976582897598093,-0.9090826312038846
Veracruz de Ignacio de la Llave,Altotonga,0.0,-97.12806736907532,19.76491904470584,1867.0,5.882164383561643,14.53972602739726,195.549441895769,3.84719721522026,41.783699435842,2.19994508888736,98.32753,55.208576,15000.0,69.3964890412382,11.197851469149,7.04600633156444,72.3168415480898,47.731364782139,18.4431640859441,4717.0,5021.4303,4940.4803,80.95,5264.3685,0.1042,3486.6841,0.7124,173.7425,87.2,28.1,59.1,0,0.5748658158565572,1.4292379984857204
Guanajuato,Jaral del Progreso,0.0,-101.06186716614889,20.36447648396247,1728.0,1.883890410958904,19.77260273972603,221.123664376826,3.87902175002506,89.3254485316227,1.85946283572767,96.609821,33.956254,31992.0,56.5819861431871,6.04591124755791,8.36962900859359,85.4262286627817,75.6940964217701,5.55277137416057,570.0,6739.2879,27.32,6711.9679,9727.1004,23.62,326.4232,38.33,27.9553,55.0,5.9,49.1,0,-0.5630546840177361,-0.7779916925979973
Guanajuato,Abasolo,0.0,-101.5457582205319,20.537361183697698,1794.0,1.5545205479452051,21.789863013698632,149.584097732525,4.12908592239558,47.5877883188706,1.94711844281413,92.471985,49.821737,38500.0,58.8194211643759,8.58709532036355,7.73156595309066,81.7666232073012,72.3888314374354,22.575423766917,697.0,7028.5715,432.7581,6595.8134,24963.628,39.23,3939.4047,95.95,372.7399,47.8,5.4,42.4,0,-0.3837414865679325,-0.7022539169815694
Jalisco,Lagos de Moreno,0.0,-101.81994878805142,21.533026725170657,1995.2857142857144,5.565506849315069,18.462082191780823,68.5652485319987,3.82182004135447,90.6574471396492,1.78511478134414,96.828638,42.655063,92493.0,64.6323965774983,5.77653586036529,8.94201217038539,74.5195849260164,75.4385574849367,26.2800987171221,92.0,2328.5461,142.18,2186.3661,42883.3143,30.2,2108.712,100.0,4522.4522,37.2,4.4,32.8,0,-1.091625768439442,-0.9209630897026366
Sonora,General Plutarco Elías Calles,0.0,-112.71173797707998,31.694978845643355,389.0,0.605013698630137,21.734794520547947,3.72663316612746,3.30680137999014,92.6071956628881,1.79108263249232,98.8,12.2,19000.0,60.931448489543,3.98393744055796,8.92700497934103,74.5358479489249,18.3834401182849,4.13997042878265,15.0,333.0,0.0,333.0,621.8174,0.0,1971.5989,0.0,125.25,45.5,5.3,40.3,0,-1.0798578268264354,1.0861194423449712
San Luis Potosí,Zaragoza,0.0,-100.67154627529584,22.037885845287967,1981.3333333333333,2.178438356164384,17.46678082191781,44.5897505662084,4.24347826086957,50.1863354037267,1.93349370312721,89.423244,47.409934,10500.0,54.545893486553,11.6286372200126,7.52523874488404,82.0492222303367,63.4472049689441,40.9937888198758,27.0,88.859,88.858,0.001,1814.6769,0.0272,15.5707,0.0,14.1329,37.1,4.9,32.2,0,0.195888945448283,-0.4294967690182557
Guanajuato,Purísima del Rincón,4.2,-101.90609031814223,20.94105438886551,1794.0,1.2115890410958905,19.0613698630137,288.430364454885,4.21372776293907,84.2412941591493,1.96712296436158,98.127908,42.156972,68605.0,68.3089632642804,5.19337016574586,7.71826688711244,77.2536437584981,79.2218918510306,9.02081338507282,24.0,1151.025,53.325,1097.7,6729.3156,12.0,1760.2483,0.0,271.8654,42.9,4.2,38.6,1,-1.3660214086676814,-0.9966621980090064
San Luis Potosí,Venado,0.0,-101.0990867108969,22.92228401089569,1804.6666666666667,0.6934520547945205,18.53287671232877,10.9054788330183,3.56345815531541,50.816788137723,1.74596724541313,93.807107,49.108205,4000.0,58.4640864714086,7.95327102803738,7.66856982403594,73.7524668734142,68.4342799698417,15.4310128172908,90.0,476.183,133.75,342.433,9441.4061,49.25,838.0061,0.06,268.6252,61.9,9.9,52.1,0,-0.212223683767574,-0.3097295161800001
Chiapas,Sitalá,0.0,-92.34648344880796,17.037463809680716,1100.0,5.561698630136986,20.992465753424657,147.225699394452,4.7856477166822,19.6334265299783,2.7592692101021,42.110912,15.942029,3000.0,37.6214535561601,37.3728438743919,4.52208079690094,73.4115221033638,34.4827586206897,8.48089468779124,62.0,54.1496,54.1496,0.0,1463.713,0.0,2140.5683,0.0,1.0,97.2,69.6,27.6,0,7.677701649055124,4.267920291843296
Tamaulipas,Gustavo Díaz Ordaz,0.0,-98.6419160919248,26.138127235267618,40.0,1.0421917808219177,23.84931506849315,36.2485508178469,3.18017100977199,91.8159609120521,1.645705845115,99.203757,13.466334,15200.0,57.7064955894146,4.8466099510183,8.71290711700844,61.5232506219302,19.828990228013,3.33876221498371,414.0,16417.2,186.69,16230.51,17488.9146,0.0,100.83,0.0,27.52,45.8,5.0,40.7,0,-0.8194410742215044,1.0222734140366967
Querétaro,Colón,0.0,-100.07965507939691,20.749669540030943,2083.25,2.807232876712329,18.218835616438355,82.8386261615946,4.14476131432114,45.4246745195288,2.16562965843541,88.705557,41.352113,36605.0,61.9371449910572,7.93664365260885,7.969463525283,73.7489012380626,58.3013019218847,6.08183508989461,157.0,2336.9238,50.9588,2285.965,10852.9341,289.6127,1312.5135,0.47,1112.6382,43.8,5.5,38.3,0,-0.622158011981472,-0.2400667951761468
Hidalgo,Nopala de Villagrán,0.0,-99.67470636406144,20.232841949917105,2399.0,0.2435616438356164,16.626027397260273,49.6550241005609,3.29513618677043,53.2684824902724,1.70715725806452,83.184945,55.276686,5000.0,60.822257923178,6.52275198012114,8.01897503693911,73.9733301864527,80.1750972762646,34.7665369649805,92.0,279.99,210.94,69.05,10369.9883,0.276,85.4105,1.89,317.4549,43.1,4.9,38.2,0,-0.7741672155327026,-0.9884935778153354
Aguascalientes,Cosío,0.0,-102.31200006796644,22.370512014261585,2022.7,0.938082191780822,12.088219178082191,131.032309800657,4.31798524548461,74.0269651488171,1.9725740848344,97.101449,36.707772,19000.0,54.6801872074883,2.62333925700262,9.08326973628424,86.1823529411765,78.0462986517426,8.140422284406,65.0,409.95,49.68,360.27,3792.5617,0.0,1416.3249,2.0,169.2846,37.0,3.4,33.7,0,-1.0265714776872283,-1.0024113650471576
Durango,Pueblo Nuevo,0.0,-105.27767292968274,23.454520529794983,2647.0,7.872000000000001,11.434931506849315,7.35774847312589,4.23162009314704,34.9384564204924,2.13934219380888,90.291933,36.591002,25000.0,53.6380117433774,4.79192184745915,8.66721502706906,69.9877118726716,65.726879574185,15.3942115768463,38.0,132.025,127.025,5.0,10467.7654,0.0,767.7306,32.5,3.5,55.0,7.7,47.3,0,-0.4757876633459625,-0.3432070795084978
Hidalgo,Huasca de Ocampo,0.0,-98.55523893118588,20.223148543511865,2221.0,2.4146849315068493,15.70068493150685,58.138467755129,3.70967060810811,58.7626689189189,1.8339248434238,85.67697,78.825876,2000.0,62.3066104078762,6.18994234465087,7.79212130937099,65.6670642358153,85.7474662162162,28.7584459459459,278.0,548.6856,252.8775,295.8081,5852.573,40.327,280.3428,7.83,597.3365,51.1,9.2,41.9,0,-0.6702304707971637,-0.9289282673223646
Zacatecas,Zacatecas,0.0,-102.668590330277,22.72932761118349,2445.2,4.668958904109589,16.689623287671235,338.835992151376,3.48777494571887,94.4373642971774,1.45956584087425,98.836429,40.51628,130000.0,59.5159145750915,1.99676200755532,11.5660489251297,82.8697855046889,96.5071273482488,19.5246861134712,29.0,147.07,33.6,113.47,12446.301,0.0,546.0573,0.0,205.0845,23.4,2.6,20.8,0,-1.3975599918763992,-1.6612129867130758
Durango,Nombre de Dios,0.0,-104.22037232154088,23.841216614543946,1750.0,0.6513150684931507,21.26287671232877,16.0724963197796,3.59712773998488,62.4149659863946,1.66704615115159,92.933742,30.22287,12000.0,54.3835894658452,3.1188515630693,8.53732759249799,69.9265477439664,85.3741496598639,7.93650793650794,28.0,73.295,20.9,52.395,22568.1402,34.0509,2285.5099,5.4877,44.5906,42.4,2.4,40.0,0,-1.0004323879976096,-1.3013298036925691
Jalisco,Unión de San Antonio,0.0,-102.00079294190076,21.15761129768753,1858.5,1.5605479452054796,18.99465753424657,26.1638682122453,3.85809852017028,82.0798702615042,1.88212025316456,95.310034,34.847741,12000.0,62.7668252889191,8.79282458461991,7.15069904341428,67.3239288898212,86.7626190958849,17.4944252990067,6.0,266.0,6.0,260.0,13760.9494,0.0,2914.0872,2.0,603.7943,34.4,3.7,30.7,0,-0.6502203371841926,-1.2803442841061743
Sonora,San Luis Río Colorado,0.5,-114.29076185228304,31.993909781913512,26.0,0.162904109589041,24.66027397260273,22.4629442387101,3.31733824623082,95.8843215468866,1.72575506899465,98.532148,15.663142,230000.0,62.3278076848182,3.25934516424834,9.4574601517319,69.0917038905442,5.36981948482185,1.47893989588263,164.0,8644.84,0.0,8644.84,19820.814,0.0,11125.9002,0.03,801.28,41.4,4.8,36.6,1,-1.269612937244997,1.4789670756009403
Jalisco,Teocaltiche,5.2,-102.5201761159216,21.48140546816056,1786.25,6.135424657534246,19.752260273972603,42.6752940740509,3.60765463450027,93.0527843279521,1.72956385479237,95.319656,45.798964,36000.0,59.4626017310425,6.09798592236393,7.56598629945477,65.3329651848691,89.5066207146744,19.0821694177399,13.0,132.875,24.0,108.875,17802.5543,0.0,1754.0854,0.0,473.6478,41.5,2.8,38.6,1,-0.8662664092817629,-1.421428160290627
Nuevo León,Galeana,0.0,-100.38158492401344,24.757444631533986,1857.7894736842104,12.513397260273974,17.146972602739726,5.78683464643587,3.65036411040187,40.0341634451137,1.82800540297163,94.563752,25.340665,20000.0,51.8724999212574,5.12332676496569,7.8829261644349,87.9642080043029,54.2389643081902,3.48826755371752,703.0,4940.957,3657.817,1283.14,28698.5932,92.98,2386.3598,45.75,696.995,41.6,5.5,36.0,0,-0.4565179032803162,-0.0993842735636572
Michoacán de Ocampo,Cherán,0.0,-101.97584317071106,19.73929267380133,2140.0,2.633424657534247,13.699178082191782,92.5784876531655,4.26691573266916,73.7235367372354,1.96570881226054,98.79802,36.723023,8000.0,62.647599055366,9.1621544599601,8.3008780069955,71.7380744195084,73.5367372353674,50.5396430053964,593.0,1624.7544,1624.7544,0.0,2589.2041,0.0,107.8144,0.0,5.55,76.5,27.0,49.6,0,0.6100791324895569,0.5125379969906727
Tlaxcala,Tepetitla de Lardizábal,0.0,-98.37597218052582,19.282819499637107,2227.0,0.9367123287671232,15.583561643835615,963.899714080445,3.91439140391052,68.6454113087898,1.89444965470202,99.138437,65.711964,20000.0,60.9049053600864,1.75427910093196,9.9843206637789,67.3565592170243,74.4054958604897,12.8765192883565,123.0,75.0816,20.3446,54.737,1288.9647,0.2,199.8095,1.274,3.733,72.1,11.2,60.8,0,-1.0544370079273764,-0.4288046549684447
Aguascalientes,Tepezalá,0.0,-102.19271278767326,22.24351281596911,2101.175,4.507671232876712,18.03458904109589,96.8914279434931,4.14483650471088,83.4103085165343,1.93867475097445,95.755861,39.658404,13500.0,54.4231794750252,3.18499967893148,8.55904094619785,84.8032021347565,86.6432662109736,13.8740070201367,88.0,633.47,10.7,622.77,8039.7451,34.94,1061.835,6.0,233.8496,37.6,3.1,34.5,0,-0.9578489150958078,-1.3057070335766223
Aguascalientes,Pabellón de Arteaga,0.0,-102.30365550199664,22.10493004495968,1931.7,1.5594520547945208,18.58828767123288,240.925913716874,4.15323426573427,92.7185314685315,1.81437743636781,98.179961,41.895824,32997.0,60.9572413793103,2.84450818692482,9.767780608422,81.2932879989926,89.5804195804196,33.4353146853147,112.0,1359.0714,37.65,1321.4214,6121.7586,5.005,1431.708,12.23,671.9351,28.9,2.9,26.0,0,-1.3495282850882773,-1.420958467960021
Puebla,Ixtacamaxtitlán,0.0,-97.82600004287198,19.59787520598152,2472.0,0.9229315068493152,16.013698630136986,45.0741315460799,3.9423226812159,29.0257209664848,2.14415331128636,96.606991,72.942977,4000.0,64.4848234565352,11.1330215786805,7.02791248449306,84.2371341680161,84.6453624318005,15.4169914263445,2033.0,3865.9336,3779.3266,86.607,13234.4423,14.3905,1259.4517,2.7552,485.7788,74.7,15.7,59.1,0,0.178373504024431,-0.5153566059390642
Aguascalientes,Asientos,0.0,-102.09524754956512,22.132103719144496,2052.7,5.761917808219178,17.82986301369863,93.8708838063003,4.10605334611085,75.6748123302987,1.91236231021137,94.354315,36.166735,25800.0,55.8347873642543,3.31063829787234,8.53608862377503,85.2258615336852,83.4770803386041,14.6462226481393,273.0,2921.325,123.475,2797.85,21829.2037,73.74,2486.428,88.0,574.8112,40.1,4.1,36.0,0,-0.9632374353147658,-1.1478894975061231
Veracruz de Ignacio de la Llave,Perote,0.0,-97.26852734308876,19.51086110899672,2427.0,2.808027397260274,13.286666666666669,127.131554199029,3.96825979749226,58.5646083626253,2.0842151675485,98.729374,38.801749,73714.0,57.9403272377286,6.99807745124966,8.38916798063877,61.7096290939147,71.0980536173338,31.603798331672,1315.0,5609.1556,4499.1256,1110.03,16672.9031,5.0,1451.715,1.071,1737.6875,73.5,13.1,60.4,0,-0.1399584421293498,-0.2344083054437338
Durango,Tamazula,0.0,-106.8542838425184,24.97219136143052,275.0,3.900849315068493,26.75404109589041,4.53392708753661,4.29551060680809,41.4898865318204,2.19373267243552,75.486173,19.315673,11250.0,57.5397667020149,8.80650254371089,7.05281648905024,77.9315589353612,71.945403716494,6.46275283670449,40.0,65.962,20.662,45.3,7416.688,0.0,3089.532,0.0,11.1409,74.4,13.7,60.7,0,0.1403590712300533,-0.202952533875475
Zacatecas,Nochistlán de Mejía,0.0,-102.82725764897064,21.43610969589865,2027.5,3.0106849315068493,18.56972602739726,31.8402698002171,3.29123802766939,92.8934610381932,1.5716787166742,97.31987,48.202292,25000.0,56.4201983769161,6.89103341254061,8.13514436207569,69.2073716228306,92.8816365141303,8.92751566749438,32.0,57.685,20.875,36.81,5136.7627,1.0,1020.9295,0.0,406.998,40.3,1.4,38.9,0,-0.6811024955737128,-1.6132278957294026
Coahuila de Zaragoza,Castaños,0.0,-101.30463129067462,26.5419097906332,808.25,1.4134246575342466,19.501712328767123,8.71296209325947,3.4742058753284,69.560544542632,1.7789531613061,98.487955,20.144473,18754.0,51.9252898999734,1.95260663507109,9.62577447335812,84.0771765998352,86.8402197277287,8.59804155720086,33.0,113.6,103.0,10.6,2552.9486,0.0,5667.6607,0.0,2950.274,33.7,4.2,29.5,0,-0.927224699520195,-1.2878734358008823
Zacatecas,Villanueva,0.0,-102.84334409681664,22.335297738006886,1951.7142857142856,8.456356164383562,17.335694716242664,14.4817378021308,3.47497785651019,72.8963684676705,1.66629499840714,95.218982,36.297056,40000.0,54.4518232791188,3.85566834428047,8.08143420150788,74.7766018125356,90.4229406554473,12.2453498671391,37.0,110.51,8.2,102.31,22950.9908,7.215,1117.3119,0.265,189.516,50.6,4.3,46.3,0,-0.8124093658154266,-1.3610763839620958
Querétaro,Amealco de Bonfil,0.0,-100.0691473416896,20.187441503921747,2593.0,4.5150136986301375,15.815433789954335,93.7022744190061,3.90242048643592,54.4141721234799,2.03905509886013,81.960974,62.643724,34000.0,66.8264025343867,11.7300002185171,7.24223058741136,77.0978890202121,77.4789522918616,5.42563143124415,1453.0,2281.2818,1266.8763,1014.4055,15884.4714,74.8924,535.7861,2.8185,958.5632,56.2,12.8,43.4,0,-0.0177197142283005,-0.4520633967477237
México,Otumba,8.2,-98.74014736593315,19.65709099478461,1852.0,2.148164383561644,16.106575342465753,256.011804925238,3.80704027642803,59.1296836194795,1.91739177724603,97.197285,42.934155,14976.0,60.2730774521942,3.72968980797637,9.23005579573588,54.8016845118494,88.4029802397149,26.9193391642371,42.0,119.2506,115.1506,4.1,4169.8655,5.022,2705.1112,287.6446,165.762,63.2,7.4,55.8,2,-0.969066928028412,-1.1147133980014925
Querétaro,Huimilpan,0.0,-100.33310351984026,20.41938862621864,2181.333333333333,2.622684931506849,17.142922374429222,94.8344506075617,3.7155991109315,75.0050515255607,1.86540510374918,92.456459,53.942731,49000.0,57.7565028901734,9.44937554002042,7.72964143739914,73.9920669419691,87.9571630632451,13.4370579915134,84.0,882.322,60.472,821.85,7802.3753,15.5,231.2722,25.5,372.56,49.2,6.5,42.7,0,-0.1627603372221078,-1.154895506777609
Jalisco,Arandas,0.0,-102.3142737920528,20.74930888615662,2043.0,2.0287671232876714,18.92821917808219,84.8649908693815,3.5350954349547,96.6004046090245,1.68088755045277,99.056558,26.098387,90000.0,66.3021774270229,7.97895883694801,8.09919923509024,60.031758240395,94.9028058756267,57.2125956548509,5.0,139.0,129.0,10.0,18498.8372,1.0,34008.9004,107.08,1387.3365,34.0,2.9,31.0,0,-0.9775459821112076,-1.6077409831686174
Michoacán de Ocampo,Hidalgo,0.0,-100.63674070146848,19.62612383624826,2338.75,5.416958904109589,17.587671232876712,109.945418035819,4.03047429433865,72.6919495199255,1.9274941639022,95.361175,51.716799,54370.0,61.0209345445882,7.44873746418338,8.02492323553802,56.2722731322388,77.1073504383289,31.7587746058251,734.0,1183.4454,778.5192,404.9262,4364.3592,1.3505,1033.2201,1.0,68.6727,66.3,16.4,49.9,0,-0.0715014889052585,-0.2189848881729385
Guanajuato,San Luis de la Paz,0.0,-100.48179573599154,21.38084914311451,2139.0,2.1975342465753425,16.476712328767125,63.2772810590947,4.22729817858437,62.2673824972827,1.94702167709029,89.185207,46.930224,82213.0,57.6435281300746,11.3426651735722,8.23345452097219,74.9385386195307,79.5494219557986,23.4182009815223,130.0,3502.9306,160.475,3342.4556,19680.4514,66.265,4053.5061,12.92,930.887,51.1,6.5,44.6,0,0.0822963866642256,-0.8841826729186676
Puebla,Puebla,0.2,-98.18164699077718,19.03412349344738,2243.833333333333,11.998767123287672,17.74022831050228,3161.18926553326,3.52990078499782,86.2185078332047,1.62596178934856,99.302348,48.148927,1393795.0,62.2147340762007,2.71799519885319,11.1637320691288,70.8860340590043,83.8503052769298,70.1394713006139,2306.0,2777.4204,2771.2404,6.18,7754.2414,2.483,295.5108,0.37,38.0342,41.4,5.4,36.0,1,-1.3010619871655318,-1.0774395408888928
Baja California,Ensenada,29.7,-116.1111459857034,31.552744720213788,281.42105263157896,2.682986301369863,18.297168949771688,22.7280926526066,3.15699491566924,86.9031672643996,1.57415621293268,99.31435,26.697754,355660.0,64.1033804041204,3.25238431649594,10.3404084557931,82.0043397242495,39.7002693399012,7.43637384954414,380.0,8584.2756,6127.4,2456.8756,13372.7222,1069.93,9006.8562,387.2,2422.3172,22.3,2.1,20.2,3,-1.502341856449312,0.1614018613030743
Michoacán de Ocampo,Maravatío,0.0,-100.4532652245234,19.890142251547303,2026.8,7.184383561643836,18.479178082191783,128.006911441591,3.92591776475254,56.7846282667137,1.8986551290522,91.184065,49.22757,32000.0,63.7286626094701,8.11582120182133,7.86061637785665,54.6528423150564,74.8490590983209,22.3789167511348,1142.0,3263.7314,2110.2955,1153.4359,14601.1704,6.65,2641.8724,205.4786,136.6905,60.1,10.4,49.7,0,-0.4383440092322493,-0.4916342298961814
Guanajuato,San José Iturbide,0.0,-100.395278,21.017222,2168.5,1.227671,17.766301369863015,163.384985128317,3.93776701167144,79.7621669235851,1.85037886629953,94.897106,49.510077,100000.0,62.1721582153078,7.67796231948739,9.10479414864735,80.29880077715,88.650077075534,12.6712177934376,67.0,1139.3601,150.6701,988.69,9074.2373,20.99,1125.1858,7.5662,469.2018,24.2,2.1,22.1,0,-0.8432051135674982,-1.4333949242602737
Zacatecas,Calera,0.0,-102.85621433610724,22.978476340400075,2097.0,1.0004383561643837,16.69890410958904,118.105641660787,3.81011601702696,85.6022034888574,1.7936895113699,98.703974,41.820569,58357.0,59.5913701119775,4.08163265306122,8.92610398293483,81.9926134749448,92.7134629830565,9.04765879308906,38.0,404.12,16.62,387.5,21648.7705,0.0,1184.5033,0.0,170.9413,39.1,2.7,36.4,0,-1.1328715487923755,-1.5291637688040762
Puebla,Chalchicomula de Sesma,0.0,-97.45147331586804,18.97692447980059,2660.5,4.210191780821918,14.024897260273972,121.670743926266,4.02058421592074,42.1677485480014,2.1047619047619,98.602576,59.488978,36000.0,58.709694929975,7.86556293327873,8.3618024243134,70.6834001265556,84.9504612230953,34.1817560642296,3533.0,14998.072,14395.177,602.895,27973.0805,0.291,202.4103,0.065,284.072,73.2,11.6,61.6,0,-0.1479231182472349,-0.7593685904866907
México,Aculco,0.0,-99.827459506312,20.135803465450344,2514.428571428572,9.022493150684932,14.67162100456621,108.681007230797,3.75992351816444,38.3632887189293,1.96040196195717,78.94444,63.053382,17500.0,68.370002365744,7.04397858038054,8.01828555127657,77.1647789550603,84.9483747609943,24.0688336520076,575.0,1004.0959,395.5187,608.5772,16277.6639,14.0445,228.5015,106.9013,536.2406,48.7,5.7,43.1,0,-1.0576329473192068,-1.103703351001613
Puebla,Palmar de Bravo,2.0,-97.51991978729176,18.83754761782672,2399.0,1.3578082191780825,15.883561643835616,138.647311669941,4.16207697412077,19.1605839416058,2.3885847574618,96.028126,62.300922,20000.0,67.341518280619,12.4167924025916,6.84099389918853,76.8566081312468,61.877903118779,32.1914399469144,1203.0,2602.9938,1225.6036,1377.3902,16837.205,19.59,731.4404,6.25,302.3073,84.4,20.9,63.5,1,0.4621453682733299,0.542495146973182
Puebla,Teziutlán,0.0,-97.37155567193994,19.87398963986048,1964.0,4.120547945205479,17.55890410958904,1119.52287992049,3.64881900917171,75.5904954141436,1.88993030080704,98.679764,50.679376,85000.0,65.3819107662464,4.47381403681874,9.58180069407437,65.9316683239528,75.2824108502426,24.3882573745529,968.0,504.5657,504.4657,0.1,438.4766,0.3076,792.6605,0.0,7.9684,51.1,7.1,44.0,0,-1.1551028464552504,-0.6947451088199581
Zacatecas,Guadalupe,0.0,-102.45049735338596,22.782380647181853,2267.5,1.6929863013698632,19.8313698630137,259.16260941239,3.49432269597458,92.5433659957627,1.56910417613869,98.799416,41.228352,120000.0,63.2920589749024,1.58756988688077,11.3948886949499,82.7774629262303,95.5525026483051,22.5039724576271,156.0,703.27,139.19,564.08,29026.4239,30.113,888.1004,0.777,82.2923,23.9,1.4,22.5,0,-1.7069529793128766,-1.6970999597402
Zacatecas,Loreto,0.0,-101.91254706784818,22.273926494549123,2077.0,0.8526575342465754,18.9454794520548,125.161543682689,4.11449264196009,72.0317435857924,1.86209305574962,96.875759,51.441142,60000.0,57.5216984235431,3.83279104395301,9.13478861563968,79.2679066823065,79.3589644810848,40.5501194236844,92.0,1659.815,47.295,1612.52,14172.5743,22.532,1561.2991,0.0,249.8376,51.7,4.1,47.6,0,-0.9846044676255434,-1.0066650189008026
Chiapas,Oxchuc,8.1,-92.30687714809608,16.796350351183477,1987.0,6.133205479452054,16.19767123287671,131.900008788769,5.42330923853847,18.5463907317556,2.72813309424188,96.507172,56.051386,15000.0,39.0443705091285,11.8699548719253,7.14746954225912,92.6199665040414,83.513219130607,12.2487374987623,3729.0,7569.6348,7569.6348,0.0,6371.7591,0.045,1106.653,1.5,2.824,98.1,62.4,35.6,2,4.008748711362172,2.226408070676065
Puebla,Tlatlauquitepec,0.0,-97.50573132477857,19.838818935327268,2854.0,1.1309863013698631,10.1186301369863,188.955456306406,3.85814812234376,50.4424162196057,2.00579542161692,96.747225,67.659316,12570.0,65.2937613567535,7.86931674505639,8.57048848392812,76.3459047070678,65.9583362363269,29.9937295338954,5436.0,5645.7868,5478.5802,167.2066,6983.0218,4.1302,2086.6354,0.48,82.1366,67.3,11.9,55.4,0,-0.4727865424207685,-0.1094345786927128
Hidalgo,Tepeapulco,0.0,-98.5059960223642,19.80629806458744,2492.5,1.378821917808219,14.598082191780822,231.54797886243,3.41033268576979,88.9570179698883,1.58468094713967,98.34884,46.23165,38400.0,58.6481027888789,3.1892323485799,10.2400173611111,71.9726197884256,83.7603205439534,17.186741136474,13.0,27.98,25.55,2.43,10363.4421,1.0,38.557,0.0,87.631,31.5,2.4,29.1,0,-1.212331684235945,-1.2484429706198958
Zacatecas,Fresnillo,0.0,-103.01628046374728,23.224920041183594,2125.4,4.27868493150685,17.85446575342466,47.2329114507016,3.7453735542357,75.1594248202563,1.7322239907394,95.89551,54.800072,166861.0,57.9167573449402,3.23784706938747,9.22276426591657,78.4199191791529,88.4338855892466,32.4445139105971,597.0,5163.2046,1137.38,4025.8246,184583.9599,167.2,10436.905,3.0,855.9044,40.1,3.4,36.7,0,-1.116502196684982,-1.3567185641860997
Hidalgo,Actopan,0.0,-98.87565223215512,20.30887548283358,2245.5,1.9409589041095887,16.2427397260274,224.434712988761,3.74539631705364,70.1053150212478,1.73291341275723,96.802654,48.541915,50000.0,67.3907692307692,3.35973597359736,9.93292911476133,63.2438280712108,81.591426987744,14.0296852866909,337.0,510.4433,188.63,321.8133,5418.7548,32.493,803.3281,3.785,94.6525,48.0,3.7,44.4,0,-1.576064319811776,-1.1015488454453388
México,Acambay de Ruíz Castañeda,0.0,-99.84801522700488,19.959031489329853,2733.0,3.6151232876712327,12.735342465753426,142.718386259077,3.90224958287786,37.9782521143778,2.01680797263127,78.56525,60.750942,18000.0,69.0989027941148,7.63165069311914,8.29966824843573,69.0431989627534,79.6156722858293,25.4415741326736,3033.0,4276.0372,3564.5579,711.4793,20599.8105,17.4472,262.6651,5.9321,724.1188,65.7,17.1,48.5,0,-0.4303455352637707,-0.271170845848909
Baja California,Mexicali,0.6,-115.4043858222899,32.04067523693938,100.1,0.8835068493150685,24.694168297455967,72.2583208641794,3.15799924701539,96.5295910807758,1.58092950668062,99.403296,17.544461,763000.0,63.3354568872393,2.46947222672303,10.5317278221375,81.4097459306224,1.65990599837258,0.699243371913674,1162.0,54500.6439,0.0,54500.6439,97435.0427,5.375,52275.8355,76.0903,1758.0625,20.2,1.1,19.1,1,-1.6133227199606357,1.374473332183208
Puebla,San Martín Texmelucan,0.0,-98.42487059697687,19.26598067927732,2265.0,1.7416986301369863,16.303561643835618,1738.78561584983,4.06485864476816,80.9660799748934,1.86295572526405,98.599031,47.887083,135000.0,63.3432991030807,2.97654866870743,9.72791306097806,59.1551194955631,81.0236158694458,16.6383345973795,411.0,504.4601,84.2129,420.2472,3337.4448,5.7135,949.2275,2.25,37.7136,65.3,11.6,53.7,0,-1.005526214336112,-0.6256193835085565
Puebla,Tecamachalco,0.0,-97.72831641117568,18.86377783206613,2229.0,0.8972602739726028,17.942465753424656,447.712536224605,4.03169754631948,40.4306459689534,2.08748865551666,97.039067,53.20501,54400.0,63.486460427187,5.40248801118366,8.74416420000355,60.4932463384135,71.4171256885328,59.6644967451177,534.0,994.183,114.61,879.573,7729.404,164.7605,2123.3431,1.5,168.0335,69.3,11.7,57.7,0,-0.7012508791901698,-0.3032139796248571
México,Cuautitlán,0.0,-99.17678401918786,19.70529761458184,2282.5,1.4191780821917808,15.302191780821918,4376.83571570304,3.39392482937614,95.8377391137172,1.62121741047642,99.343571,38.611273,115810.0,64.615022685263,1.81848097462568,11.2955996548749,73.1602990265422,51.852350283572,13.4826492357974,49.0,89.2144,9.585,79.6294,618.7221,0.636,201.4598,0.0,6.2335,34.1,3.0,31.2,0,-1.663357894343385,-0.1546874438426678
Baja California,Tijuana,0.0,-116.80445963466327,32.374643880529604,204.0,0.910191780821918,19.79109589041096,1789.81048949483,3.31479570027004,95.7393679688885,1.63197700918551,99.470395,24.345501,1793989.0,67.295210238128,2.38011506990476,10.1839549430264,74.2005687318175,6.34029450300446,7.48994748713244,33.0,191.8,148.1,43.7,267.07,3.3,76.96,0.2,2698.3658,23.7,1.9,21.8,0,-1.788167427097277,1.251939479503687
Tlaxcala,Tlaxcala,0.0,-98.23763391127956,19.31736962237869,2255.5,2.0633424657534247,17.320410958904112,1921.886539218,3.44668077870701,91.5154249227886,1.51469466231269,99.269908,53.269917,115000.0,63.7571523218695,1.43954918032787,12.1805286332302,73.3833186513975,92.5911788180588,32.9284797168338,61.0,35.7658,31.7468,4.019,2571.3386,3.2835,42.0321,0.063,2.5053,25.0,1.4,23.7,0,-1.749734458195529,-1.5977650487680268
México,Toluca,0.4,-99.65328067100786,19.280518117390905,2651.0,12.825917808219176,14.225342465753425,2133.51790957967,3.79389883437427,79.9004709261548,1.66829052258636,98.589383,56.24347,405000.0,62.0602477507976,2.85575558593423,10.9198260229768,66.5604738811871,80.937927924919,32.558197788985,2193.0,3026.8936,2574.2004,452.6932,8984.1394,4.598,30.8563,0.4364,103.423,51.8,10.8,41.0,1,-0.9958168955244936,-0.6699316462222891
México,Atlacomulco,0.9,-99.86813006088592,19.815700481743,2580.333333333333,6.4019726027397255,13.892785388127852,423.741322473737,3.92047334724121,57.150564707575,1.88177203825835,93.371912,71.323458,71221.0,66.3161377224283,5.08717764767676,9.75812121523145,63.2459957580633,80.5157902309186,18.3008416660672,3251.0,2343.5261,1817.9913,525.5348,8710.7357,51.0931,297.0528,90.5304,214.762,56.4,9.3,47.2,1,-1.0119668229665348,-0.7441767521532813
Guanajuato,San Felipe,0.8,-101.17106540216903,21.48468396835915,2048.5,1.1284931506849316,15.535479452054794,39.8398061996881,4.27230483271375,57.3813268515871,2.01743832375803,83.19688,54.793944,39900.0,58.2347250967336,10.7266435986159,7.69417107324716,82.2785972469176,65.4525307406348,8.72533600228768,859.0,3804.2414,975.6034,2828.638,47414.0324,155.5262,3829.1753,46.58,1509.8459,51.9,5.8,46.2,1,-0.0624192709508534,-0.465570310124303
Ciudad de México,Tláhuac,0.0,-99.00403103489862,19.269266674717542,2240.0,1.1872054794520548,11.73972602739726,4569.71452356812,3.66607005641247,80.4664804992784,1.74083752153455,99.505123,95.297999,395000.0,63.1717091376304,2.03137119990134,10.5313839369915,72.6626443681448,83.4370373146916,45.6294394362502,912.0,1094.9755,348.025,746.9505,1975.5424,16.3192,122.669,8.5445,40.0255,42.4,5.1,37.3,0,-1.452906763077557,-1.0810932895238683
Ciudad de México,Cuauhtémoc,0.0,-99.14816400702838,19.43297328667644,2234.0,1.0770684931506849,14.7827397260274,16783.605894384,2.75404529091884,98.2404452500702,1.46621224809405,99.558922,73.417868,1540000.0,70.2167293495206,1.22007401335355,12.4075866388854,71.6344498098497,87.1924225790804,85.2199443437412,828.75,1072.344875,867.0642750000001,205.2806,0.0,0.0,0.0,0.0,0.0,20.9,2.5,18.4,0,-2.054898419667062,-1.355197012343762
México,Texcoco,0.0,-98.85538886927398,19.475587789147703,2274.1666666666665,8.130082191780822,16.798858447488584,648.341380720001,3.78061735261402,69.6565628476085,1.75919466214511,98.480984,55.437887,100000.0,60.8007268108528,2.45777606511462,10.5161439244764,65.9740886720805,88.0088987764182,46.2430478309233,478.0,913.1831,241.7675,671.4156,6180.4643,80.1281,514.3782,36.388,614.3896,56.4,9.8,46.6,0,-1.032711440785356,-0.9694989322473274
México,Nicolás Romero,0.0,-99.369548738547,19.63422332158183,2430.0,1.816164383561644,16.267397260273974,1851.78051860064,3.75051962342585,70.1718687230363,1.8418435852448,99.028988,45.864037,350000.0,61.5431685574666,3.396202056963,9.74677721497147,66.6373278278499,80.8516584283793,32.4498279566136,664.0,810.845,801.0266,9.8184,4100.6148,4.5664,109.2441,6.734,84.8226,51.4,8.0,43.4,0,-1.0458658175951212,-0.8285234411926822
Querétaro,San Juan del Río,0.0,-100.01195490952144,20.387043155996885,1935.0,1.894876712328767,21.32575342465753,386.313395632836,3.54724108252845,87.9363106053361,1.70860839104246,96.342544,45.355451,200000.0,63.3620343821392,3.82453667308231,10.0005795211706,79.3263354421029,71.8346562111504,5.55369608874438,481.0,2463.201,225.1197,2238.0813,19920.5249,40.82,1699.1879,125.115,389.7992,33.3,2.5,30.9,0,-1.370941755184241,-0.8516219410213641
Ciudad de México,Milpa Alta,0.0,-99.05891256120375,19.1380251791094,2507.5,3.7420821917808222,13.667123287671236,511.939279424468,3.90621237351095,54.645830664788,1.90746672004804,99.236417,98.445534,84932.0,66.9652117284794,2.9503265727054,9.9515373352855,69.8038445164882,86.9040604585628,21.9392852568208,1112.0,1544.6751,1533.0974,11.5777,4371.9546,2.15,1676.941,3.7075,26.0267,54.7,9.1,45.5,0,-1.3259168785869904,-0.9648135952313486
Chihuahua,Chihuahua,0.0,-106.38444166005073,28.938759313232723,1725.3333333333333,2.126328767123288,15.98321917808219,111.86786816483,3.10976035771676,97.9432617034797,1.44696868609447,99.499432,23.661526,1358630.0,63.684727834376,1.33548267096534,11.4236708731119,88.7728570910572,76.2763122436147,8.13912094566045,49.0,715.36,228.11,487.25,21805.0843,8.3,15253.5835,25.0,354.9216,15.7,0.9,14.8,0,-1.7850442557195494,-1.0907963470558786
Guanajuato,Dolores Hidalgo Cuna de la Independencia Nacional,0.0,-100.91315332448691,21.10493904707989,1943.6,1.9097808219178083,17.936529680365297,98.4692355048811,4.15330867242088,70.8538840937115,1.89109687693947,88.705393,49.03522,92564.0,62.276931625049,9.62723543305688,8.06795719203978,75.9706326132558,78.6374845869297,7.4547883271681,332.0,3348.4645,438.68,2909.7845,36435.9636,158.78,8612.996,136.2385,1953.3678,53.1,9.9,43.2,0,-0.19813357969789,-0.6723157670781258
Hidalgo,Tulancingo de Bravo,0.0,-98.31677766178348,20.132237974512595,2205.0,1.850328767123288,16.610867579908675,774.414134603492,3.6465844195475,82.381533632678,1.73014247136605,99.014215,39.432721,120774.0,65.4232574050525,5.31255477476616,9.60886842588233,55.2334455867767,90.4311434674572,34.5503291337896,254.0,485.404,184.955,300.449,5609.0832,58.7376,2191.9984,1.43,143.013,44.5,4.4,40.1,0,-1.1911935745733582,-1.3549020809018752
México,Ixtapaluca,0.0,-98.80826689717448,19.329287150252227,2405.0,1.6644657534246574,16.953424657534246,1673.35777376946,3.68688300097425,76.9299422941974,1.85334361610968,99.362079,38.938447,280000.0,61.933806028339,2.48962958280043,10.135556589729,64.6318499624685,74.6203475974084,26.8021992246847,189.0,497.6738,487.6498,10.024,5213.7989,2.266,365.8619,0.0,12.2424,54.2,8.2,46.0,0,-1.1702670839171192,-0.6093226600079954
México,Chicoloapan,0.0,-98.86984482844156,19.396629974453816,2251.5,2.980082191780822,17.23945205479452,4862.29648762682,3.6692489423658,86.2461769499844,1.91238191665154,99.832286,37.264388,30000.0,62.5154748935327,2.75005146800019,10.1366655132027,64.4851805728518,62.2420013552369,28.2640147977217,32.0,39.96,11.28,28.68,1155.2345,3.68,26.285,0.13,34.0545,55.6,9.6,46.0,0,-1.094928043879713,-0.1183656895124573
Ciudad de México,Iztacalco,0.0,-99.09530433491923,19.398972459845204,2235.0,1.8832876712328763,17.887671232876713,17522.7098608519,3.43090247056421,93.8108282855782,1.59224792729025,99.332534,94.517267,868000.0,64.1360883302346,1.4576154890291,11.5210402258968,72.6665760634552,84.5223916150548,69.2030218471381,828.75,1072.344875,867.0642750000001,205.2806,0.0,0.0,0.0,0.0,0.0,25.2,2.6,22.6,0,-1.7048839909598117,-1.2608948441313492
Ciudad de México,Miguel Hidalgo,0.0,-99.19866737472016,19.429661712738213,2289.8,4.528630136986301,17.319520547945206,8927.81062496375,2.81142915628945,96.5255364880079,1.40889095501096,99.707634,83.016188,750000.0,68.0922051193503,0.873286731069877,13.1114786635792,79.144932081936,81.5386714885197,70.1961720855651,828.75,1072.344875,867.0642750000001,205.2806,0.0,0.0,0.0,0.0,0.0,13.5,0.9,12.5,0,-2.0716337601876567,-1.2601551891861185
Ciudad de México,Tlalpan,0.1,-99.2170065402758,19.20090682364693,2670.6666666666665,6.386465753424657,14.668675799086758,2225.50469998499,3.43730826323602,82.5333993072736,1.58030607970275,99.296229,98.638418,1123000.0,64.240075346519,2.0303553735675,11.4995367497235,71.1308877484541,85.7822859970312,68.1321128154379,586.0,1220.3619,1213.1319,7.23,4999.2648,11.1709,202.4285,2.2911,51.4398,39.7,7.1,32.6,1,-1.4047039091923823,-1.0435014600004606
México,Metepec,0.4,-99.59372015133512,19.25113027461916,2762.0,2.4475068493150687,14.516986301369862,3587.71489981307,3.55463469111856,92.3925821430671,1.49082116067904,98.243581,57.755034,230000.0,61.26266754646,1.42927139476455,12.2735427884364,72.1964284977322,74.9015458766825,33.9975312995944,197.0,186.4508,186.4508,0.0,1116.66,3.0859,4.988,0.5119,7.4491,33.2,3.1,30.2,1,-1.5337849677318385,-0.9131388446340196
México,Naucalpan de Juárez,0.0,-99.2912372139932,19.474362802769736,2306.5,6.398438356164383,16.685753424657534,5284.56170650088,3.47038218552574,84.8722920706407,1.67760865356693,98.972828,41.144731,800000.0,61.7444577690094,2.7968267385301,10.7222564093214,68.9934734203065,89.3546840140948,31.1252892975543,143.0,92.579,89.1414,3.4376,209.2393,1.568,8.4726,0.02,3.263,42.6,4.9,37.7,0,-1.2926651032200014,-1.2883176937244332
Ciudad de México,Gustavo A. Madero,0.0,-99.1439806461951,19.518802759475754,2239.5,2.7957534246575344,18.35684931506849,13347.7667357062,3.41934572425059,92.7020146277574,1.61823732176346,99.444799,81.728859,3020547.0,61.3402527299699,2.52807117609589,11.105970889118,74.2763248167002,85.3637072682589,51.2283490059306,828.75,1072.344875,867.0642750000001,205.2806,0.0,0.0,0.0,0.0,0.0,33.8,3.7,30.1,0,-1.3678806048184722,-1.2252561760587248
Hidalgo,Pachuca de Soto,0.0,-98.78888639879384,20.104434147993555,2549.0,1.3669863013698629,15.436575342465757,2040.70592673122,3.34428447192965,90.3340097271878,1.46615717936197,99.507446,38.485425,248000.0,63.7365875311873,2.23759812252165,11.5235460883602,67.5536297724373,89.2313803802837,37.7234515412117,16.0,47.56,47.56,0.0,1613.8422,0.5425,79.0716,0.0,25.8945,28.2,2.3,25.9,0,-1.6012000658128531,-1.4347246891266705
México,Chalco,0.0,-98.81887682003295,19.23825613216069,2240.0,1.4175342465753424,16.37835616438356,1776.42342477871,3.80006139265399,61.8367914664211,1.93161321178285,99.183738,40.05914,300000.0,60.7960621500912,3.15567354162412,9.74565353857911,59.699992751033,63.234433604804,27.0540159429048,340.0,556.7961,537.0839,19.7122,6681.2038,1.6825,116.9525,0.232,16.138,58.1,11.9,46.2,0,-0.8354669239655305,-0.0181703275951989
México,Ecatepec de Morelos,0.0,-99.04452771592489,19.571793910137806,2238.5,2.9680547945205475,17.837397260273974,10533.9993171408,3.66697911924083,82.7157931385415,1.71141197774463,99.730745,36.309513,1622052.0,61.6528441412365,2.66600787438335,10.2240680412194,64.1876024096971,88.4696072917504,56.7891480757385,877.3972602739726,11.0,11.0,0.0,23.7024,0.0,4.05,0.0,0.3,43.5,5.3,38.2,0,-1.2837211960206587,-1.2358268286077414
Ciudad de México,Xochimilco,0.0,-99.0823256394884,19.23677091835161,2620.0,2.4027397260273973,14.95068493150685,3874.79447551065,3.74092400779407,70.5457559908385,1.70172381604331,99.054316,97.99489,706000.0,63.1952485097989,2.38580981525558,10.8355106888361,68.8349488215153,82.061668888661,39.7215670187673,705.0,429.367,374.0028,55.3642,1393.06,123.5074,91.2146,68.6477,15.5453,48.2,9.3,38.9,0,-1.1916895747264498,-0.7925586756637575
México,Atizapán de Zaragoza,0.0,-99.27952309078351,19.56401416195732,2336.25,6.892630136986301,16.69321917808219,5639.73661063372,3.48018744217316,91.0452430557867,1.5880365575019,98.050995,39.299611,500000.0,62.3966364924992,2.78837672929378,11.0564699653423,70.2192585463475,88.2296166621182,52.7467334074404,877.3972602739726,2.4704,2.4704,0.0,9.0704,0.02,0.1,0.0,1.25,38.3,3.9,34.4,0,-1.3793211933338687,-1.3087436558695784
México,Nezahualcóyotl,0.0,-99.03520443441698,19.43250182194593,2278.0,1.386027397260274,18.97876712328767,17026.3691683352,3.59757429152178,87.9692250835727,1.75652893213062,99.336928,51.468342,1200000.0,61.8239797323346,2.44332294709057,10.4217331422314,64.0447341646181,91.8352399670749,85.0425842866502,877.3972602739726,1020.5382105263158,772.0226657894738,248.5155447368421,0.0,0.0,0.0105,0.0,0.0,46.5,5.1,41.3,0,-1.3310812030186296,-1.3589634793343377
Ciudad de México,Coyoacán,0.2,-99.15104897551424,19.32801326637341,2253.0,4.518356164383562,18.213150684931502,11394.9687482912,3.1968584635335,95.7781682039698,1.41546816739619,99.032118,97.160087,900000.0,62.5980256990018,1.36885459050999,12.5134057950167,73.6953716105702,80.9494676957186,59.846583422225,828.75,1072.344875,867.0642750000001,205.2806,0.0,0.0,0.0,0.0,0.0,27.1,2.9,24.1,1,-1.620919852976629,-1.125105279171795
México,Tlalnepantla de Baz,0.0,-99.18990650168068,19.546472245698464,2255.0,2.746904109589041,18.854520547945206,8365.86754407724,3.32485119942283,89.1811459147478,1.58302798234103,99.321691,38.194462,649367.0,61.6095952003045,2.77536796735293,10.9262715982125,71.1068994141642,84.8353674422333,27.5812140523858,877.3972602739726,0.025,0.025,0.0,11.3889,0.0,0.0,0.0,0.01,36.7,3.9,32.8,0,-1.3402163906813331,-1.1961874521815683
México,La Paz,0.0,-98.9464226669121,19.3616480483462,2246.0,2.5454794520547948,17.416164383561643,8206.06447086855,3.88869255688293,63.3401195918001,2.0248427735873,99.225251,39.477195,107800.0,63.210821467326,3.40983199279525,9.52724799274454,60.1717266054563,82.1854313115405,46.4384947310465,21.0,0.1364,0.1261,0.0103,36.0235,2.41,3.2496,1.0,0.631,62.7,13.6,49.0,0,-0.840279194259258,-0.5480908334670238
México,Zinacantepec,5.1,-99.81467031621212,19.20337016505755,3205.0,16.08432876712329,11.031917808219175,656.90284924692,4.16879359868691,72.3902338941321,1.82923180896598,97.868782,60.678438,64000.0,60.7190139663242,3.78768099933726,9.99280561054998,64.6866661434626,76.3520722199426,35.5354944604021,3041.0,3139.0636,2899.2398,239.8238,6630.0597,3.3392,22.4527,3.4332,67.0485,52.5,9.7,42.7,1,-0.8656363255687354,-0.5808933933830134
Hidalgo,Tizayuca,0.0,-98.95926261095842,19.852576285517685,2286.333333333333,2.730410958904109,16.30876712328767,2191.17733762698,3.53841941191339,90.7532226809335,1.79954566398423,99.43101,42.171458,168000.0,62.3060486397922,1.9152003669845,10.2292398620916,64.6985775570106,53.5786502653973,14.5273401297498,30.0,122.5789,51.7769,70.802,1884.4742,2.0694,33.8161,0.039,68.9051,35.9,3.5,32.4,0,-1.5056814833049927,-0.1839489924007944
México,Ixtlahuaca,0.0,-99.8132839051734,19.601415845608614,2569.5,11.902246575342463,13.532648401826483,477.281306480408,4.1714323086985,35.029431000654,1.97633246134963,90.081448,72.791697,89000.0,68.7151106063757,7.42628227313629,8.71810487468921,68.4386689063876,59.1523871811642,18.163505559189,5766.0,6020.0312,3004.0215,3016.0097,19351.9021,33.8705,291.2798,8.1887,643.868,76.4,20.1,56.2,0,-0.2809548543678922,0.5817303128004835
Hidalgo,Tula de Allende,0.0,-99.37294846771384,20.048945664090738,2053.0,1.4904657534246577,18.576712328767123,342.465745079848,3.43724635502781,73.1850293100857,1.61285450105168,96.880716,45.918146,57318.0,61.0056056440096,2.22144104506384,10.1152884768332,72.786190240385,88.3992183977153,29.2890425372013,927.0,1949.091,290.876,1658.215,7204.8952,0.077,1040.1668,0.0,53.8287,27.8,1.6,26.2,0,-1.4981228979011778,-1.4479667450486804
Puebla,San Andrés Cholula,0.0,-98.28725839537807,19.02204362524205,2155.0,2.10586301369863,17.786849315068494,2443.09860801405,3.43642496537551,86.7801456462494,1.49769981045648,99.192456,49.55716,130000.0,62.0738947039525,1.78804986672406,12.0663438618639,66.8606909768984,77.7599070723317,65.4536925345128,151.0,204.1176,21.1252,182.9924,864.2625,2.64,150.4674,0.72,5.7705,49.7,7.7,42.0,0,-1.2920723358087816,-0.7422019028464729
Puebla,Acatzingo,0.0,-97.76377425404976,19.03007806788589,2197.0,1.066931506849315,17.173424657534248,453.443847834847,4.7249164500557,33.1080579279614,2.36078111078111,96.546146,55.082375,35109.0,63.1227815079331,6.17203195813671,7.71793072803386,57.5388670128485,78.2101745265503,37.5194949870033,248.0,435.0714,134.1664,300.905,7328.5676,27.55,3030.0368,3.48,20.8951,85.3,19.0,66.3,0,-0.2068896642929133,-0.1046918756478255
México,Almoloya de Juárez,0.0,-99.82161740940536,19.39709411293953,2592.6,11.620520547945205,13.827397260273973,364.022986699641,4.03017660305796,47.4386630318834,2.03211640401575,90.115808,59.042974,20000.0,60.2949450679617,5.17081292222969,8.67928387515942,57.8319118834736,68.2801943818893,22.6478606139623,3139.0,4733.9041,4010.0668,723.8373,20708.1715,5.3102,228.0235,1.0204,1357.7875,65.3,18.7,46.6,0,-0.2025265311813273,0.1879380448571733
Puebla,Zacapoaxtla,0.0,-97.57929253943604,19.840701554499216,1887.0,3.0576438356164384,15.094520547945203,327.910282291627,3.9070853353184,50.8154564525953,2.13706692330471,97.298466,68.186101,22000.0,64.8719913458938,8.14289917614751,8.28716979279191,75.6231969181336,61.6227921770319,19.8213439805103,4871.0,4816.827,4769.6421,47.1849,4722.819,1.0655,658.0212,0.1159,104.9335,74.1,19.5,54.6,0,-0.0225331924980884,0.4729393574641859
México,Huehuetoca,0.0,-99.27090874241674,19.822204538571853,2258.0,1.138082191780822,14.752054794520548,1363.03893482601,3.49752012882448,89.597423510467,1.88245561309414,99.106854,37.615834,130000.0,61.7331180132014,1.95407205053782,9.98460536240828,73.1261179583936,63.780998389694,9.60386473429952,151.0,249.5524,192.681,56.8714,2479.1901,0.5504,75.017,4.5,22.6201,47.6,5.1,42.4,0,-1.3881912864559856,-0.4291348149166097
Puebla,Zacatlán,0.0,-98.0057139801857,19.960592128051392,2084.0,1.678082191780822,12.965753424657532,178.577533247908,3.81161702313782,58.3038096487775,1.94939031211545,97.134918,55.691304,62000.0,66.5686698801654,7.39953945448059,9.00615369627693,69.7519488101098,79.5696102873639,11.9888028692648,4057.0,5472.8539,5413.6318,59.2221,13441.1888,18.2092,2507.2744,25.4632,245.7236,73.5,17.3,56.2,0,-0.3183064610124071,-0.2511939988363405
México,Xonacatlán,0.0,-99.44749411725148,19.44154729137241,2731.0,5.874849315068493,15.393835616438356,1021.00039064754,4.16541870415648,70.1100244498778,1.90527125279642,97.499122,62.001934,29210.0,61.2083188102707,3.83893020809856,9.66667504208649,58.6056046711694,77.078239608802,38.3022616136919,493.0,460.7956,447.6676,13.128,686.734,3.2758,220.4219,0.2048,4.8714,60.7,10.2,50.6,0,-0.8585833523937616,-0.5751947129210371
Chihuahua,Aldama,0.0,-105.65010359303017,29.114045932778467,1165.0,1.7767123287671234,21.802808219178083,2.82618048126366,3.15146362200899,98.2873800558727,1.55353293413174,98.548119,24.287466,18820.0,60.792396101062,2.85684495881556,9.40683912861332,92.0221138710792,27.0739706060974,9.12182679460707,58.0,417.6,40.2,377.4,9009.4811,0.0,14727.9968,0.0,10516.041,25.4,1.1,24.3,0,-1.4327153278703362,0.4055701105628923
México,Amanalco,0.0,-99.98713976734894,19.255686623845804,2908.5,3.158575342465753,12.77054794520548,106.515047115374,3.89125061789422,25.2100840336134,2.03218311677136,91.404715,72.162105,10000.0,57.1962193672534,8.46895535220782,7.74602101640755,68.6715945089757,59.4331850387214,20.4481792717087,600.0,1349.4429,1318.2489,31.194,4418.023,2.7906,312.3488,0.2704,134.162,68.3,16.4,51.9,0,0.2554192484674846,0.3660681135207838
Michoacán de Ocampo,Senguio,0.0,-100.3473520898028,19.74645263878192,2415.0,1.7649315068493152,16.034657534246573,79.2354932705218,3.9560878243513,40.9780439121757,1.92820313260045,92.944094,56.746841,2793.0,55.705245968565,8.52696024194143,7.37167749556999,57.5354207633742,76.1676646706587,21.7165668662675,614.0,1244.0001,324.352,919.6481,5300.7395,0.0,110.0691,2.409,125.3276,58.0,12.8,45.3,0,0.1533808414715435,-0.3965721092964935
Zacatecas,Villa García,0.0,-101.90188336400028,22.12534864608192,2106.5,1.5041095890410958,18.07246575342466,57.1342201810812,3.95779220779221,80.3368506493506,1.81162920304663,94.103672,52.272727,14000.0,53.9799825350977,3.88795681668977,9.18795673779597,78.258642765685,80.6412337662338,34.1314935064935,39.0,94.56,29.915,64.645,6188.2152,3.32,292.1777,37.0,120.6048,33.3,1.8,31.5,0,-0.9134569157925598,-1.1801576361777169
Puebla,Cuyoaco,0.0,-97.5748938686594,19.584659557880173,2530.5,2.1453972602739726,13.798904109589042,56.8787329567363,4.17466504263094,47.0401948842875,2.20638599201751,98.68904,64.220877,1500.0,55.7076923076923,6.71084640550289,7.92548460182932,79.8179590407842,71.8148599269184,27.5517661388551,750.0,2627.6223,2600.8723,26.75,18509.452,0.02,524.4607,0.0,459.954,71.9,11.7,60.2,0,-0.1332073193043989,-0.3206104169957167
Puebla,Zaragoza,0.0,-97.57329545406944,19.746223815257466,2493.0,2.6575342465753424,15.094520547945203,544.448551598955,3.79201633023361,64.9353594919483,1.90421412300683,99.365602,56.455898,9500.0,59.0504678631692,4.42230091410689,9.84843982169391,70.4333810888252,78.9748242231799,19.596280335677,515.0,960.1748,937.2748,22.9,1907.6114,0.74,50.5714,0.3,25.9722,61.2,9.0,52.2,0,-0.7353434917333118,-0.7076900571499292
San Luis Potosí,Villa Hidalgo,0.0,-100.62958563612996,22.682168279513192,1353.0,0.0273972602739726,15.647945205479452,10.3294979746199,3.66500474833808,26.6856600189934,1.81611764705882,93.960745,37.276786,9000.0,53.946833590765,7.19034289713086,7.53215913073957,80.411437443395,66.8803418803419,27.3979107312441,78.0,317.6969,299.1969,18.5,9041.352,5.0,785.1858,0.0,39.5122,48.8,7.1,41.6,0,-0.2198417905256052,-0.4166244277571377
México,Almoloya de Alquisiras,0.0,-99.86868689383616,18.85062650008832,1884.0,4.093150684931507,22.123972602739727,89.689820151434,3.65902031063321,53.0227001194743,1.90505226480836,85.541853,54.047619,7860.0,61.3626673488531,5.43145796644731,8.14020427112349,73.2015913389422,85.7347670250896,13.0227001194743,57.0,78.1182,51.71,26.4082,2170.5959,176.4274,484.4968,0.83,127.8062,57.3,10.0,47.3,0,-0.675731299037774,-0.8755310566956925
Chiapas,Chanal,0.0,-92.25725837254078,16.602624315210612,2100.0,3.888109589041096,15.161643835616438,33.6325183441319,6.23101555352242,14.0896614821592,3.15766287966613,96.101949,77.832512,2000.0,38.4831118156322,18.0028328611898,6.32927002126152,86.1163912852756,57.1363220494053,12.1683440073193,1494.0,2496.987,2496.987,0.0,2234.6205,0.0,2.0,0.0,0.009,99.1,68.0,31.1,0,5.1028713228312,3.4244307896072086
Puebla,Xochitlán Todos Santos,0.0,-97.78217249162417,18.69442868170891,1950.0,0.8687671232876713,19.68794520547945,43.8678718881298,3.82089552238806,30.6503198294243,2.19742489270386,90.098401,47.324239,3700.0,50.3241340989072,9.87280436099334,7.0020238818053,80.9556979660072,67.2174840085288,39.9253731343284,77.0,213.09,58.8,154.29,3451.9789,1.9,309.6057,0.0,11.2289,87.5,21.7,65.9,0,1.063243948906983,0.4158611988346146
Puebla,Caltepec,0.0,-97.4460467225579,18.145267826540703,2164.0,1.4282191780821916,18.57876712328768,10.5093248390761,3.31511254019293,9.08360128617363,1.87710514337733,93.407534,73.300971,214.0,53.881002718212,7.34959349593496,6.65354586857515,73.6191860465116,67.604501607717,19.1318327974277,70.0,85.16,15.14,70.02,2829.8596,1.63,240.8141,0.64,39.358,79.5,19.4,60.1,0,0.4411034993361349,0.2697821083303574
Puebla,Tlaxco,0.0,-98.04588719022264,20.402512386652155,1065.0,1.4233698630136986,22.17945205479452,90.0589705007169,3.45378151260504,36.344537815126,2.03465346534653,95.794726,81.531532,1500.0,63.3039419087137,13.6812411847673,6.54134913914761,84.2318605593839,47.5490196078431,16.5966386554622,224.0,161.392,161.392,0.0,270.39,0.0,1514.935,0.815,7.77,76.9,20.4,56.5,0,0.8050329113189538,0.9929461136272286
Sonora,Mazatán,0.0,-110.3560770353437,28.931199171480564,544.0,1.7673424657534245,22.09397260273973,1.61198955486387,2.7431421446384,96.0099750623441,1.270207852194,95.843521,19.466667,1000.0,47.624076029567,2.6578073089701,8.50888888888889,59.4913714804723,11.7206982543641,1.74563591022444,5.0,32.0,19.0,13.0,1076.0,0.0,656.0,0.0,140.2492,30.2,2.5,27.7,0,-0.7035326841969359,1.1450899589222554
Oaxaca,Teotongo,0.0,-97.542357515814,17.74584249646388,2076.0,1.4918082191780822,16.36013698630137,21.9385509709503,3.08125,19.375,1.75133214920071,98.596491,0.0,13060.0,55.9950556242274,8.92143808255659,7.47536617842876,88.0597014925373,76.875,6.5625,12.0,13.01,5.26,7.75,274.398,1.17,45.742,0.0,0.0,60.6,8.6,51.9,0,-0.0294379270213662,-0.6607975518684923
Oaxaca,Santa María Ecatepec,29.3,-95.98121770474047,16.221919884464427,1869.0,3.176438356164384,15.494794520547948,6.32674188155865,3.76292134831461,13.5955056179775,1.97232037691402,97.273719,72.477064,282.0,43.9724454649828,5.18266779949023,7.42194810718843,86.1029842012873,57.8651685393258,15.6179775280899,141.98648648648648,1.0,1.0,0.0,1498.95,7.0,999.47,0.0,0.0257,92.0,18.1,73.9,3,0.6129613278265091,0.5181781241550367
Oaxaca,Concepción Buenavista,0.0,-97.43814673964091,17.98641878917874,2121.0,0.9852328767123288,16.997260273972604,3.34823305934777,3.17299578059072,17.2995780590717,2.03243243243243,90.082645,0.0,13060.0,50.5942275042445,3.49907918968692,6.31307550644567,81.9148936170213,65.8227848101266,29.957805907173,141.98648648648648,5.5,5.0,0.5,315.1306,0.5,28.9136,2.0,0.0,75.9,23.8,52.1,0,0.3527994114479337,0.5835554213459471
Puebla,San Sebastián Tlacotepec,30.3,-96.82209051990594,18.37728831177724,312.0,10.664,23.85753424657534,55.7079577135162,4.01159597192554,13.4269148611535,2.34588613242906,97.912317,70.466321,5000.0,46.2692661018679,14.2938237965486,5.905,88.6875426491773,30.1800427220018,23.8022581629539,93.0,20.6827,20.6827,0.0,1346.3299,0.0,2869.1269,0.15,31.438,92.8,50.9,41.9,3,3.344970974948854,3.33007976884683
San Luis Potosí,Villa de Guadalupe,0.0,-100.77611220612648,23.275924504503564,1767.0,0.8379178082191782,19.20821917808219,4.85085509427653,3.69987995198079,13.4053621448579,1.82402840797001,93.35678,31.962025,2000.0,47.6125697184057,11.7457054764352,6.4882491186839,83.7447450684489,46.9787915166066,21.0084033613445,86.0,732.32,270.7,461.62,9590.6524,255.06,4015.5979,0.04,232.7446,68.2,12.4,55.7,0,0.9583154349869744,0.5465503055199195
Sonora,Rayón,0.0,-110.51726047249753,29.74995354896005,560.0,1.7356164383561643,20.7172602739726,1.70183418356536,2.76951672862454,91.449814126394,1.25950972104818,94.695481,10.06424,1118.0,45.4036770583533,3.37552742616034,7.74534686971235,88.5026737967914,14.1263940520446,1.11524163568773,28.0,247.2,0.0,247.2,536.2921,0.0,497.7367,0.0,81.932,38.3,4.2,34.2,0,-0.4097949070532132,1.1643559400357462
Puebla,Molcaxac,0.0,-97.88004621600548,18.67364842635481,1727.0,1.1953424657534246,20.843835616438355,42.5648037289101,3.63995609220637,13.4467618002195,2.12564102564103,91.238671,60.801394,1160.0,51.7784256559767,7.39886816181094,7.71254720939992,71.7006598680264,71.3501646542261,33.589462129528,23.0,66.36,44.84,21.52,3279.1875,0.5,293.1468,1.75,6.5,70.6,15.6,54.9,0,0.3592628374634844,-0.0734113274929382
Yucatán,Abalá,15.3,-89.65532049094008,20.660196016988262,17.0,2.5994520547945204,23.421917808219177,22.3787072784285,3.59758108851017,33.0951072017592,2.21155795876985,65.984804,54.83871,200.0,53.6068702290076,9.92209922099221,6.77144029544522,81.7709923664122,67.9494227597581,5.717427157779,15.0,9.4403,3.9403,5.5,274.738,0.0,109.1725,0.0,4.1757,58.2,10.9,47.3,2,0.3398284991088044,-0.2320833252295304
Oaxaca,Asunción Tlacolulita,0.0,-95.76466120080462,16.210414873704465,353.0,0.1313972602739726,27.11808219178082,3.86440881363253,2.73880597014925,21.6417910447761,1.50718685831622,97.254902,68.472906,204.0,42.0098846787479,6.26086956521739,6.67250437828371,76.158038147139,67.5373134328358,6.34328358208955,21.0,15.24,3.5,11.74,229.7,0.0,197.87,0.0,0.0,70.4,17.6,52.8,0,0.8248853361827156,0.168614229931122
Yucatán,Mocochá,0.0,-89.44690667923112,21.14433714674154,20.0,2.765205479452055,25.20958904109589,72.641091290359,3.41816367265469,80.8383233532934,2.03990470518166,88.568129,60.482846,3000.0,51.194659170766,4.17128091546696,8.31853496115427,81.4285714285714,89.7205588822355,18.9620758483034,3.0,0.32,0.0,0.32,18.2,1.32,50.2399,0.0,165.36,28.4,3.2,25.1,0,-0.6609011368523277,-1.4009731707070558
Yucatán,Muna,0.0,-89.7319081342863,20.46803322054552,39.5,6.533260273972602,26.86,33.9609425566627,3.95625366999413,63.5642982971227,2.23022178086726,83.667622,75.30303,11000.0,60.1363175831261,5.70286605576136,8.21186110027312,69.5123758707574,75.0440399295361,17.9976512037581,107.0,317.2258,31.321,285.9048,1367.8372,12.35,870.3014,2.0,88.4357,69.9,19.4,50.5,0,-0.0908157778407194,0.0224121798441398
Yucatán,Cuzamá,0.0,-89.35735145612848,20.71307511544701,10.0,3.012328767123288,25.343835616438355,59.4753856476668,3.67769688947717,40.5029781601588,2.27373158756137,70.687135,52.534562,250.0,60.4687852152355,7.53408275532169,7.27442528735632,79.8561151079137,60.2250165453342,19.7882197220384,9.0,9.48,1.3301,8.1499,174.7359,1.5,125.9278,0.25,0.94,61.8,10.8,51.0,0,-0.3223373433751683,0.0182948244460222
Puebla,Chila de la Sal,227.8,-98.49887341396654,18.14924833875022,1059.0,1.4936986301369863,24.528767123287672,9.33187938353874,3.10189573459716,47.39336492891,2.11812297734628,94.202899,47.297297,700.0,41.5254237288136,15.4618473895582,6.10452261306533,83.371298405467,78.436018957346,42.1800947867299,829.6285714285714,1410.8423873239435,1263.4923971830983,147.3499901408451,437.1821,0.0,13.43,0.0,0.5,63.4,8.8,54.6,4,1.556427033278288,-0.7010098093744621
Yucatán,Calotmul,0.0,-88.14487340066896,20.998200820461648,23.0,3.877698630136986,26.876438356164392,13.5821449808584,3.41543798785776,44.3191673894189,2.19387186629526,88.358459,73.891626,500.0,49.2689129052765,12.1263586956522,6.81623641304348,83.5907824765764,74.501300954033,3.03555941023417,23.0,29.2115,26.7715,2.44,1464.9251,0.0,4981.3323,0.0,133.312,87.4,29.3,58.2,0,1.7964531126108991,0.6115567563538422
Yucatán,Mayapán,0.0,-89.19177626607788,20.49245448449168,25.0,3.865342465753424,26.37123287671233,42.3532602601087,4.19406150583245,22.2693531283139,2.63624161073826,40.0,74.025974,6000.0,57.2625698324022,13.489623366641,6.12648981161092,76.0403530895334,34.5705196182397,10.8165429480382,41.90243902439025,1.32,1.0,0.32,785.4042,0.0,20.497,5.135,7.1185,93.1,39.2,53.8,0,2.06787240979939,2.509101706247605
Yucatán,Opichén,0.0,-89.84564995873463,20.549912699334573,20.0,1.3783561643835618,26.4986301369863,27.2949404672536,3.69947643979058,39.1099476439791,2.23820082356668,71.645274,81.363636,2000.0,64.014272970562,5.27914925939992,7.34664384864043,74.2231638418079,63.2460732984293,7.27748691099476,8.0,11.6,4.54,7.06,1494.4141,0.0,178.2788,0.1333,128.2889,77.7,21.1,56.7,0,-0.257029883415448,0.5111933585804951
Yucatán,Santa Elena,23.7,-89.73649612840444,20.25518518452825,43.0,2.41386301369863,28.2027397260274,8.21303880401309,3.7600356824264,53.5236396074933,2.23607427055703,79.673136,56.845754,3000.0,52.3867436910915,9.73393900064893,7.36643946770529,89.2890995260664,75.2007136485281,17.0383586083854,44.0,50.7809,25.8928,24.8881,1090.4321,0.0,788.259,0.0,55.5779,81.9,22.7,59.2,2,0.9907316314441488,0.2082903072993214
Puebla,Amozoc,0.8,-98.061224207685,19.063762960425507,2435.0,3.7904657534246575,17.954246575342466,882.857754993108,3.98528805605758,60.9657883889787,1.99901005907712,99.056291,55.536014,70000.0,61.7220661512908,5.19575720553118,9.27334920352407,64.5667164511106,75.5318811630045,77.3328260249215,1039.0,1940.1488,1940.1488,0.0,4085.5794,0.0002,57.052,0.0002,31.005,62.1,12.2,49.9,1,-0.6101090176605051,-0.4087866104740206
México,Jiquipilco,3.1,-99.63116653690672,19.59162956722814,2607.75,6.500164383561644,15.45794520547945,279.02505089689,4.03657124815828,37.844664281204,1.96725137200595,90.735679,79.136296,32000.0,59.9047961507508,7.10471282395997,8.18641845831148,61.1030120011454,69.2117448958114,19.5748263523469,3436.0,3583.036,1316.853,2266.183,11086.4044,33.3852,170.8848,0.4437,158.8065,71.4,19.6,51.8,1,0.1086517784299353,0.2263220871872239
Tlaxcala,Calpulalpan,2.0,-98.61128512550678,19.55201443813993,2583.75,4.58641095890411,14.227568493150685,201.505400546764,3.97629042288557,63.6349502487562,1.91044999252504,99.359764,39.684131,45000.0,61.736374839667,3.36430370831866,9.42338797221016,75.0508090361917,84.1728855721393,45.8100124378109,90.0,483.746,483.606,0.14,17363.8312,0.0,89.3985,1.0,127.5373,59.9,7.2,52.7,1,-1.1013570835620874,-0.9854624014780068
Chiapas,Larráinzar,2.3,-92.7870748287444,16.928145845644757,2000.0,4.7783561643835615,15.515068493150684,210.081953179621,5.19855898123324,8.71313672922252,3.04805424528302,98.602174,70.0,12000.0,48.8446133305946,14.5286657705569,6.31805425631431,81.8036405515212,74.1454423592493,4.1387399463807,2320.0,2160.8303,2160.0471,0.7832,2511.8146,0.0625,603.5923,2.0655,10.7046,95.7,39.0,56.7,1,2.6246181989806314,1.1853687714286432
Michoacán de Ocampo,Quiroga,7.3,-101.56869345757376,19.70771340948552,2203.0,1.8147945205479448,18.304109589041097,127.375399832586,3.92424461471736,86.9307503252855,1.80030518145028,94.84416,39.471285,22835.0,67.2035414900631,9.12528358961432,7.56491245774257,57.8120400353253,75.6975567442533,39.106549081972,171.0,505.7788,505.7788,0.0,1784.3292,0.0,172.8496,0.5,4.3616,62.3,12.5,49.8,2,-0.3818852533501824,-0.3965683221558396
Hidalgo,Cardonal,1.5,-99.0499298066717,20.59635433234741,2240.0,2.348109589041096,15.128995433789957,32.7326001766144,3.71905773315312,40.3745896891292,1.76722635104138,91.539695,58.798283,3000.0,59.7008130081301,8.97077331841701,8.54925435832808,72.3225773248932,80.671944390809,13.2651090944198,251.0,347.9028,180.1778,167.725,6867.3725,3.285,2184.8601,2.321,235.2207,56.5,9.3,47.2,1,-0.1787913753817974,-0.7496491375756268
Sonora,Cananea,1.1,-110.21010810054818,30.982694539839787,1600.0,0.508986301369863,21.141095890410966,17.0326842554923,3.40302506482282,98.6862575626621,1.57468364568317,98.928462,18.553392,33000.0,55.6457109473889,0.91373757176866,10.516233196448,91.1180958657575,33.3448573898012,2.24719101123596,15.0,89.0,16.0,73.0,417.7488,0.0,154.9588,0.0,1133.45,28.4,2.2,26.2,1,-1.3547471290685258,0.3964797200488982
Oaxaca,San Antonino Monte Verde,13.0,-97.75099043190596,17.52381309889663,2078.0,2.038904109589041,18.99287671232877,69.9903287030164,3.98537095088819,9.50888192267503,2.1165371809101,97.719498,50.0,13060.0,45.2256033578174,10.0289296046287,6.76528447444552,79.4738213076322,65.3082549634274,3.29153605015674,164.0,113.7498,107.1188,6.631,1733.2361,0.335,2.972,0.0,0.0442,93.3,36.1,57.2,2,2.0931853212958997,1.311028575935948
Sonora,La Colorada,54.1,-110.3439598745119,28.72624586790077,368.0,6.871999999999999,22.44780821917808,0.448316092750518,2.6976401179941,86.7256637168142,1.41537267080745,95.104895,14.179104,1000.0,50.7142857142857,3.48598769651401,7.57093663911846,81.0606060606061,56.7846607669617,2.06489675516224,28.0,98.97,7.21,91.76,934.14,0.0,3655.46,0.0,1319.7253,20.4,1.4,19.0,3,-0.8158939908377504,-0.4295724958833513
Sonora,Pitiquito,54.8,-112.21937680121631,30.09617492598727,474.5,1.207945205479452,15.18945205479452,0.928924845531637,3.28659420289855,82.5724637681159,1.64180995475113,96.859629,11.144194,8000.0,59.9348091810403,3.42066957787482,9.23991228070175,83.6000877000658,40.0724637681159,7.5,4.0,121.0,0.0,121.0,280.5,0.0,7566.1174,0.0,750.027,29.4,5.6,23.8,3,-1.0838769716430765,0.3753253952011043
Coahuila de Zaragoza,Juárez,63.1,-100.68806064542484,27.657784921464952,276.0,1.0418082191780822,22.829589041095893,0.644388038306082,3.26185567010309,83.0927835051546,1.62090163934426,97.807018,12.5,1000.0,48.7469684721099,2.08514335360556,8.30078465562337,69.3813131313131,69.0721649484536,10.5154639175258,74.0,396.5,370.5,26.0,687.8,0.0,289.5,0.0,38.3296,29.4,1.8,27.5,3,-0.8702984075213096,-0.7953920133164132
Sonora,Tubutama,67.9,-111.35406283761591,30.938946951314897,644.0,1.1835616438356165,21.10821917808219,0.853706859068093,3.02464065708419,91.7864476386037,1.4498031496063,96.121884,16.61442,1750.0,44.3256578947368,2.97202797202797,7.70210896309315,79.7691785471826,56.8788501026694,3.90143737166324,15.0,65.0,13.5,51.5,674.4186,0.0,192.526,0.0,26.82,34.7,2.7,31.9,3,-0.4826952057349646,-0.3389680157463651
Sonora,Rosario,579.7,-109.35137958943513,28.041241531275187,453.3333333333333,4.192,22.4737899543379,1.37224785063287,3.20664451827243,60.1993355481728,1.73961719032142,91.897367,12.658228,8000.0,51.3014055179594,15.1718357082984,7.20884658454647,72.2567287784679,76.2126245847176,4.45182724252492,5.0,95.0,20.0,75.0,4780.1511,1.0,564.0,0.0,392.1454,38.7,6.2,32.5,4,0.8789039449208447,-0.7831080324739871
Sonora,Quiriego,1068.0,-109.37430376015816,27.59174377572478,209.25,5.758876712328767,22.341267123287672,0.817339937082899,3.27956989247312,38.6021505376344,1.79988193624557,84.500574,16.621984,2857.0,43.5173824130879,10.7376691401135,7.23483195111305,84.3042071197411,53.010752688172,2.04301075268817,111.69444444444444,50.0,40.0,10.0,5006.7306,0.0,2614.8821,0.0,551.75,54.9,18.5,36.4,4,1.3590970922756724,0.6942764847964101
Chihuahua,Chínipas,1398.3,-108.4954964783452,27.39509530489061,440.0,1.916657534246576,24.140547945205483,3.12678659154356,3.47306397306397,29.2929292929293,1.8151087595532,89.932538,31.650485,4000.0,49.9894358757659,10.4171468080203,7.14011560693642,87.2709739633558,58.0246913580247,4.7699214365881,5.0,11.5,8.5,3.0,4561.2521,0.0,172.75,0.0,36.1,52.3,13.0,39.3,4,0.6984920397155611,0.2178068735395368
Sonora,Sahuaripa,1464.7,-109.00891978104777,29.0126457911338,561.5,4.031506849315068,22.60753424657534,1.05061141173624,3.01147446930579,90.8777969018933,1.43808219178082,96.216531,8.0876795,4700.0,50.3341783821157,2.82485875706215,8.4169741697417,75.5944455012365,22.6047045324154,1.14744693057946,100.0,346.0207,5.1,340.9207,2104.4642,0.0,430.6028,0.1,327.3209,38.6,6.5,32.1,4,-0.6154499243326066,1.0125559065941685
Sonora,Ónavas,3835.6,-109.49491259507562,28.45684763274416,105.0,1.4506849315068493,18.10356164383562,0.683319673950589,3.04201680672269,86.5546218487395,1.35074626865672,96.0,24.590164,571.0,53.156146179402,2.49110320284698,7.12455516014235,58.3561643835616,61.3445378151261,0.0,4.0,23.73,10.0,13.73,355.4839,0.0,129.5,0.0,1306.11,24.6,2.5,22.0,4,-1.0110131322676432,-0.5170285870040059
Sonora,Arizpe,0.0,-110.07883222762766,30.43822812180528,875.0,3.746027397260274,17.876027397260273,0.907563628112865,2.87991718426501,96.2732919254658,1.20328719723183,98.366394,6.5976714,1500.0,48.9848812095032,2.85451197053407,8.13361072584374,75.0358680057389,88.1987577639752,1.96687370600414,205.0,639.755,41.39,598.365,2147.8757,0.0,810.4607,0.0,424.6542,27.6,2.0,25.6,0,-0.7750458158931707,-1.4235645426959838
Veracruz de Ignacio de la Llave,Huayacocotla,0.0,-98.48615807318136,20.523862200654463,2168.0,2.73972602739726,14.517808219178082,41.7333818675715,3.54048318641854,33.6108390466863,1.94098683621384,95.192475,74.68295,2000.0,56.6732295209116,11.8846603454994,7.27189721515685,72.0132134336576,62.5367286973555,15.8015017956252,635.0,1279.6401,1252.5851,27.055,4497.4655,0.239,988.4545,0.0,150.0251,78.3,21.3,56.9,0,0.9679837503237002,0.5459501226461517
Michoacán de Ocampo,Tlazazalca,0.0,-102.048389917965,20.01497592899181,1753.0,1.8113150684931507,16.444931506849315,31.5071125976471,3.1304347826087,84.5627747923791,1.59516691579472,96.112886,41.634456,8000.0,50.2208565392741,10.9716599190283,5.7402755267423,51.5420560747664,89.4968246213972,11.33365901319,16.0,45.17,40.0,5.17,2078.5453,4.16,241.9734,16.0,1.5209,43.6,3.6,40.0,0,0.2694390855977586,-1.3680897620997767
Guanajuato,Ocampo,0.0,-101.47623107425362,21.604278864939342,2261.0,0.96986301369863,16.54931506849315,25.7076509433996,4.03540544950237,81.0735845978137,1.88155192088246,91.269559,35.944164,16500.0,58.4212873494871,10.2491596862829,7.16180968319003,78.84243641739,83.2272801435797,16.5769293522597,30.0,304.8575,290.62,14.2375,31148.9408,1.0,502.2012,0.0,799.1316,51.3,4.6,46.7,0,-0.1945930162102884,-1.1139631682899396
Zacatecas,Huanusco,0.0,-102.93068247993412,21.767559711982614,1484.5,0.6682191780821918,21.97945205479452,12.2132114808756,3.35077376565954,81.7243920412675,1.69033457249071,95.95525,40.164684,1500.0,42.6292629262926,7.90094339622642,7.39398407549395,82.5159445788432,91.7464996315402,12.0117907148121,19.0,43.555,3.575,39.98,3008.9386,0.0,959.0596,11.04,89.739,46.8,3.5,43.3,0,0.2693356704004115,-1.4497268363010154
Campeche,Dzitbalché,0.0,-90.0141347015712,20.2284240599292,30.0,2.4906849315068493,27.183561643835617,46.35,3.68,48.7,2.2,90.9,42.4,54726.0,63.7,9.3,8.66,77.7,64.6,16.5,8.0,5.008,3.008,2.0,2451.4,0.5,129.72,0.0,30.9612,62.8,17.8,45.1,0,0.0962412810264881,0.2771075881257291
Hidalgo,San Agustín Tlaxiaca,0.0,-98.93349167257378,20.07616898623426,2376.0,1.5053972602739727,15.513356164383564,130.785629433389,3.73763855421687,52.4048192771084,1.77245508982036,92.71159,49.455307,9097.0,63.7936507936508,3.62794813327434,9.36205603653964,60.1913039006454,83.2289156626506,48.1253012048193,109.0,199.9847,196.5847,3.4,7877.0961,6.439,418.9774,3.5456,131.5625,43.4,5.3,38.1,0,-1.2730233629903318,-1.0639613536211685
Guanajuato,Xichú,0.0,-99.98055874800578,21.35981504572611,1318.0,0.6,21.42465753424657,12.2277162688594,3.70016638935108,36.4725457570715,1.89744027303754,79.256757,55.746509,1000.0,43.6970781156828,19.7992700729927,6.71696882744229,95.2257022345867,92.8785357737105,21.9633943427621,192.0,489.9751,482.1751,7.8,3648.7463,0.0,340.8049,0.0,49.2467,61.4,7.2,54.1,0,1.9090868910649683,-1.2729744344023683
Chihuahua,Guachochi,0.0,-107.2052910569176,27.14466438566869,2263.0,2.9753424657534246,12.86794520547945,7.19702983650703,3.66634494023313,33.6699086791892,2.06560120492009,80.158247,33.129739,40000.0,69.5818928262749,18.1992337164751,6.7060534284772,84.2626544440016,58.7497215828941,2.12339446135571,107.0,82.7553,80.7725,1.9828,16750.3709,0.031,487.2988,0.85,259.5443,63.7,22.8,40.9,0,1.1751967437226822,0.756567245350651
Zacatecas,Monte Escobedo,0.0,-103.47219197998164,22.379837589555763,2009.6666666666667,3.7450410958904112,16.41552511415525,5.42791120039311,3.11067193675889,84.5849802371542,1.52950530035336,92.783505,47.869565,7000.0,54.0699340785325,4.99236641221374,7.83746556473829,76.3330646090061,93.0291052820697,11.4265181458857,58.391304347826086,3.0,2.0,1.0,9768.9027,0.0,261.0,0.0,118.1101,46.4,2.1,44.3,0,-0.7630307816430997,-1.5735216326938373
Tlaxcala,Benito Juárez,0.0,-98.41811786165806,19.59631508336909,2537.0,1.3003287671232877,14.271232876712329,242.523840263354,4.03049967553537,57.6249188838417,1.99581589958159,98.853047,46.17052,11000.0,54.5588235294118,4.91428571428571,8.47620137299771,87.3611334728707,79.4938351719663,4.47761194029851,9.0,42.13,23.68,18.45,2619.8328,2.0,2.048,0.0,10.78,80.7,4.5,76.2,0,-0.6738337771605323,-0.9845867603538128
Puebla,San Juan Atenco,0.0,-97.55196233775074,19.047327608104684,2330.5,2.4975068493150685,14.208698630136986,37.4428526578259,3.73858921161826,65.3526970954357,1.94495412844037,97.818975,64.335664,2140.0,48.0210157618214,7.87992495309568,7.47372372372372,78.9123196448391,79.356846473029,23.1327800829876,1008.0,3058.9894,3058.9894,0.0,8267.7511,0.504,206.3016,1.0,23.9304,67.0,9.6,57.4,0,0.3036437766295509,-0.6856724335096109
México,Teoloyucan,0.0,-99.17302531102168,19.75797091287397,2250.0,1.2375068493150685,15.412328767123288,2108.29864781498,4.05256290773532,70.6182044113079,1.87570963372813,98.992189,54.906292,13349.0,60.3135472439428,3.4920306354792,9.66795471070946,63.624558884187,74.5883814849332,29.8229263746505,60.0,98.7893,3.9943,94.795,219.4486,0.33,210.0728,0.0,4.5412,52.2,5.4,46.8,0,-1.104834199893581,-0.7698720757105164
México,Tequixquiac,0.0,-99.16721794560188,19.893621214243822,2220.0,2.3841917808219177,15.465753424657535,322.436105873379,3.70399248473462,57.6420854861437,1.7772368717602,97.097792,63.180516,22000.0,63.3832504876361,2.53305827048598,9.34907097167225,55.6408113651903,87.9567872240489,20.4509159229685,143.0,375.9692,172.8274,203.1418,4791.4382,0.005,821.187,0.05,66.299,61.8,6.3,55.5,0,-1.3382865470012464,-1.162018389703095
México,Otzolotepec,0.0,-99.5227950928199,19.44420687545407,2668.0,4.087424657534247,14.476712328767125,775.180942420297,4.32576201641266,51.5631105900742,1.99378378378378,95.312853,67.682242,33000.0,60.8769964380099,5.6958774919464,8.98459667612485,53.238795715396,68.0978898007034,24.6336459554513,777.0,454.809,297.1267,157.6823,1776.3498,4.3993,23.9628,2.9381,34.9177,61.7,12.4,49.4,0,-0.4928040925910062,-0.1508132344530183
Zacatecas,General Pánfilo Natera,0.0,-102.09696798525113,22.702765919377256,2046.0,0.7721917808219179,17.054931506849314,53.2183383178535,3.89417025505134,48.7081815170586,1.91900718484651,92.373461,38.170549,18000.0,49.2207792207792,6.02365341013543,7.50953812181807,79.2229873331633,82.1464060947334,20.9837694600861,48.0,229.9306,54.0,175.9306,12561.4114,126.69,634.687,0.0,6.7,65.1,6.9,58.2,0,-0.132924143351875,-0.9338580585364756
Zacatecas,Benito Juárez,0.0,-103.5903548592163,21.49071388435676,2190.0,2.00841095890411,18.44945205479452,13.664161258803,3.51179245283019,89.5440251572327,1.68164652567976,96.621005,38.789683,9750.0,44.0901111761264,6.31911532385466,7.78122036041733,65.9470287113287,89.2295597484277,23.5062893081761,58.391304347826086,1.0,0.0,1.0,2751.3462,0.0,322.8436,0.0,31.255,67.4,5.0,62.4,0,0.0715792454652507,-1.2787970281894452
Tlaxcala,Muñoz de Domingo Arenas,0.0,-98.22100422480251,19.50065423473273,2563.0,1.6643835616438356,14.63013698630137,130.70944605538,3.83683360258481,85.3796445880452,1.78773052314641,97.467249,44.474153,12000.0,44.7036739072137,2.8620988725065,9.08217592592593,82.0609884332282,90.5492730210016,16.1550888529887,9.0,20.0464,15.5464,4.5,3520.8838,2.307,0.905,0.004,34.3621,43.7,2.3,41.4,0,-0.5368846382373209,-1.4785422904834074
Michoacán de Ocampo,Contepec,0.0,-100.20492655714844,19.96087119053733,2409.0,1.3907671232876713,14.232602739726026,92.565901828866,3.83714817654145,42.6787865513087,1.94964108842023,88.939183,53.15835,5620.0,64.813182602031,8.43980190603021,7.1148640206572,58.8765326489877,74.0882707260979,26.4812178293725,777.0,1797.8055,942.3827,855.4228,13988.4538,3.8716,469.0025,28.74,395.2753,58.5,10.3,48.2,0,-0.4587430370451082,-0.4759142146886553
Hidalgo,Tolcayuca,0.0,-98.92957591853822,19.96780541188264,2430.0,0.9756164383561644,15.61041095890411,165.845124237632,3.53806430118274,82.5587206396802,1.77537201136934,99.059633,43.877791,10000.0,59.9729427680725,3.33522834944097,9.54560415216153,66.5574384420934,58.7206396801599,10.9445277361319,15.0,41.4637,36.1137,5.35,5812.9315,0.0,134.2323,0.0,26.671,41.1,3.5,37.6,0,-1.2054735700949812,-0.3538256758189526
Puebla,San Salvador el Seco,0.0,-97.6109327956922,19.14288126616685,2355.0,1.355123287671233,10.196712328767122,139.083694113042,4.12038285252089,33.1356160690213,2.21887477313975,98.726917,58.302701,28000.0,60.9383570313489,10.9827381496027,7.45327786413093,56.5847449329286,71.7983283904017,37.6651388514424,560.0,2236.9993,1276.0543,960.945,13193.0542,0.25,864.3729,0.0,392.5607,83.5,20.5,63.0,0,0.5917491198631235,0.1891733242221887
Oaxaca,San Juan Atepec,0.0,-96.47624600076418,17.47395635988127,1975.0,3.071260273972603,17.34109589041096,10.8565437721726,3.02916666666667,26.875,1.76029055690073,98.117155,83.293556,214.0,35.6842989084803,5.45129579982127,7.39087656529517,93.7542896362389,32.9166666666667,3.125,91.0,102.5,102.5,0.0,151.25,0.0,10.0,0.0,0.0,83.5,15.1,68.3,0,0.9205454304764114,1.172088937498168
Zacatecas,Villa Hidalgo,0.0,-101.72224088459411,22.40669334590084,2158.5,1.2249315068493152,17.335342465753424,51.8064430479694,3.92727272727273,52.7272727272727,1.92414339473163,91.043181,25.361367,6000.0,46.7609776595,7.80293757649939,8.01509115979776,84.444101614728,76.3838383838384,11.4141414141414,62.0,318.582,45.092,273.49,12249.4827,1.0,1206.8425,18.25,55.4146,74.9,9.0,65.9,0,0.3280607280566549,-0.6222089444865258
Zacatecas,General Enrique Estrada,0.0,-102.79323036189984,23.01529203152846,2246.0,1.0606301369863014,17.626301369863015,33.6053608830354,3.66132596685083,78.1767955801105,1.77429718875502,98.627685,38.757764,3700.0,52.2423288749017,4.77510125772756,8.7063611051617,77.4683925346177,89.7790055248619,4.75138121546961,7.0,104.8,9.0,95.8,12765.4407,0.0,591.0744,0.0,85.8279,46.2,4.1,42.1,0,-0.5922134767161104,-1.3497826656465923
México,Tultepec,0.0,-99.1279419816037,19.67825609071792,2245.0,1.180821917808219,12.864383561643836,5888.98972370229,3.68653778558875,89.1177504393673,1.73623982415252,99.426539,51.704617,64510.0,64.1382609923293,2.29552711638549,10.7125871534912,68.4163785721082,65.0310486233158,19.2712360867018,42.0,43.81,21.99,21.82,266.166,0.43,114.3001,0.0,10.2248,43.2,5.1,38.1,0,-1.469574402103591,-0.4704022304783479
México,Lerma,0.0,-99.46004430232976,19.326360357319345,2582.0,4.232383561643835,16.66068493150685,737.95427113027,3.99662417374882,73.8786591123702,1.76599210575778,97.921881,65.861085,76000.0,61.8232798376683,3.00790554496031,10.3618330184635,69.5456386832387,75.351746931067,25.2880075542965,2679.0,2213.8978,2194.8073,19.0905,5284.7821,21.4165,156.4188,1.0622,45.5376,34.8,4.0,30.8,0,-1.3167175389474035,-0.8766332081460022
México,Tlalmanalco,0.0,-98.73229829390586,19.20669624320521,2470.0,3.752876712328767,14.870136986301372,307.142735771923,3.82859597063876,75.7145088239888,1.79797572334886,98.73817,55.711245,36000.0,58.1165919282511,1.59822184589331,10.5019219044085,75.1443206764778,80.1108855224114,20.2873652975168,101.0,166.2762,166.2762,0.0,1811.1039,0.6869,74.7294,0.155,6.956,51.5,6.5,45.0,0,-1.173357127777785,-0.8894757740464049
Hidalgo,Santiago de Anaya,0.0,-98.97647990600856,20.42838813458413,2071.5,1.7035890410958905,16.20041095890411,71.5347858049553,3.62948286110561,45.6508817119081,1.81123306635024,90.650496,60.136519,1000.0,63.704725767506,4.18329637841833,9.00259124898201,74.4885154672923,74.63839904894,8.7378640776699,281.0,390.063,120.061,270.002,4465.5515,4.59,1395.5617,3.2,176.7251,49.0,5.8,43.2,0,-1.1723426709375917,-0.7509103274792801
México,El Oro,0.0,-100.06591637841376,19.79357834282863,2720.25,6.152191780821918,15.272945205479452,251.071462675904,3.98251710283418,41.7743511781952,1.94294039735099,89.474848,61.22449,18000.0,58.5277146354258,7.0629291051853,8.49092565874402,71.7464872620949,82.0393093712673,35.1938321207514,2074.0,1789.4124,1492.2472,297.1652,5382.2073,4.0832,163.8441,5.9899,375.6091,61.1,11.8,49.3,0,-0.2295454653063061,-0.652616104432782
Hidalgo,Huichapan,0.0,-99.68215644722125,20.39055982683748,2200.0,1.7779726027397262,14.536849315068494,71.7749571773239,3.67562514606216,61.1980992443717,1.76211470203624,91.210074,57.403919,28000.0,59.4934363751853,4.03668685953688,8.7859148537879,71.5593041644702,79.387707408273,15.307314793176,160.0,320.85,235.895,84.955,13995.0877,2.96,216.2772,1.15,172.0797,42.4,3.6,38.8,0,-1.086839558325574,-1.0353754115640887
Hidalgo,Atotonilco el Grande,0.0,-98.67143625935626,20.34091713308996,1979.0,3.02441095890411,17.476666666666667,65.7236199004007,3.59550561797753,51.0518766435573,1.8016201620162,88.643272,44.704684,13000.0,65.0067238191293,6.3945331945513,8.16945540289303,66.6633482661357,87.3296677026058,25.9861343533349,273.0,227.5636,74.664,152.8996,10028.014,25.0993,244.9015,0.477,434.0884,52.4,7.0,45.4,0,-0.8981869756410137,-1.1060991059769465
Zacatecas,Sain Alto,0.0,-103.21930706104251,23.579466344312777,1966.5,2.451835616438356,17.364931506849317,15.4376225795144,3.96980171002365,56.3216299799891,1.86784216382778,89.865357,32.488408,9000.0,49.8439316971663,4.17775412453433,8.07952803146457,84.2885918329976,90.4311442605057,4.87538657449518,93.0,118.6537,10.73,107.9237,36593.6203,0.0,235.7883,1.0,42.1251,61.9,3.5,58.4,0,-0.5746037704606901,-1.4054288925159042
Puebla,Chignahuapan,0.0,-98.11774974343368,19.821388464587983,2291.0,2.0174520547945205,12.16054794520548,87.4893293488212,3.86913868613139,58.9080291970803,2.03693452655534,96.999749,53.480906,40000.0,64.1045410513414,7.56940582623947,8.02404504967455,62.650457390467,84.3153284671533,20.2744525547445,2107.0,6114.4693,5988.1993,126.27,29539.3915,137.17,528.2419,14.98,630.1267,70.4,12.5,57.9,0,-0.4180144118500586,-0.6913187701491292
Puebla,San Nicolás de los Ranchos,0.0,-98.55475021776272,19.08729590036801,2648.0,2.182904109589041,16.19178082191781,72.6477931800248,4.4741641337386,35.9422492401216,2.37323659814591,99.4,72.8,10000.0,65.7737760270118,5.92736548038382,7.66455927051672,69.9490662139219,57.2568389057751,38.6398176291793,440.0,380.826,380.826,0.0,1008.6677,0.16,153.9177,0.0,0.7309,83.5,19.5,64.0,0,-0.3491437838655955,0.6191976402496289
Sonora,Santa Cruz,0.0,-110.59264649422737,31.14934550367008,1352.0,1.452054794520548,15.035479452054796,1.8328026627298,3.09584086799277,92.0433996383363,1.41487603305785,99.015748,17.23301,350.0,48.8999290276792,1.44596651445966,8.5041888804265,86.866485013624,14.2857142857143,1.80831826401447,16.0,63.0,0.0,63.0,502.0396,0.3,168.2711,0.0,45.26,35.4,2.7,32.7,0,-0.912334337336926,1.0729664888366253
Durango,Tepehuanes,0.0,-106.11123944710204,25.423596396476498,2338.0,3.6301369863013697,13.120890410958904,1.87472335699382,3.27591198610307,70.4979733642154,1.56928838951311,85.678074,30.351438,12000.0,57.8894246944039,8.04321728691477,7.2936441187072,76.6039725786606,87.492762015055,3.79270411117545,32.0,62.85,10.9,51.95,4583.3745,0.0,95.654,0.0118,308.45,58.9,5.7,53.2,0,-0.3887612010199647,-1.184779393469504
Nuevo León,Parás,0.0,-99.58204787964864,26.621509045543764,150.0,0.8120821917808219,22.034246575342465,0.773536662170674,2.71771771771772,91.8918918918919,1.23297002724796,98.159509,11.148649,2000.0,43.0989583333333,4.51436388508892,8.55753424657534,87.6379690949227,14.7147147147147,1.2012012012012,156.27777777777777,401.5,400.0,1.5,301.0,0.0,13677.64,0.0,156.1412,7.3,0.2,7.1,0,-0.3538737396014972,0.91275074411094
Zacatecas,Valparaíso,0.0,-103.52625689032696,22.665432530878864,1945.8666666666663,23.569424657534245,17.326849315068493,5.68657199564963,3.56291317761128,73.1710004407228,1.77819151892403,88.330202,36.108325,30000.0,54.5078011902847,5.86221837088388,8.35511869114265,83.7035211484551,86.5689731159101,5.39885412075804,25.0,53.515,9.165,44.35,28083.34,0.05,562.5529,0.21,120.5687,47.3,5.4,41.9,0,-0.5047854232598975,-1.168768667520717
Zacatecas,Tepetongo,0.0,-103.15755842023243,22.422767827017573,1944.0,1.261095890410959,18.563698630136987,8.95752090343706,3.13849878934625,85.4721549636804,1.56735187424426,94.99545,42.364282,5840.0,41.6806097787693,4.44794331824444,6.93636721828211,80.7550077041602,93.9951573849879,7.84503631961259,5.0,17.67,4.0,13.67,6835.0859,0.0,807.8651,0.0,105.842,51.3,2.8,48.5,0,-0.1540934152693888,-1.5649446783745489
Durango,Canelas,0.0,-106.54299026476797,25.07225647841871,1766.3333333333333,4.856465753424657,13.709246575342464,4.84113668541967,3.70379965457686,49.9136442141624,1.84950409659336,87.25065,24.193548,2000.0,38.1407195160777,12.4436741767764,6.44027777777778,81.8791946308725,65.6303972366149,4.31778929188256,6.0,6.5,6.5,0.0,1673.723,0.0,313.1833,0.0,1.0252,67.4,11.1,56.3,0,1.469528017530314,-0.1435977942434224
Zacatecas,Atolinga,0.0,-103.4655369917052,21.765757522115035,2145.0,2.3947397260273973,16.826301369863014,8.09666759348952,2.97254901960784,92.6797385620915,1.49802371541502,95.320197,39.477304,1500.0,41.784548422198,5.26617057813394,7.4639175257732,81.7303469477383,94.3790849673203,10.0653594771242,58.391304347826086,20.0,0.0,20.0,3889.2415,0.0,33.6932,0.0,38.1905,50.1,2.6,47.6,0,-0.0664603769758932,-1.5882499781546793
México,Calimaya,0.0,-99.6442553755068,19.16859077762441,2795.0,4.889424657534247,13.275616438356163,665.233318625926,3.96249057916401,82.5149284016465,1.73184797520451,99.051814,50.38387,60000.0,61.2081527252605,2.81294508624782,10.7381339144216,67.9437573916979,68.5257116354571,20.6852571163546,705.0,2168.1875,2166.0875,2.1,5069.2814,0.8129,62.205,0.136,19.137,50.7,6.5,44.1,0,-1.1799459334753022,-0.5055381821564574
San Luis Potosí,Santo Domingo,0.0,-101.55822141936338,23.41222330823566,2068.8,0.5076986301369864,18.595890410958905,2.49501465631218,3.69614590502409,27.2539573296628,1.76907829534192,90.401235,32.608696,4000.0,35.397489539749,8.10741027627162,6.63038138332256,79.4622160407974,69.2704748795595,19.1672401927047,47.0,459.18,363.43,95.75,36389.9989,0.1,682.1065,0.0,140.0,63.8,10.8,53.0,0,1.0481447032511086,-0.2836178168437829
Tlaxcala,Ziltlaltépec de Trinidad Sánchez Santos,0.0,-97.92634814849798,19.209377241258984,2565.0,1.630849315068493,15.406849315068492,119.429679144859,4.1204657411554,38.871473354232,2.39457909825384,97.400687,58.739726,8000.0,53.0008573878251,7.25693906031943,7.64886681154921,76.2680569132182,64.8007165248545,29.4670846394984,922.0,2102.3924,2102.3924,0.0,5051.2556,0.15,87.3969,0.0,14.3829,78.7,17.1,61.6,0,0.3557741639296357,0.2302616841151505
Hidalgo,Mineral del Monte,0.0,-98.67431470230925,20.14773909723884,2766.0,1.0712328767123287,10.110958904109587,268.103697594371,3.88502310410438,67.4639847784724,1.80095802344636,96.273292,37.380668,10000.0,59.0036369787702,2.31166711993473,9.75806012169649,63.9905054454063,88.8828486001631,22.6420222886654,192.0,272.7925,272.7925,0.0,276.413,0.0104,7.045,0.0084,16.1265,49.6,7.1,42.5,0,-1.0980494506930378,-1.1457932341369723
México,Temoaya,0.0,-99.59372491202804,19.490266522046344,2571.5,5.070684931506849,14.314246575342466,567.594653896567,4.39152493034474,41.1610595916331,2.08250981320394,91.931926,67.175616,20000.0,62.5792916816664,5.86916345056259,8.2684885271782,59.7280789667757,51.6821225100844,14.114026697717,2212.0,1851.1628,1182.3274,668.8354,10345.8117,9.342,59.2716,4.3343,44.2031,62.0,18.1,43.8,0,-0.263657069619688,0.7225436289364471
Chihuahua,Madera,0.0,-108.2945270033977,29.346723677329656,2117.5,1.4386027397260277,11.82054794520548,2.87773757592894,3.08709041635871,83.1239221483124,1.5396884272997,97.509298,24.559005,36000.0,55.5065856129686,5.26718809823333,7.98920666228359,86.5574292077633,26.9031781226903,0.800689825080069,10.0,121.2,121.2,0.0,26394.947,0.0,194.65,0.0,2304.0723,42.7,4.9,37.8,0,-0.6575869351624851,0.749122267176765
San Luis Potosí,Salinas,0.0,-101.72450072761704,22.82289287205147,2059.5,1.114931506849315,17.356849315068494,17.9824788321886,3.96310481297076,56.9896591344312,1.84765648263951,93.816854,41.730155,22000.0,56.5092560850189,5.10610390218766,7.94609429978888,80.1041566206963,73.1009830205541,17.3624409549343,139.0,477.14,149.86,327.28,17639.8579,5.615,581.2987,0.0,138.5012,64.4,6.5,57.8,0,-0.6469355579047636,-0.6589551513077458
Chihuahua,Namiquipa,0.0,-107.34742886672204,29.162543414146725,2450.0,1.058082191780822,17.56027397260274,4.67328432139948,2.92661144188455,95.8581413409267,1.34104663581346,97.474017,15.013098,8100.0,59.1710129014548,2.59954125742516,7.60752402853942,84.4971821063755,44.4990939684183,1.77323323841574,14.0,639.05,31.0,608.05,95581.2906,0.3784,4557.0851,735.9688,3533.2257,17.6,1.0,16.6,0,-1.386460857534387,-0.0772576262831716
Chiapas,Huixtán,0.0,-92.39418816506654,16.68308788945551,2266.0,2.953150684931507,10.953424657534246,73.9280147744546,4.98542844715094,20.1826881252719,2.29272690843518,98.469713,78.623188,500.0,63.3554220598254,15.0189982728843,6.29857557737519,83.5995647442873,66.463679860809,3.76250543714659,2422.0,5973.8967,5973.8967,0.0,5493.717,0.75,17.5,0.0,29.246,96.6,49.3,47.4,0,2.4690559359510384,2.03469449648284
Oaxaca,San Miguel Suchixtepec,0.0,-96.45706247748076,16.078627981278245,2453.0,0.8183561643835616,15.247945205479452,42.1563937509887,4.35993975903614,6.02409638554217,2.24767080745342,98.062593,95.848375,200.0,42.0128479657388,13.7108095460927,6.98081422554984,72.8171896316507,69.1265060240964,2.71084337349398,141.98648648648648,2.5,2.5,0.0,135.123,0.002,46.375,0.0,0.025,90.3,33.0,57.3,0,2.56406020117777,1.00538500479799
Sonora,Suaqui Grande,0.0,-109.91822714305115,28.37889588376296,564.0,0.3698630136986301,23.685616438356163,1.21776715302857,3.17094017094017,96.5811965811966,1.35072815533981,98.80597,19.365079,500.0,50.6437768240343,2.17640320733104,7.59977064220184,64.6319569120287,36.7521367521368,2.84900284900285,8.0,23.5,0.0,23.5,54.75,0.0,612.25,0.0,2229.38,25.3,1.8,23.6,0,-0.9569738272911604,0.2446037926847909
Tlaxcala,Teolocholco,0.0,-98.07600934380582,19.210807636433543,2381.5,10.467287671232876,15.58664383561644,329.565033046702,4.36780013879251,68.2512144344205,1.95359141791045,97.540984,56.013084,27000.0,60.1071155317521,3.93639927124165,9.66591110128262,68.75321692996,88.8272033310201,15.7702984038862,494.0,473.1993,469.9421,3.2572,1122.1802,0.6764,12.8667,0.066,9.3995,63.1,13.7,49.4,0,-0.6078761030363099,-0.7626533912358616
Jalisco,Jesús María,0.0,-102.1075653775658,20.64794389512285,2129.0,2.217287671232877,15.556438356164383,28.5369918896772,3.4932594644506,94.921514312096,1.63111149435199,97.751124,43.538928,17509.0,59.6234878347152,12.7413692217671,6.50098792535675,52.6551469813508,91.5974145891043,21.1080332409972,55.75675675675676,100.0,100.0,0.0,11247.179,19.7,16864.4564,176.0,1223.3571,39.2,5.1,34.1,0,0.0839533599104255,-1.368718344018938
Puebla,Tepango de Rodríguez,0.0,-97.79785429448636,20.01107081482316,1526.0,7.53758904109589,18.12328767123288,144.61537776359,3.9702209414025,27.4735830931796,2.36441647597254,97.357294,77.866667,1000.0,44.5457403332285,27.9822767552829,5.91774744027304,70.2527075812274,62.3439000960615,5.66762728146013,176.0,115.1555,115.1555,0.0,118.5757,0.0,329.4036,0.0,0.0025,95.5,50.7,44.8,0,5.153307232007166,2.252570044132169
Zacatecas,El Salvador,0.0,-100.87607838054166,24.44128827981225,1720.0,0.8504383561643835,17.65753424657534,4.02172084991302,3.42213114754098,14.8907103825137,1.79056468906362,92.729767,44.0,100.0,46.6834170854271,10.61180292366,6.93116531165312,52.371462734157,66.9398907103825,12.431693989071,21.0,164.1405,162.1405,2.0,4188.7801,0.0,17.31,0.0,21.6448,55.0,9.7,45.3,0,0.7232379973861491,-0.2681723000211675
Oaxaca,Villa de Chilapa de Díaz,0.0,-97.65031542726716,17.5949580167407,1881.0,1.4723561643835616,21.16794520547945,10.3751144891454,3.24686940966011,69.9463327370304,1.798810703667,99.500832,59.774436,214.0,37.5774260151411,8.3765752409192,6.66443949517446,81.4876033057851,83.7209302325581,37.3881932021467,141.98648648648648,1.0,0.0,1.0,125.7984,0.0,8.51,0.0,0.0,61.6,13.6,48.0,0,1.114390905728635,-0.5989921021024702
Tlaxcala,El Carmen Tequexquitla,0.0,-97.66088058579794,19.34074135032146,2350.0,2.5467945205479454,15.60068493150685,296.612002758531,4.16393837265286,34.9783341357727,2.25221354166667,91.603821,50.096022,20000.0,54.8186842304489,9.80262614584194,8.040175250062,78.415647357489,71.1121810303322,14.8531535869042,113.0,210.9744,190.1044,20.87,3046.1454,1.51,28.5012,0.0135,6.6725,87.8,22.9,65.0,0,0.8838627453226002,0.3561046431300231
Puebla,Acajete,0.0,-97.9334921266206,19.100239526548563,2479.0,2.2163013698630136,16.386301369863013,412.108592763892,4.78710950345281,33.4626767510687,2.34528569585967,96.39869,67.360841,50000.0,59.5632925639679,8.04503414474089,7.54350414716268,73.4065903915274,59.9934232160473,76.3498849062808,1834.0,2961.9107,2958.0367,3.874,7597.4196,1.2054,155.656,0.3937,34.158,85.7,25.0,60.7,0,0.5249790371108168,0.8456474928388877
Durango,Guanaceví,0.0,-106.114357942626,26.04331574488708,2264.75,3.857534246575343,12.366369863013698,1.79908266858923,3.41280891054647,47.1632439958232,1.76762213809266,92.036036,30.71161,4000.0,51.7351841964762,9.9253088193048,6.94259818731118,70.4428006890262,81.5175774451793,5.18621649843369,8.0,18.1,14.1,4.0,6521.2217,0.0,24.1,0.0,88.3418,53.2,10.3,42.9,0,0.406045483549735,-0.7178114319883381
Oaxaca,San Juan Ihualtepec,0.0,-98.29005060336588,17.767799339308823,1732.0,0.0,21.816438356164383,9.46175053683487,3.44755244755245,16.7832167832168,2.02904564315353,91.612903,31.884058,285.0,35.9413202933985,21.8997361477573,4.54497354497355,77.9352226720648,57.3426573426573,37.7622377622378,141.98648648648648,195.9384988095238,169.36694285714285,26.571555952380955,133.75,0.0,0.0,0.0,0.5,93.5,42.7,50.8,0,4.4157157772358415,1.9563239563810912
Puebla,Tzicatlacoyan,0.0,-98.034207979532,18.81605080835071,2120.0,1.083123287671233,16.150410958904107,23.2264805961745,3.70194508009153,5.20594965675057,2.12024901703801,60.280112,57.364865,8000.0,52.6135906714918,5.03362985463224,7.12728062554301,80.5744286596665,76.8306636155607,40.6178489702517,7.0,10.1,8.85,1.25,2348.758,0.0,53.5634,0.0,0.5,75.7,11.4,64.3,0,-0.2004673926951852,-0.497614444974375
Sonora,Villa Pesqueira,0.0,-109.99138166286494,29.13691419580835,745.0,1.008630136986301,23.45205479452055,0.928566805714114,2.77066666666667,88.0,1.1442731277533,96.658098,4.3103448,428.0,55.4824561403509,1.85614849187935,8.35307781649245,62.7996164908917,59.7333333333333,3.2,111.69444444444444,2.0,0.0,2.0,1881.5,0.0,49.25,0.0,629.1015,24.1,3.1,20.9,0,-1.180585677981293,-0.4191917311058742
Zacatecas,Cañitas de Felipe Pescador,0.0,-102.71747503046694,23.57637973862647,2046.0,0.5643835616438356,17.815890410958904,18.3660709668525,3.70633138751684,67.4000898069151,1.76202749140893,92.595897,37.259923,4000.0,53.0654058313633,3.46239126726932,8.63202871304051,74.7304663840097,86.0350246969017,12.2137404580153,58.391304347826086,335.2229961538462,81.32072500000001,253.90227115384616,18930.8948,0.0,100.83,0.0,20.98,56.5,4.3,52.2,0,-0.7903173470177173,-1.2131622648346372
Chiapas,Bochil,0.0,-92.96089816633602,17.0228419780293,1200.0,3.410931506849315,20.91205479452055,102.033080645096,4.40049988098072,39.5024994049036,2.42138276129396,99.060474,35.946415,25000.0,60.9429714857429,13.4281200631912,7.45752545682801,64.8391165499289,48.5836705546298,34.9083551535349,36.0,49.0376,41.7876,7.25,8396.5558,0.0,1282.3194,0.4375,150.9695,78.3,34.7,43.6,0,1.6363509734645698,1.7825055661663582
Hidalgo,Ajacuba,0.0,-99.07075333783058,20.106708714153648,2139.0,0.331041095890411,18.17808219178082,78.9653170622344,3.65020337013364,56.8080573310091,1.69661505221462,94.72587,38.577841,5000.0,59.0709271045207,4.6537628397736,8.65593955505807,65.7481983891479,80.5733100910323,14.1390664342437,303.0,644.6147,78.96,565.6547,5421.7042,0.205,918.9886,0.64,31.4123,48.1,4.5,43.5,0,-0.9403598489380092,-1.0206748902835023
Oaxaca,San Juan Cieneguilla,0.0,-98.31035131107308,17.874961998551527,1482.0,1.8452054794520547,22.747808219178083,5.82298233104379,3.04678362573099,26.9005847953216,1.71381578947368,96.273292,34.285714,15.0,32.3529411764706,14.2105263157895,6.38258575197889,90.2671755725191,46.7836257309941,5.84795321637427,141.98648648648648,2.5,0.0,2.5,264.3396,0.0,1.0,0.0,0.0,79.6,14.9,64.7,0,2.189343541733648,0.7007703255201714
Oaxaca,Santiago del Río,0.0,-98.10065716811668,17.432755353877944,1628.0,1.5106849315068491,19.30821917808219,13.7152700205119,2.8031914893617,50.0,1.72786885245902,86.315789,47.959184,171.0,25.1162790697674,19.8067632850242,4.68599033816425,77.6091081593928,69.6808510638298,6.38297872340426,17.0,56.15,8.45,47.7,475.7378,0.0,23.75,0.0,0.25,82.5,34.6,47.9,0,4.291974517932552,1.0794137356717095
Guanajuato,Coroneo,0.0,-100.39489194725984,20.21677447950253,2271.0,1.4736986301369863,16.18383561643836,89.5206302732615,3.53393085787452,80.729833546735,1.75349428208386,94.158807,51.746442,12500.0,57.7999767684981,9.04761904761905,7.77369147734404,83.5333393485518,94.3021766965429,7.65044814340589,85.0,188.4777,130.3597,58.118,2146.7186,0.0045,45.4298,2.0,229.6803,52.4,5.0,47.4,0,-0.2935047703399852,-1.4498437966872075
México,Tenango del Valle,0.0,-99.6346636268295,19.076000393396697,2721.6666666666665,6.131260273972602,13.02972602739726,428.87407032305,4.24633277949205,71.7493472584856,1.96815721139034,98.684472,52.836366,92000.0,61.8898990622092,4.64090102599707,9.06663679624251,63.7431229147794,82.6204604794683,16.7291716116781,1028.0,1645.6993,1595.9066,49.7927,4822.6022,6.319,391.3824,37.026,11.3428,67.5,14.2,53.3,0,-0.585256740120252,-0.5280145848483347
Zacatecas,Vetagrande,0.0,-102.44469040779516,22.87047202353606,2318.0,0.7838356164383562,15.622191780821918,64.2413979741757,3.88947766843301,58.2134746404239,1.86294416243655,96.889449,47.663952,5000.0,48.8276217469724,2.99776910206358,8.724325834847,84.0307512650837,89.0613171839515,9.19757759273278,28.0,128.6,25.57,103.03,6577.4495,2.5,45.9117,0.0,6.08,51.5,3.3,48.2,0,-0.6814348103528033,-1.3710431740874875
Zacatecas,Luis Moya,0.0,-102.25353971090873,22.43452847107677,2017.0,0.8493972602739726,18.5054794520548,74.5343945567416,4.03583460949464,90.0153139356815,1.87572953736655,98.091721,40.782302,7000.0,50.2703254105886,4.30643197165947,8.57333037497227,72.7472694174757,85.9418070444104,34.0581929555896,21.0,918.63,170.57,748.06,6645.848,28.0,1967.1156,23.99,106.8211,49.9,4.1,45.8,0,-0.5493286633370096,-1.2228608093709583
Hidalgo,Metepec,0.0,-98.34468726488927,20.258675376718564,2147.0,1.2798356164383562,20.16986301369863,89.3670314045363,3.99969362745098,51.7156862745098,1.9780303030303,93.901193,49.232159,6500.0,58.7522352473674,7.28749323226854,8.12149837133551,55.727175409084,85.0490196078431,14.5526960784314,108.0,419.19,144.34,274.85,6935.5094,119.5913,526.8546,0.014,105.4371,42.8,4.3,38.5,0,-0.6014658542889804,-1.181688510541966
Hidalgo,Alfajayucan,0.0,-99.40317222642308,20.41033034601211,1920.0,1.046904109589041,19.311232876712328,44.2006163222389,3.46914700544465,45.2994555353902,1.72659920491507,81.744493,56.02127,5000.0,64.6025817443156,6.62424885118416,8.14744546294322,65.9534495355391,82.4682395644283,15.7713248638838,511.0,909.2229,35.38,873.8429,5805.7375,12.7,3208.5971,0.0,321.1108,48.6,7.8,40.8,0,-0.8067814738308249,-0.8970807278606147
México,Villa Victoria,0.0,-99.9603102494321,19.43234443849996,2665.285714285714,13.54909589041096,12.943698630136987,254.701458901835,4.46290029712777,20.1304060746121,2.22344977986257,74.353583,63.266762,25000.0,63.9373064526322,10.4014166004378,6.83848442104381,59.5946245702244,57.3951799273688,38.1932981181908,1574.0,2433.6903,2299.6889,134.0014,21557.7932,5.0749,221.9422,7.9452,985.285,71.9,23.7,48.2,0,0.52886595193653,0.842994636311775
Puebla,Tlahuapan,0.0,-98.58946304184514,19.35114788459874,2609.0,2.0986301369863014,15.33972602739726,132.376491261714,4.18027176648213,40.0503271263211,2.11448669589153,97.602777,55.976896,20000.0,58.5681307908801,3.8911704312115,8.09720509658857,65.1118010927383,76.4670357322597,15.2692501258178,821.0,1364.4753,1215.4903,148.985,12190.0032,7.02,713.6411,0.87,22.5645,78.0,10.6,67.4,0,-0.6945605846184018,-0.5320821116940269
Jalisco,Cañadas de Obregón,0.0,-102.7074233417738,21.167573534974714,1850.0,0.6654520547945206,20.4386301369863,16.1421877043449,3.14644651830581,91.8880114860014,1.3870253164557,95.662651,36.294174,3000.0,48.4943181818182,9.90881458966565,6.83052921382686,79.7402005469462,91.816223977028,28.7867910983489,55.75675675675676,1.0,0.0,1.0,3620.3555,0.0,977.6915,0.0,131.4295,32.4,2.3,30.1,0,0.1571748015347913,-1.5219484484784696
Hidalgo,Almoloya,0.0,-98.31577096230536,19.73819322956913,2658.633333333333,3.4493150684931506,13.863150684931506,46.070855636808,3.52876480541455,57.8962210941906,1.90427636584995,93.215698,56.817409,15685.0,56.6039644012945,6.18736383442266,8.51379648816665,78.606727243743,76.7343485617597,13.1697687535251,60.0,185.3191,182.0791,3.24,15708.4269,3.06,58.2417,0.0,293.576,50.2,3.8,46.4,0,-0.6551479701777034,-0.9376021981999724
Hidalgo,Tezontepec de Aldama,0.0,-99.2886820053934,20.173952624504537,1993.0,0.9391780821917808,18.610958904109587,337.532323678841,3.71471978392978,53.3625928426739,1.81301911667765,93.11301,45.119287,45250.0,65.2756122168211,3.40754986808689,9.1536714236334,67.3812892226212,74.1323430114787,9.58136394328157,2386.0,3770.1043,105.639,3664.4653,7329.6792,1.785,1859.2693,0.101,49.8275,55.1,5.3,49.8,0,-1.3775968598267163,-0.7611805806482232
Durango,Topia,0.0,-106.55342857463376,25.250882042941782,670.0,1.3262465753424657,25.50342465753425,5.72606245677168,3.99522362136344,50.3690838037343,1.91249220536271,79.604961,19.238901,500.0,51.1273792093704,8.26935380678183,7.1108239095315,57.0386266094421,78.419452887538,4.77637863656101,69.56666666666666,5.25,0.25,5.0,1844.9831,0.0,451.15,0.0,0.0,75.3,17.2,58.1,0,0.5858676246450659,-0.2152923885716564
México,Tepotzotlán,0.0,-99.30703389539288,19.718547507109133,2332.5,2.895342465753425,16.234383561643835,500.654369760052,3.82443030482391,69.591595146493,1.78109598483543,97.531267,54.277929,29397.0,62.4392671770199,3.26664463482218,9.84751917637165,66.2523144576454,81.2703462562888,39.2830719147677,140.0,213.8687,149.4655,64.4032,3538.5299,13.246,126.8615,2.405,143.2882,46.3,6.1,40.3,0,-1.207092188688644,-0.952987109017522
Tlaxcala,Atlangatepec,0.0,-98.18653710392582,19.54679715431656,2489.0,1.87227397260274,13.943150684931506,65.5239714671457,3.68575932737782,68.1029952706253,1.89209603452927,89.482961,53.25,8860.0,57.8233785269329,5.70244672454617,8.40680648990898,84.2387470015521,83.9201261166579,23.646873357856,15.0,25.82,17.19,8.63,5705.3603,0.5461,157.0437,0.609,172.9973,58.2,6.0,52.2,0,-0.6655394739137116,-1.047046228116829
Chihuahua,Morelos,0.0,-107.75507595746328,26.55078074335823,1891.0,9.877260273972604,16.23041095890411,3.32843398743606,3.8344120819849,15.8576051779935,2.01331067686208,82.944915,8.3798883,1300.0,45.6329735034347,22.1815046346195,5.45466321243523,69.887145609689,57.0658036677454,1.24056094929881,10.0,13.0,0.0,13.0,2575.3759,0.0,572.15,0.0,8.6054,77.3,35.7,41.6,0,3.586781365033965,1.5610855327063538
Chihuahua,Guadalupe y Calvo,0.0,-106.90907713372248,26.12386615927027,2279.0,1.816986301369863,14.636575342465754,5.25145938661326,4.11412642453062,23.1450356645077,2.20049114190493,81.49305,20.77642,9000.0,62.8035164089663,21.2157442658025,5.86381838246886,85.7504850140555,68.5496433549233,2.38583258178241,136.0,174.26,172.26,2.0,16069.305,0.0,903.895,0.5,15.894,75.8,25.6,50.3,0,2.052365173960871,0.5968787061036313
México,Hueypoxtla,0.0,-99.06537454265845,19.95095670888847,2380.0,0.958904109589041,16.563013698630137,199.372006960099,4.04119785355721,41.2411286134672,1.98204279164544,94.727004,46.692308,15000.0,58.125321145577,5.38594385738957,8.5145867574548,56.5284342451398,84.9662454561191,32.4562921931799,179.0,368.9114,306.3874,62.524,12679.7628,1.428,74.1168,0.25,18.9275,67.5,9.4,58.1,0,-0.5449644137992203,-0.883134659023934
Tlaxcala,Nanacamilpa de Mariano Arista,0.0,-98.54323326133752,19.508028573665605,2720.0,1.9072054794520548,11.268219178082193,172.650994922854,3.89791231732777,73.9457202505219,1.83709248497981,99.078341,37.189528,10220.0,58.0342465753425,4.95472281528381,8.74309290503205,81.189125548539,91.3361169102296,19.7703549060543,159.0,417.8853,412.1353,5.75,7274.2236,1.8875,109.9309,0.1145,25.2356,67.9,5.5,62.4,0,-0.7968393526516155,-1.3196757419240257
México,Tecámac,0.0,-98.9783193315067,19.711713307979203,2302.5,2.579698630136986,17.84068493150685,3490.26869419458,3.33032071036188,93.672882739132,1.65786065864613,99.575645,43.64278,210000.0,62.3791600279275,1.58799932742428,10.9860039402397,67.0995410070812,35.256824078247,13.19809011072,241.0,503.7839,96.4389,407.345,3459.1108,13.5965,304.1258,0.15,64.4781,40.2,4.2,36.1,0,-1.514531223952,0.464015814764702
Zacatecas,General Francisco R. Murguía,0.0,-102.76110617083418,24.12840658846217,1778.0,3.49654794520548,19.8272602739726,4.17529050935322,3.7321858226911,71.9970386822136,1.77063010809386,88.75803,28.808664,7500.0,46.0790503851496,4.53957666916219,7.92422895438692,84.1364964588183,91.874884323524,18.8784008883953,18.0,101.4,77.3,24.1,69664.565,0.0,528.3776,0.0,61.326,58.6,3.9,54.7,0,-0.3132368059663556,-1.430470904430882
Oaxaca,San Cristóbal Suchixtlahuaca,0.0,-97.38421268453745,17.725020637044828,2348.0,0.7802739726027398,15.741917808219178,6.70545023994454,3.15044247787611,42.4778761061947,1.96685082872928,95.0,0.0,13060.0,58.5714285714286,1.55038759689922,8.21705426356589,92.4157303370787,72.5663716814159,7.9646017699115,141.98648648648648,0.5,0.5,0.0,168.0559,0.0,1195.47,0.0,0.0,64.1,6.3,57.7,0,-1.213314018342636,-0.6507841425704604
Zacatecas,Sombrerete,0.0,-103.64681966851994,23.574514593172736,2252.5,7.858767123287671,16.565342465753425,17.5242335991029,3.6980561052264,71.190781049936,1.69411984419188,91.989327,32.334689,45000.0,56.1878600274697,3.48868058012027,8.68986669028743,75.5140186915888,90.9905715283436,16.5638458852287,14.0,102.2001,89.1501,13.05,141422.3246,0.5001,1232.8276,0.0,146.216,38.1,2.8,35.3,0,-1.0263919499745886,-1.465908041936314
Sonora,Soyopa,0.0,-109.63015640769652,28.812168954189435,329.0,2.8632876712328765,22.222602739726028,0.796850209462191,2.86192468619247,77.8242677824268,1.49344978165939,93.304536,10.0,840.0,51.5232974910394,5.15267175572519,7.40171755725191,55.2631578947368,35.1464435146443,3.55648535564854,4.0,9.5,1.0,8.5,737.9353,0.0,174.4582,0.0,83.3511,18.5,3.4,15.1,0,-0.5435578515666307,0.4211976042229465
Sonora,Tepache,0.0,-109.52795572404465,29.48583667544573,600.0,1.4881643835616436,25.43013698630137,1.51286111658505,2.96221662468514,92.6952141057935,1.23012552301255,98.514851,11.873351,1000.0,38.1746810598626,1.25,8.19479166666667,85.9932088285229,80.1007556675063,6.29722921914358,7.0,15.62,8.68,6.94,521.4769,0.0,28.37,0.0,39.45,31.5,1.8,29.8,0,-0.4284433456690207,-1.1610675623649305
Hidalgo,Tepetitlán,0.0,-99.4010703812033,20.188779496637235,2035.0,0.6498630136986301,19.2172602739726,73.2499718253757,3.32513829133374,47.1419791026429,1.63025463311737,91.382062,50.234375,4500.0,58.5673678226265,2.76095906999273,8.77166404072234,74.66297322253,78.9182544560541,16.5949600491703,319.0,623.0274,46.67,576.3574,2443.0038,0.69,314.407,0.02,72.6795,42.0,4.0,38.0,0,-1.1793458981651608,-0.9952742274439236
Oaxaca,Santa María Ixcatlán,0.0,-97.16051185707296,17.84989933783138,1896.0,1.5175342465753423,21.35753424657534,2.60023939551281,2.82822085889571,3.68098159509202,1.93697478991597,100.0,77.777778,66.0,63.5,10.1827676240209,6.01044386422976,22.1258134490239,57.0552147239264,11.6564417177914,141.98648648648648,1.5,1.5,0.0,158.46,0.0,67.6184,0.0,0.3,95.9,62.8,33.1,0,2.55014071568971,3.1267780214862424
México,Acolman,0.0,-98.90929477587468,19.636713529599813,2255.0,2.149315068493151,16.281369863013698,1973.57194295559,3.64819149405997,69.1140749900632,1.86862824950791,99.294322,46.720536,50000.0,61.5701070043058,2.4014178786588,9.81644445460852,62.7589544450081,73.2765092964713,24.5462173740229,136.0,158.3805,122.469,35.9115,1940.6016,5.2349,159.7021,0.1518,35.7261,54.7,9.9,44.8,0,-1.0744837699762706,-0.4669181986146235
Durango,Hidalgo,0.0,-104.82184752185972,26.04506968092761,1760.6666666666667,1.3296712328767122,13.712602739726028,0.819472829428811,3.2402376910017,68.5059422750424,1.42054335690361,92.286996,18.75,200.0,35.5591572123177,3.82741823242867,8.41602787456446,85.4020296643247,87.8607809847199,7.64006791171477,4.0,38.9,27.0,11.9,13016.2932,0.0,164.4318,0.0,8.78,40.0,2.3,37.7,0,0.0585281492749917,-1.389034881084359
Zacatecas,Genaro Codina,0.0,-102.5842863190806,22.45742176972199,2176.0,1.023945205479452,17.596712328767122,10.2770255928038,3.97663096397274,57.2541382667965,1.97485493230174,78.905073,59.455371,4000.0,47.5507174666007,6.00287562904385,7.96471647164717,79.9216454456415,86.4654333008763,6.0856864654333,15.0,244.7,21.02,223.68,9439.34,0.0,104.9369,0.0,134.1854,68.8,9.1,59.7,0,0.0649261624825531,-0.9518302407057656
Tlaxcala,Atltzayanca,0.0,-97.79548844018112,19.41227923910932,2611.0,1.911753424657534,15.22945205479452,95.4109556986053,3.98654609616233,45.6550507278341,2.16904790491055,91.301152,63.39023,10000.0,66.4587813620072,5.53231055323106,8.08175465838509,73.8501463199161,78.429642699603,29.7970886634318,201.0,781.9105,659.4205,122.49,12823.2727,11.6835,698.5623,4.6325,100.4482,73.5,15.1,58.4,0,-0.6625414323160679,-0.3383688812728308
Tlaxcala,Zacatelco,0.0,-98.25734775344225,19.196450904879047,2215.0,1.718082191780822,17.002054794520546,1549.85865178578,4.0230979458697,68.7825090364101,1.83715679554893,98.492561,62.591987,35000.0,62.9705265481841,2.35124477664646,10.1945214365749,74.0227923967014,85.7445120338535,21.6344882306268,557.0,499.7049,463.2243,36.4806,1437.9404,0.0,220.2258,0.0,1.3121,57.7,6.6,51.1,0,-1.324342587000937,-1.0704048577172502
Zacatecas,Jiménez del Teul,0.0,-103.96480702229042,23.147844990221955,1924.0,0.7641095890410958,17.802739726027397,3.81268727742935,4.1178107606679,52.5046382189239,1.79643868878996,81.698113,39.695712,900.0,39.2900485436893,8.15789473684211,7.94338380513496,85.0615901455767,80.2411873840445,10.2040816326531,114.0,158.7382,0.0,158.7382,3385.4719,0.0,3.649,0.0,12.6875,64.7,12.7,52.0,0,0.951451928898832,-0.5357836642555058
México,Polotitlán,0.0,-99.81299214804612,20.212126293059868,2270.0,2.5734794520547943,18.005068493150684,118.281267943161,3.72854291417166,74.001996007984,1.8257788637752,90.729567,44.763563,12500.0,59.5156889495225,4.48659492978297,8.70992784729199,70.0033366700033,91.5668662674651,11.5269461077844,72.0,203.9475,79.4754,124.4721,3791.1244,0.1673,110.35,6.2034,219.7634,47.1,4.1,43.0,0,-1.0052368238444274,-1.4109915098890136
México,Jilotepec,0.0,-99.62817189030318,20.01695382131341,2487.0,5.50986301369863,16.028116438356165,154.247405221932,3.80279171210469,54.3424209378408,1.89325196012423,86.803797,54.387283,45000.0,62.2119484845439,4.296875,9.05202006865593,71.1683452909172,86.0937840785169,28.0436205016358,1044.0,2271.9174,690.7033,1581.2141,16443.2864,33.2279,391.1505,11.6061,1232.3259,49.8,7.3,42.5,0,-1.0029715999114317,-1.0593056075387606
Durango,San Pedro del Gallo,0.0,-104.41439889902595,25.64086609178558,1800.0,3.6786849315068495,17.584075342465752,0.908762945635,3.31288343558282,64.0081799591002,1.50697674418605,94.403893,16.216216,1000.0,47.6043276661515,3.99022801302932,7.37891268533773,75.8113900796081,86.9120654396728,10.6339468302658,8.0,25.0,25.0,0.0,3727.139,0.0,693.2331,0.0,17.6232,50.2,1.9,48.3,0,-0.5652591101897422,-1.3808100771582168
Veracruz de Ignacio de la Llave,Tenochtitlán,0.0,-96.94194292916724,19.82510142950556,892.0,5.74054794520548,21.055068493150685,58.0614468858972,3.88434849653046,80.4934464148034,2.16595012897678,96.471532,62.848297,1000.0,48.2571649883811,10.8524957936063,6.55988779803647,88.0357142857143,35.2351580570547,10.254433307633,324.0,341.5744,341.5744,0.0,381.9583,0.0,955.3696,0.0,5.0042,81.2,23.0,58.2,0,1.3614077836019256,1.5514281631365645
Jalisco,Mixtlán,0.0,-104.53351978525843,20.5220333589481,1640.0,2.7673972602739725,16.245068493150683,5.7657671384769,3.37686567164179,90.3917910447761,1.61438784629133,94.502075,72.40991,1700.0,51.3504273504274,5.78119282839371,7.65690223361406,74.1891148982958,92.1641791044776,20.8955223880597,55.75675675675676,300.7456456521739,61.97996521739131,238.76568043478264,3550.1534,0.0,325.3519,0.0,8.15,24.5,2.6,21.9,0,-0.4966551744821421,-1.5143803085334866
Hidalgo,Cuautepec de Hinojosa,0.0,-98.26754113809126,19.970154027886736,2638.0,5.774520547945205,14.14474885844749,154.373997188072,3.75628735059761,65.5316235059761,1.91842900302115,90.020436,54.245793,65000.0,61.0065691883874,8.39298825256975,8.01515777869643,59.0142500124129,85.9873007968127,15.0460657370518,558.0,1555.1088,1511.6558,43.453,18220.407,31.67,432.4468,4.2612,410.4516,67.3,9.0,58.3,0,-0.3349427495070413,-0.9457368021851936
Querétaro,San Joaquín,0.0,-99.49131076794998,20.99908154625635,2417.0,2.191287671232877,14.087671232876712,30.1965637012698,3.68183826778612,49.0499337163058,1.84581302614089,93.17688,79.867361,5500.0,47.6023017902813,14.8440238345601,7.40288022479803,97.045101088647,91.4714980114892,7.86566504639859,71.0,76.77,66.27,10.5,608.0672,0.0,154.386,0.0,23.463,43.1,7.0,36.1,0,1.0704625067063418,-1.2375029373428508
Sonora,Opodepe,0.0,-110.87446396764015,30.034868473422293,686.5,1.915232876712329,21.608082191780824,1.09609223575859,2.94902912621359,75.7281553398058,1.42529411764706,96.244131,16.595745,3200.0,51.4186162269786,3.30490405117271,7.81260010678057,70.8777686628384,45.2669902912621,4.85436893203883,13.0,79.9,0.0,79.9,648.669,0.0,191.9,0.0,1394.495,35.8,6.4,29.3,0,-0.6161267288777792,0.2400107695651314
Chihuahua,Maguarichi,0.0,-107.95880934453444,27.81920532067118,2160.0,1.4500821917808218,13.356438356164384,1.29368465265487,2.87111111111111,39.7777777777778,1.96352583586626,89.14405,11.888112,500.0,36.4729458917836,16.7213114754098,6.40700218818381,94.9308755760369,46.6666666666667,0.222222222222222,42.44444444444444,1.0,1.0,0.0,334.0,0.0,4.0,0.0,0.0,75.9,26.8,49.1,0,2.909946238782584,1.3919595224455388
Hidalgo,Chapantongo,0.0,-99.51944716406716,20.24407567724914,2122.0,1.2603561643835617,19.186301369863013,46.5884787108847,3.33573821180108,42.6694150992012,1.69339437540876,78.167787,54.630294,2790.0,55.4770659957422,6.15209046581596,7.78797632644585,69.3452610472739,80.6493171862922,12.084514300438,109.0,226.0233,172.2233,53.8,4225.2473,1.0,103.0316,0.0,138.8616,49.3,8.4,40.9,0,-0.3628769882670046,-0.7994910073459682
Zacatecas,Villa de Cos,0.0,-102.11732118980566,23.529085688077743,2006.2857142857144,4.993041095890411,17.8506457925636,5.19129452407499,3.77088331515812,53.0643402399128,1.93192750866987,89.74305,53.582905,36000.0,54.9269446457864,5.06015130844599,7.72166100852861,80.7151315599457,86.6412213740458,7.75354416575791,122.0,1242.38,159.79,1082.59,81875.1357,77.0,2504.0522,7.5,265.1,69.4,7.0,62.4,0,-0.544907368050288,-1.080836548812288
Morelos,Xoxocotla,0.0,-99.2525326846133,18.67786871470778,1049.0,2.969041095890411,23.33739726027397,450.884606474048,4.38392007611798,16.8569616238503,2.11709296982693,98.2,58.9,10000.0,65.0552360083995,8.79093819256341,8.45351249876494,66.0240963855422,56.6127497621313,68.1731684110371,27.0,16.0137,5.247,10.7667,1197.6814,0.0,582.3238,0.0,13.376,79.5,33.0,46.5,0,0.7494593334737406,1.4200934192163015
Hidalgo,San Agustín Metzquititlán,0.0,-98.6176846193084,20.52077348763359,1348.0,0.5920547945205479,17.256849315068493,38.4538098036185,3.32909155178508,60.6574761399788,1.77229958599925,94.885745,62.733383,5000.0,52.5339134886102,4.84334382268436,8.2993290428591,67.4568737432533,78.6143513609049,10.0388829975256,213.0,295.4775,45.2675,250.21,1063.927,15.665,315.2185,0.1224,55.2391,53.0,8.3,44.8,0,-0.3810335236554688,-0.7365904592657381
México,Chimalhuacán,0.0,-98.9560979818836,19.41832696068898,2260.0,1.4975068493150685,16.915616438356167,12863.4198923365,3.89982756613199,59.1631135679395,2.12167720325301,98.532893,34.337042,650000.0,62.3069454357064,4.03859802369384,9.12809797060335,56.1867460397366,79.1038983360963,66.5611364001796,21.0,5.007,4.907,0.1,23.193,0.745,4.0686,0.035,1.726,68.9,13.1,55.8,0,-0.7399516168051761,-0.4748152177997749
Hidalgo,Tepeji del Río de Ocampo,0.0,-99.34871044424688,19.893679653667345,2207.4,3.948794520547945,16.25497716894977,256.195494812206,3.66847870182556,70.6896551724138,1.77857789320427,94.542714,71.703825,48000.0,62.1826002497572,3.61281121872957,9.24450757857472,73.928169107415,80.9371196754564,13.606490872211,400.0,708.4688,419.5065,288.9623,7008.8179,1.7656,220.9405,4.7424,189.1434,32.3,3.4,28.8,0,-1.289987766221599,-1.0985445840012071
Hidalgo,Chilcuautla,0.0,-99.2615220822196,20.327823769444585,1854.0,0.7204109589041096,17.660273972602738,84.8606362401227,3.66349329706625,41.3833300952011,1.72364932809215,89.21358,67.975262,16000.0,65.6704416002144,6.0196824940737,8.73524124541598,66.4815696229309,83.3106664076161,17.8939187876433,631.0,810.5381,52.0369,758.5012,3975.3249,64.61,1713.8406,1.82,39.9029,48.9,6.2,42.6,0,-1.021368866344586,-1.0133686381785032
Zacatecas,Chalchihuites,0.0,-103.94305437482464,23.44235228126098,2313.0,1.5361095890410958,17.30082191780822,11.1955317679085,3.76580621025065,60.4938271604938,1.77370461755375,94.115724,59.60972,9000.0,42.5897435897436,5.20120448946072,8.25890899122807,56.2760261748959,90.2356902356902,11.4478114478114,8.0,18.98,6.03,12.95,15926.3029,0.128,260.7282,0.0,37.554,54.8,7.5,47.3,0,0.137573320605044,-1.1678535616660206
San Luis Potosí,Villa de Ramos,0.0,-101.87688356711196,22.914712461666845,2111.8,0.7493150684931507,16.09246575342466,15.4035197950628,3.84424175603889,33.6072967826,1.95641300464452,86.660957,51.477335,50000.0,45.407521319726,7.28094016766834,6.64199754714089,85.7120529318294,70.0811867294778,9.69229227222612,140.0,658.02,56.96,601.06,60218.2277,0.3,5565.134,0.0,93.2641,83.9,14.0,69.9,0,0.5912954283181993,-0.125000318639301
Tlaxcala,Hueyotlipan,0.0,-98.33012888953802,19.4795888395196,2590.0,1.829945205479452,13.57945205479452,86.3128103309761,3.9325551232166,59.0142671854734,1.93958440225757,96.528926,50.632184,10000.0,55.9403844525362,4.41444728201386,8.58944388640307,82.053982883476,86.2775616083009,36.2905317769131,51.0,286.524,275.834,10.69,12773.1775,3.7845,93.3648,1.0005,34.0896,76.6,8.7,67.9,0,-0.5908605763673803,-0.967260823323498
Hidalgo,Agua Blanca de Iturbide,0.0,-98.37292920196973,20.36481289292345,2157.0,0.3792054794520548,12.084383561643834,85.9280147530734,3.61543859649123,49.4035087719298,1.92131269811673,94.76,68.896714,2506.0,57.8199052132701,11.4676414838884,7.626608860588,66.8379714922913,73.4736842105263,12.0,237.0,272.6395,271.3827,1.2568,1994.5453,12.794,171.1245,1.365,149.6874,60.0,8.3,51.7,0,0.1822351922076464,-0.5675105149808168
Sonora,Aconchi,0.0,-110.2466267965474,29.783726814931555,616.0,1.6186575342465752,20.86068493150685,6.9615402328377,3.24430379746835,96.8354430379747,1.53197848176928,97.861635,11.354839,210.0,48.9331436699858,2.27963525835866,8.77755205688167,79.0479906359735,93.9240506329114,2.65822784810127,87.0,376.0,13.0,363.0,641.2705,0.0,314.7492,0.0,18.05,11.0,1.1,9.9,0,-0.891640136168327,-1.659508518037804
Durango,Súchil,0.0,-104.20500407527037,23.415890345513443,2145.5,2.9555342465753425,13.597602739726028,4.71087838667092,3.72081764389457,61.9150080688542,1.75679796696315,91.466346,21.411578,3000.0,46.888045540797,5.25559433381236,8.29081947011707,67.1678473326587,85.045723507262,7.79989241527703,12.0,55.74,25.94,29.8,8866.1371,1.3,912.6804,4.06,17.8712,61.5,13.1,48.4,0,0.212110134163384,-0.6720527206949936
Puebla,Libres,0.0,-97.64842292760238,19.453679588459003,2897.0,0.6636986301369863,16.436986301369863,135.904416064012,4.13979933110368,55.5964325529543,2.12628865979381,96.098119,59.982371,16046.0,62.3193564462163,5.65391649480525,8.65414618925033,71.7341707598572,79.3756967670011,20.0445930880713,446.0,955.5363,677.9363,277.6,11367.8394,1.5648,2772.5412,64.3577,138.6165,69.0,9.5,59.5,0,-0.7230677935423053,-0.6937268591852268
Sonora,Naco,0.0,-109.8842635706618,31.178326079926883,1411.0,1.6207671232876713,16.786301369863015,4.66249397501581,3.39307048984468,96.4755077658303,1.60124083474337,98.610272,11.168831,7000.0,53.0819598103409,1.60216909046093,9.36801779535343,58.2784897817804,15.2927120669056,1.6726403823178,111.69444444444444,4493.618410526315,44.59815789473684,4449.020252631578,856.0,0.0,306.2521,0.0,20.5,47.8,7.6,40.2,0,-0.8551898928419447,1.3229464678445677
Zacatecas,Susticacán,0.0,-103.1917376719732,22.62969103648848,2030.0,1.146904109589041,17.636986301369863,6.83877318113419,3.37871287128713,62.6237623762376,1.7843137254902,96.756757,94.285714,800.0,41.3636363636364,6.75675675675676,7.58590733590734,75.6043956043956,92.8217821782178,2.97029702970297,58.391304347826086,11.0,11.0,0.0,227.4556,0.0,5.3,0.0,9.655,56.5,5.6,50.9,0,0.2991274236507174,-1.3629334563119475
Coahuila de Zaragoza,General Cepeda,0.0,-101.52428516331337,25.5438567339888,1543.3333333333333,1.3624657534246576,20.409931506849315,4.50534798110106,3.48939929328622,56.3898704358068,1.77063944761333,93.835417,33.692946,2352.0,53.3623978201635,4.7010550996483,8.40826660386246,79.8453521600269,74.7349823321555,2.65017667844523,104.0,423.03,245.54,177.49,8417.2268,0.25,2121.965,1.45,464.9506,37.1,3.1,34.0,0,-0.7113819263140705,-0.9142132406780388
Sonora,Yécora,0.0,-108.925445030394,28.41557029460193,1544.0,2.938082191780822,16.283561643835615,1.79670200078151,3.14464168310322,51.8737672583826,1.57185234014502,98.067916,11.826698,3000.0,43.7466878643349,8.90352132837103,7.09443168771527,69.184226997705,47.6002629848784,4.66798159105851,3.0,10.5,10.5,0.0,1400.1138,0.0,138.4,4.5,1081.7161,74.8,27.8,47.1,0,1.5974387355431705,1.4031651223545627
Nuevo León,China,0.0,-98.98110379621014,25.49157570686392,145.0,1.2495616438356163,24.17780821917809,2.32786659206831,3.03949785670545,86.1604409063074,1.48674554440617,99.070465,10.300429,10000.0,55.558340644191,4.36407313492593,7.91163040558689,84.8439073514602,18.0342927127985,3.94978567054501,51.0,1838.58,1395.41,443.17,3944.26,0.0,54384.56,0.0,1818.0535,17.2,1.0,16.2,0,-0.9764781610189498,0.8249301758445143
Zacatecas,Apulco,0.0,-102.6764480784712,21.45636287510376,1865.0,1.1389589041095889,17.80821917808219,24.4066782206821,3.67835820895522,79.0298507462687,1.76920315865039,89.593909,34.881423,4500.0,46.6024612092028,6.35838150289017,7.29245010124385,83.7515176042088,83.8805970149254,15.1492537313433,8.0,13.75,7.0,6.75,1853.1164,0.0,41.0,0.0,30.5744,51.7,4.4,47.3,0,-0.0846279440687465,-1.136093571558792
México,San Felipe del Progreso,0.0,-99.9701501394776,19.649110376186428,2756.333333333333,6.4417260273972605,14.18579908675799,393.087785841058,4.41609960025632,21.7326294589729,2.19640255009107,88.166054,67.827488,40000.0,72.6234464225731,10.1355230245623,7.53666194668473,68.6214843642185,70.2511366757194,29.812944371548,6622.0,7754.8705,6410.8764,1343.9941,18399.0027,14.68,29.9584,3.465,1201.3519,75.4,27.0,48.4,0,0.2165683019205617,0.6042312360744644
Oaxaca,San Andrés Lagunas,0.0,-97.52814165871511,17.589780538420968,2310.0,0.2653424657534246,17.46780821917808,10.3556441592466,2.86187845303867,25.414364640884,1.53254437869822,99.401198,100.0,13060.0,66.4319248826291,4.06091370558376,7.00761421319797,81.2741312741313,44.1988950276243,6.62983425414365,28.0,48.1365,48.1365,0.0,322.744,0.3792,40.4481,0.0,0.52,85.1,24.2,60.9,0,-0.3754699717031324,1.323603573871298
México,Atlautla,0.0,-98.7055286098278,19.01618054211508,2350.0,2.2286301369863013,15.613287671232875,190.215279772476,4.2507012154401,38.0259115800721,2.14098073555166,98.667962,52.008554,52000.0,61.5384615384615,4.63290483996204,8.86740886269373,65.1786833855799,78.8299719513824,33.4312808868706,204.0,321.9374,317.6874,4.25,2341.1675,3.306,284.0832,1.7501,5.4751,75.6,17.1,58.5,0,-0.4177864603203488,-0.2347580623241762
Puebla,Calpan,0.0,-98.46632121302042,19.10348717194936,2317.0,1.60613698630137,15.614383561643836,228.248454119898,4.23838664812239,40.7232267037552,2.16097007516664,98.265896,72.301136,7000.0,62.4585268745853,10.0125156445557,7.48325872873769,65.6276602711021,81.0013908205841,41.5855354659249,386.0,494.8635,493.1135,1.75,2782.3153,0.052,595.1248,3.6706,1.8965,82.4,19.2,63.3,0,0.323091703393565,-0.1854108887804124
Tlaxcala,Cuapiaxtla,0.0,-97.7788363854781,19.33905270100292,2468.0,0.744931506849315,16.123287671232877,196.332510186269,4.18963730569948,42.7720207253886,2.14039735099338,96.894579,47.239977,14000.0,58.3219918341206,5.37812200852841,8.25848859481107,79.0593021822217,74.3782383419689,17.9015544041451,102.0,455.1626,294.5826,160.58,7266.072,0.0,153.2134,0.265,13.5354,75.3,13.5,61.8,0,-0.3436629737438406,-0.295200571313643
Durango,Santiago Papasquiaro,0.0,-105.67207948474224,25.02245014764671,1971.6666666666667,9.22495890410959,19.261438356164383,7.68514931353347,3.5610278372591,80.7428191685742,1.63710444112454,92.864384,35.196965,40000.0,57.9186837023517,3.89192574877577,8.7204837835525,72.1746905928018,87.1077309311083,6.35014398582293,74.0,268.17,57.76,210.41,31940.4576,0.501,644.9907,1.5,282.0955,42.9,2.3,40.5,0,-1.0909671281673974,-1.3680081169412803
Nuevo León,Doctor Coss,0.0,-99.0420185464786,25.97124019750872,103.0,1.0605479452054791,23.596575342465755,1.88694028193092,2.75609756097561,95.1219512195122,1.28530805687204,98.134328,9.4763092,1550.0,39.6276595744681,3.68620037807183,7.31568998109641,81.4705882352941,10.7723577235772,5.69105691056911,25.0,2696.0,2666.0,30.0,3889.5056,0.0,1143.4958,0.0,1163.8479,13.9,1.0,12.9,0,-0.2373264799469738,1.0751371573631658
Durango,San Luis del Cordero,0.0,-104.33450409651029,25.39126868794344,1500.0,1.2255068493150685,20.536438356164386,3.47739363006764,3.56536502546689,87.0967741935484,1.46648044692737,94.802867,11.764706,1000.0,47.5511469311841,4.77453580901857,7.63039150630391,82.5962910128388,76.9100169779287,9.33786078098472,26.0,173.812,173.812,0.0,3186.0622,0.0,290.45,0.02,17.908,53.5,3.3,50.3,0,-0.3908609415655812,-0.9683302420007854
Chiapas,Amatenango del Valle,0.0,-92.40064464874663,16.516245431886226,1820.0,2.9236438356164385,17.89753424657534,74.2,4.41,15.3,2.6,88.0,20.1,3500.0,54.9,22.6,5.15,73.4,33.6,5.3,273.0,410.32,60.295,350.025,2604.9622,4.75,1.0848,0.0,21.52,94.3,42.9,51.4,0,3.532985537470241,2.75477404055508
México,Juchitepec,0.0,-98.90256001732394,19.099079727949324,2543.0,0.9848493150684932,18.493972602739728,204.658539785441,3.93718191071688,73.2150647084485,2.05706686930091,99.082864,47.588049,17000.0,62.5635422110314,4.82628437324626,9.00383161336467,69.9402566750258,78.4353642576705,54.2533081285444,171.0,385.1575,385.1575,0.0,9318.7367,0.237,194.9137,0.187,12.4134,70.5,7.8,62.7,0,-0.928375636802728,-0.7589171431359923
Zacatecas,Trancoso,0.0,-102.32170476053524,22.756813051027983,2200.0,0.91186301369863,19.16794520547945,92.638074002162,4.38046272493573,54.0916880891174,1.96283100625903,93.139246,35.668633,12000.0,55.1157085073934,5.2037345299269,8.60839008839299,85.7932045954534,83.1191088260497,42.4592973436161,41.0,244.67,160.81,83.86,7335.6674,73.5,620.3069,0.0,14.05,63.9,6.4,57.6,0,-0.5676329292038047,-0.9950931990204506
San Luis Potosí,Moctezuma,0.0,-101.14413636721407,22.70742379356821,1853.6666666666667,0.7575616438356164,14.242465753424655,14.7391834772177,3.67510141008306,41.2014680316786,1.89228167893376,87.415908,34.563938,5500.0,48.9178082191781,10.4451038575668,7.07326497250706,78.3935700777474,64.7672397141202,11.9374154915975,318.0,1328.115,380.285,947.83,8994.3415,67.57,1245.6411,0.0,59.5268,64.1,7.6,56.5,0,0.4776655155345272,-0.3179732569345437
México,Temascalcingo,0.0,-100.04916604988668,19.931136471291342,2413.5,1.425917808219178,15.514383561643836,186.431071324379,3.83608169877915,40.9246079962969,1.92035808442217,86.694975,58.340198,17000.0,65.1858479372921,8.70389085396665,8.03570599531517,61.7279489264312,86.269744835966,22.7796100214083,2989.0,3072.1606,2216.5504,855.6102,12684.6517,10.3131,362.4458,0.2981,168.7109,67.9,20.8,47.1,0,0.0994648230896183,-0.270080013418272
Zacatecas,Cuauhtémoc,0.0,-102.35346805740063,22.460510487885767,2053.0,0.7479452054794521,18.522328767123287,41.5124663507427,4.17265964042157,69.0328580285183,1.99673542068556,94.451872,46.713287,11300.0,48.6244019138756,3.90143737166324,8.39411319121307,80.6995395811674,76.5964042157471,15.6540607563546,18.0,99.67,25.74,73.93,5882.9434,3.0,1296.6142,5.0,37.2168,61.7,7.9,53.8,0,-0.3183559829899886,-0.6925272695046493
Tlaxcala,Tocatlán,0.0,-98.01817019270057,19.39058780952972,2557.0,1.147123287671233,15.495890410958904,441.616982165924,4.29918032786885,74.0437158469945,1.9807206068268,98.734177,47.963801,2500.0,55.7360197368421,2.59969156201807,9.15945229681979,75.6593581188433,84.3579234972678,39.6857923497268,39.0,119.41,119.41,0.0,985.7484,0.0,1.0,0.21,2.2498,71.7,8.4,63.3,0,-0.8251116992283898,-0.920482161222496
Durango,Ocampo,0.0,-105.38075088991306,26.45727640229983,1744.0,3.610958904109589,18.24041095890411,2.19622488717797,3.02670736360168,75.8870660053415,1.36142097134031,93.40052,21.040825,4000.0,48.4114743985194,4.49530709698666,8.62842070557204,85.4054729476446,89.0881342998855,11.8657001144601,32.0,200.49,116.45,84.04,25890.864,0.0,452.1999,0.0,4722.0531,46.3,3.7,42.6,0,-0.4499538075550952,-1.416831023865754
Hidalgo,Singuilucan,0.0,-98.491229840107,19.997549141707864,2650.0,1.0643835616438355,14.543287671232877,36.0345848213766,3.69736199316072,51.9540791402052,1.86393301317572,91.36064,51.95122,2696.0,54.3443653121072,7.37987307343608,8.00735561205957,52.6020340774006,87.5671714704445,29.066927210552,116.0,487.595,472.575,15.02,17787.8157,2.74,485.8645,0.2,199.127,48.9,5.3,43.6,0,-0.3097579355691106,-1.2087730104671528
Hidalgo,Omitlán de Juárez,0.0,-98.63820430215188,20.183875083729752,2413.0,0.0890410958904109,17.450410958904108,116.574154496236,3.70909816440543,52.1149241819633,1.80240449873958,83.563363,57.877462,8000.0,58.350291683625,5.48869973583798,8.44313840728769,62.28079612695,86.7916999201915,17.7174780526736,343.0,412.2945,411.9945,0.3,1578.8685,0.761,43.0153,1.2402,156.5322,44.7,6.2,38.6,0,-0.7094613085386927,-1.1304660732167096
México,Temamatla,0.0,-98.872157072853,19.19245535169812,2285.0,1.2451232876712328,16.288767123287673,483.274604034066,3.78807413376309,62.2347569164652,1.89822054462119,98.955224,47.556506,9218.0,53.8931436907367,2.8492556442867,9.82395410938582,77.5088464260439,84.098845017459,28.1224818694601,23.0,39.3215,39.315,0.0065,699.7402,0.08,4.8115,0.025,9.702,46.6,6.0,40.6,0,-0.8225411421335159,-1.0506171339435395
Querétaro,Tequisquiapan,0.0,-99.94789087842524,20.54221270601183,1896.0,0.9384109589041096,18.973972602739725,195.339472240719,3.80904575715946,86.859346930149,1.84970222815484,97.145169,42.153667,66000.0,64.0322749294204,5.37873134328358,9.2840989795537,69.4450215370978,58.5807883335095,7.99429356440875,143.0,1536.091,146.411,1389.68,6310.9647,64.23,1419.1694,12.2,782.6805,48.2,5.0,43.2,0,-1.0797220801400824,-0.2734541593089105
México,Nextlalpan,0.0,-99.07885105570566,19.72640052047392,2250.0,1.2441369863013698,17.67287671232877,1043.50441245472,3.60046743730655,76.8492198850357,2.01388937974907,98.697068,47.358594,35677.0,63.785737011954,2.16988817299859,9.89573671287915,63.8099576048492,41.4124186722254,13.1956288295117,136.0,197.4251,104.0134,93.4117,1481.3116,0.0106,275.9457,0.1,14.0409,54.1,6.3,47.8,0,-1.405009646228713,0.3819409794618019
Durango,Canatlán,0.0,-104.97965370957482,24.52972734443452,2002.0,1.8553424657534248,15.282054794520548,9.00754107338908,3.55558102223241,66.6857666743067,1.57040862828498,91.817874,21.21136,16000.0,52.8980814377074,2.18465539661899,9.23494159030703,73.2625421250079,90.4079761631905,10.8755443502177,27.0,279.154,35.51,243.644,48816.7614,2.624,3810.5982,26.0,216.3327,43.2,2.0,41.2,0,-1.062281414825148,-1.493808598411294
Tlaxcala,Ixtacuixtla de Mariano Matamoros,0.0,-98.37815068923844,19.346700774895822,2308.0,3.6883835616438354,15.564977168949772,241.312992410725,3.82758960220559,68.5899960614415,1.79287592857472,97.986719,54.905869,50000.0,63.0881548901682,2.77119604409189,9.66057917182556,69.6227867590454,84.738085860575,14.5037416305632,101.0,164.3548,114.7468,49.608,7110.3927,1.1786,356.0402,1.32,47.4438,55.8,6.7,49.1,0,-1.272191732166486,-1.0319256745777068
Michoacán de Ocampo,Jiménez,0.0,-101.68573937897833,19.93430521085569,2000.0,2.076931506849315,17.46246575342466,66.5643581052078,3.28292311596042,81.7812737883786,1.57071749423334,95.385861,38.178694,12000.0,53.0943072375322,6.09080841638981,7.19568722289399,58.9757454039858,83.0499873128648,14.6917026135499,336.0,1281.0738,468.0978,812.976,7564.8679,0.0,538.6385,2.5,12.0,44.7,6.0,38.7,0,-0.3716282963831612,-1.0158747774318435
Hidalgo,Acatlán,0.0,-98.41879172693584,20.20495723821936,2112.0,0.3424657534246575,16.00958904109589,92.1673654999916,3.7963785445849,46.0368978476256,1.90257683417516,87.214784,49.976679,10000.0,67.0684610883558,11.677026512749,7.35263124484225,55.9726962457338,85.0017082336864,36.4024598565084,227.0,602.1508,365.7703,236.3805,9209.7214,65.195,1959.9037,0.36,497.2735,39.3,4.9,34.4,0,-0.4463426042404398,-1.1511155755156623
Baja California,San Quintín,0.0,-114.88517990631529,29.563109926073828,176.3,0.7104109589041097,21.57950684931507,3.56772074855142,3.58263762669049,38.7788423030714,2.00477841604996,99.1,41.9,53300.0,67.2768800709075,9.80553643426099,7.82893554146402,73.3694542732716,47.885154493084,23.8963679492314,162.0,3521.495,1899.96,1621.535,5660.6424,1786.71,3376.7175,2339.495,23525.3971,34.9,3.8,31.1,0,-0.7505913311102983,-0.3160797247095574
Tlaxcala,Tlaxco,0.0,-98.17246562276787,19.619848502935884,2604.0,2.6292054794520547,13.329657534246577,79.06443150011,3.83164214442753,63.8592930830374,2.03225372330881,94.989024,48.538306,45000.0,60.6764595538368,5.74823778928326,8.33278166375219,74.4839121440204,84.5763571790969,24.4630475224083,246.0,707.153,643.613,63.54,29709.2396,6.6202,387.5105,2.4136,1731.4582,67.5,8.2,59.3,0,-0.6934604038999013,-0.9642100982114132
Sonora,Bacoachi,0.0,-110.01241553174157,30.678493235557497,1049.0,1.221945205479452,17.297260273972604,1.19826058692643,2.86939571150097,97.6608187134503,1.16931637519873,97.1537,9.4262295,714.0,43.7956204379562,2.66552020636285,8.11101549053356,85.8305084745763,31.9688109161793,1.16959064327485,45.0,184.31,26.81,157.5,831.3036,0.0,269.358,0.0,138.38,41.3,1.5,39.7,0,-0.5561656404645526,0.4160216045998697
Baja California,Tecate,0.0,-116.2727144788895,32.42358105238725,725.8181818181819,5.011698630136986,18.07573385518591,37.9004779593563,3.30863200077562,91.7364185760915,1.59622116646871,99.079196,23.942031,100000.0,60.0168216226046,3.06257193046217,9.7939707948615,77.1827738841756,9.96671298839802,5.8979413760786,44.0,464.761,420.75,44.011,645.9092,0.465,347.6304,0.6,746.6055,21.1,1.2,19.9,0,-1.361385810636012,1.1194166273601782
México,Villa del Carbón,0.0,-99.45205754851308,19.744460616712573,2693.0,5.285342465753425,14.47945205479452,169.784835812902,3.98285891569068,35.321492282634,2.07765496578809,82.717335,59.507464,35000.0,65.9969009576549,7.00673884224481,8.08263297578237,73.0144859994563,61.5062436981308,14.9538509268595,1857.0,2039.0292,1525.3419,513.6873,8062.0267,6.14,206.0666,1.5675,169.936,64.7,13.6,51.1,0,-0.5300751367397245,0.1350984795787901
Sonora,Moctezuma,0.0,-109.70787557838378,29.7487932985034,605.0,1.2013698630136986,23.59287671232877,2.75520526370973,2.99883990719258,98.5498839907193,1.37161981258367,99.274406,15.337838,8750.0,52.1286660359508,1.3801756587202,10.3498995983936,92.8088150009666,39.3271461716937,2.32018561484919,48.0,280.05,65.05,215.0,1586.9412,0.0,267.4114,0.0,275.5181,22.0,0.4,21.7,0,-1.2070034855002862,0.1065412491844146
Zacatecas,Noria de Ángeles,0.0,-101.95554445093832,22.398505570367945,2132.0,0.7826849315068494,17.964383561643835,39.8651852746551,3.94667959282598,62.6030053320407,1.87756750519271,91.834232,33.870968,8000.0,46.1176664741315,6.38317000809134,8.07146714671467,78.4389584868583,80.3926320891905,12.3848763936016,54.0,255.325,40.635,214.69,14444.259,42.0,2161.4002,14.37,35.6895,61.3,6.4,54.8,0,0.047248743820408,-0.9050072928622852
San Luis Potosí,Tierra Nueva,0.0,-100.52841582585069,21.6451481913684,1780.0,0.5303287671232877,16.913013698630138,16.6426858760068,3.63056447911886,63.7907296925195,1.79813381884388,90.288248,35.12605,5700.0,50.2731362467866,16.2410977939899,6.93077056879457,79.1865428069295,75.1720972923359,21.98256080771,33.0,83.93,29.75,54.18,441.164,0.0,120.3244,0.0,686.62,71.2,11.9,59.3,0,1.362625667944714,-0.4236385327181363
Chihuahua,Buenaventura,0.0,-107.09556435107284,30.188898167660923,1450.0,1.2154520547945205,15.933698630136988,3.17822882155336,3.21063394683027,92.6380368098159,1.59886645863848,99.1,12.7,21800.0,58.6534489880215,5.37489469250211,7.87470449172577,78.9230891593096,37.0910020449898,8.02658486707566,164.0,2581.75,10.0,2571.75,47394.688,38.5,13081.0686,0.0,280.4026,46.8,6.6,40.2,0,-0.7188067206925344,0.538706476884217
Hidalgo,Tlahuelilpan,0.0,-99.20370694034555,20.130514037045447,2060.0,0.0372602739726027,16.422602739726027,604.836312839687,3.87789987789988,71.2861212861213,1.749954069447,97.273854,40.787687,9000.0,61.9726639505848,3.18708318708319,9.36791458874763,65.8047936224891,79.0801790801791,10.3378103378103,198.0,445.9957,3.88,442.1157,1274.4718,0.12,478.4889,0.0,6.722,50.2,3.7,46.5,0,-1.3173603298131624,-1.0170190410795397
Zacatecas,Ojocaliente,0.0,-102.23190807328574,22.56554558237011,2165.6666666666665,2.100027397260274,18.13082191780822,68.4602779717074,4.05057471264368,68.6344827586207,1.88541443563932,94.016099,50.205436,46210.0,53.5051735749709,4.87128977329638,8.5592778335005,78.4546031170714,77.3057471264368,27.0988505747126,46.0,380.5,52.75,327.75,24170.2415,16.0,1355.2918,70.9104,84.141,56.3,7.0,49.4,0,-0.4951580775523472,-0.7687041003798429
México,Ocoyoacac,0.0,-99.4177701254416,19.2587344768612,2230.0,4.494904109589041,11.75890410958904,519.831336624554,4.16013884871276,69.1524443158808,1.80272296467166,98.477294,62.652655,49000.0,63.4975818804537,2.81799093822522,10.429902403926,60.8781881475112,82.8348278854498,36.7775527914377,786.0,686.1752,685.9652,0.21,1675.8153,1.399,5.9995,0.275,26.6633,49.2,7.5,41.6,0,-1.2460191885187484,-0.922316592240343
Zacatecas,Pánuco,0.0,-102.47535536314038,22.97860402395188,2161.5,1.7031780821917808,17.733082191780824,25.7618116142739,3.70723476059903,44.8428601560852,1.95072142064373,88.36858,46.15962,19000.0,52.1035844471446,4.24831220154783,7.67445122957584,83.4385845138533,87.1335161358363,8.62687196793925,86.0,484.2,78.1,406.1,37429.8724,38.0,398.4286,0.0,20.3771,56.6,6.4,50.3,0,-0.5323955366930789,-1.1282844609512293
México,Atenco,0.0,-98.9568504623012,19.543393141369783,2247.5,3.158164383561644,17.158356164383562,861.683434406787,4.02979565636033,44.6613886808602,1.99703059547166,99.416068,52.51073,52500.0,60.9183571831734,2.53355073372633,9.56213901434046,64.4530991270251,82.4810099497165,30.7103883599016,142.0,146.6805,55.1009,91.5796,1586.433,1.17,170.0607,0.353,27.9145,68.3,13.2,55.1,0,-0.853031491870891,-0.5813872314625769
Chihuahua,Urique,0.0,-107.98264970979228,27.21905537705617,1294.6666666666667,3.235890410958904,16.817397260273975,5.16184195166422,3.5574459147238,30.9598823776518,1.95939379916705,75.9,20.7,8500.0,37.3725109276348,26.5784296190306,5.44280211412703,81.6346887285102,53.4551564797311,2.94055870615417,44.0,68.151,50.5,17.651,5644.6198,0.0,273.662,0.6,11.12,59.4,25.0,34.4,0,4.015488498793276,1.0627597558427675
Hidalgo,Emiliano Zapata,0.0,-98.5775963975866,19.663615047976386,2546.5,2.436191780821918,13.76691780821918,123.362062541615,3.647313900265,76.8971332209106,1.73008798994401,98.584071,46.409574,7000.0,60.8493641995435,3.85221502363859,9.48000350815646,74.2932454695222,89.4242351240665,9.27487352445194,6.0,131.96,119.96,12.0,5717.3821,0.0,42.5819,0.0,236.8916,37.8,2.6,35.2,0,-1.2321711257307828,-1.426834180982112
Coahuila de Zaragoza,Candela,0.0,-100.7498288672108,26.82847272653664,582.0,0.5394520547945205,22.96602739726028,0.775431171216628,3.4936170212766,82.5531914893617,1.68065506653019,98.073218,11.7506,1050.0,40.859375,9.44350758853288,7.73608768971332,80.8886183810103,65.1063829787234,6.38297872340426,23.0,138.0,43.5,94.5,635.0402,0.0,2562.89,0.5,63.9215,33.4,4.6,28.8,0,0.612870005342061,-0.5025528888676699
Chihuahua,Ocampo,0.0,-108.18102332313566,28.145486040303176,2000.0,7.612876712328767,14.826027397260274,4.52580352464928,3.42091944327288,50.0210881484606,1.91930903928064,95.958647,24.418605,28000.0,55.1427123796656,8.81644749027598,7.19149331352155,74.640088593577,71.4044706874736,1.30746520455504,3.0,3.0,3.0,0.0,1985.7111,0.0,8.5,0.0,2.0,40.3,6.9,33.4,0,-0.0866718174924747,-0.5776351187032421
Puebla,Quimixtlán,0.0,-97.13106726175572,19.24273539162273,2346.0,4.413424657534247,17.898904109589044,136.752046646298,4.7748427672956,17.3584905660377,2.41952618718793,98.39688,82.190561,3500.0,63.174873698947,15.1155697146343,5.87190615040347,85.561146357471,49.937106918239,21.5303983228512,2556.0,2092.9162,2092.0162,0.9,2155.5118,0.017,2257.106,0.08,34.1962,85.8,31.7,54.1,0,1.5785294209078835,1.5660436244078444
Oaxaca,San Pedro Nopala,0.0,-97.5677672247235,17.81340696005634,2277.0,1.569041095890411,17.202739726027396,6.85202228971391,3.75,25.0,2.05479452054795,96.116505,86.725664,250.0,59.7246127366609,9.71428571428571,6.2,74.9667110519308,41.0,2.5,8.0,3.555,3.555,0.0,240.8841,1.79,4.795,0.0,0.0,95.8,49.0,46.8,0,1.9712677070546976,2.8620522702068185
Tlaxcala,Terrenate,0.0,-97.91526972125806,19.48018013804404,2667.0,2.0155616438356168,15.307260273972602,100.05352406427,4.08837579617834,61.5445859872611,2.06977682172627,91.241945,51.430292,14000.0,55.6468875759911,6.56702475478748,7.86816479400749,82.5848142164782,84.2091295116773,31.5286624203822,371.0,895.793,888.195,7.598,9137.3429,2.7128,341.8861,0.0,43.6192,73.7,6.9,66.8,0,-0.3969782242593966,-1.0027812168003467
Durango,Nuevo Ideal,0.0,-105.00291578651064,24.83919237257276,2037.0,3.4558630136986306,15.22054794520548,15.1113290424166,3.76344520824909,83.1244102978838,1.62727484834344,96.269727,27.966102,28000.0,58.3608914450036,2.5978107159692,8.19149829441092,66.1484578821343,91.5891629599677,12.9127914813317,34.0,221.14,94.14,127.0,59858.5137,3.5,1875.4509,2.0,427.078,43.6,2.7,40.9,0,-1.2566379449798528,-1.4955802857871128
Puebla,Huejotzingo,0.0,-98.43926797270684,19.16427419799913,2454.0,2.109698630136986,16.94109589041096,524.972240677626,4.00868447870973,76.0733749833843,1.93231893659308,98.259956,53.685856,70000.0,67.2505722938676,2.5982382229031,9.77928405650082,59.9929510760623,70.4240329655723,15.9067747795649,609.0,625.1656,538.7704,86.3952,7860.5165,3.64,1390.1981,12.634,168.0961,64.3,12.6,51.7,0,-1.2037970946497216,-0.218306779891118
Tlaxcala,Emiliano Zapata,0.0,-97.9251135084166,19.56549478169144,2459.0,1.025095890410959,15.737945205479454,98.8421759274804,3.99273021001616,62.0355411954766,2.14354066985646,93.904762,41.159136,4000.0,55.4635319262624,5.7742782152231,7.98657326328079,89.7596445162593,85.78352180937,5.33117932148627,305.0,613.2925,594.1525,19.14,1632.8969,5.6,8.35,0.0,18.659,83.7,4.8,78.9,0,-0.5964718478554606,-1.1759114434355806
México,Jocotitlán,0.0,-99.7622120239182,19.71566341893389,2673.0,3.7175616438356167,12.242465753424655,249.409879477562,3.90268683675773,52.5852336870625,1.87894107414655,89.912013,70.285758,34000.0,64.1669103670127,4.21749669892198,9.56016892291905,71.0542273042273,86.0578008579815,29.9221043124859,2595.0,3612.6348,2515.4512,1097.1836,15501.5887,597.6916,84.7205,10.9043,229.5704,54.4,7.4,47.0,0,-1.1090348879768055,-1.0378776805257253
Puebla,Guadalupe Victoria,0.0,-97.40304778968732,19.3073488872274,2161.75,3.627534246575342,13.232910958904109,82.354919664904,4.01264466352336,43.1204457779683,2.11251551743596,98.737055,63.528044,3000.0,61.4054735073843,10.24,7.44993517883017,78.7638415672913,70.5529361337334,16.4594942134591,327.0,1811.2366,1461.2796,349.957,13005.8042,0.096,536.2057,121.76,575.4515,77.7,10.9,66.8,0,-0.0237724031202015,-0.3266418060061618
México,Villa de Allende,0.0,-100.14266948139868,19.394639077318224,2517.8,7.38495890410959,15.70390410958904,172.106040922883,4.26,18.952,2.22134156515935,87.01232,72.380043,10000.0,64.9283711058895,9.83857075379956,7.12755130415438,73.191928671985,47.944,35.736,1317.0,1895.9764,1884.7794,11.197,12916.543,6.2618,1433.524,1.992,653.2828,73.8,19.5,54.3,0,0.1887873050715216,0.9185608536766782
Oaxaca,Santa María Chilchotla,0.0,-96.73909107477076,18.288799012909376,1358.0,22.33753424657534,17.615068493150684,75.7140625606098,3.80588235294118,8.37789661319073,2.40301699876168,98.090737,76.850394,1000.0,42.5493379965026,22.3583143035084,5.24087540688413,82.7984535842377,51.4795008912656,16.5775401069519,666.0,582.4516,581.6724,0.7792,2136.994,0.004,2144.831,0.04,854.215,95.5,62.0,33.6,0,5.131704078000385,3.2531253163306686
Chihuahua,Matachí,0.0,-107.72120092979574,28.815461414136493,1920.0,0.8809589041095891,13.244520547945204,3.77128934472981,2.76946410515672,91.0010111223458,1.35728444003964,95.643154,23.128492,6000.0,46.9884853852967,8.52459016393443,7.32427366447985,86.7614879649891,38.5237613751264,3.2355915065723,42.44444444444444,330.44323,42.81804,287.62519,5470.1088,0.0,49.0,0.0,0.35,29.1,1.8,27.2,0,0.0343370345558844,0.2180058676565265
Hidalgo,Santiago Tulantepec de Lugo Guerrero,0.0,-98.38436877254112,20.03454336311409,2179.0,0.8781917808219178,17.665753424657535,615.341573288903,3.55315704263357,79.6006475984889,1.73240610740611,98.488056,41.662277,20000.0,61.5104842025365,4.99048783802147,9.48329136323419,61.7198756350952,90.7537326857348,24.7076812376327,28.0,58.99,17.66,41.33,1676.0018,1.172,255.5878,1.8,95.8036,39.2,3.0,36.2,0,-1.1018560593564268,-1.4457771421704233
Tlaxcala,Apizaco,0.0,-98.07742607056092,19.42642806682612,2423.0,2.2084931506849315,16.16917808219178,1849.46242056711,3.54920761752564,90.513605895148,1.62485000101694,99.531704,43.751779,70000.0,60.9742755990458,2.29123578076525,10.8618031034371,72.0148652833695,90.9930305855196,34.4697474142141,40.0,50.083,49.723,0.36,1932.4102,0.4198,31.9245,0.005,19.3628,44.2,3.5,40.7,0,-1.3892198971902474,-1.4237303439143425
Chihuahua,Batopilas de Manuel Gómez Morín,0.0,-107.66732178585843,26.924501394197343,340.0,1.959452054794521,22.519178082191782,5.27345896769942,3.97881508078995,16.0502692998205,2.49380770096825,46.416118,29.304029,1300.0,37.5389812889813,43.6234817813765,3.58608217592593,87.1517302573203,41.6157989228007,0.861759425493716,9.0,18.5025,15.5025,3.0,4060.9581,0.0,1004.6502,0.0,6.0,92.2,64.8,27.4,0,8.222960126130225,3.754113229525873
Puebla,Atzitzintla,0.0,-97.30766560651406,18.94437428770495,2887.0,2.468027397260274,12.26027397260274,67.9808905069348,4.34935127342624,27.0543008169149,2.53387458006719,96.709585,49.331784,1600.0,57.1319370126892,12.0618042864263,6.50074812967581,86.2335653518948,75.9730898606439,28.1114848630466,1129.0,4015.1889,4015.1889,0.0,7069.2618,0.0,27.5823,0.0,5.33,91.2,26.6,64.6,0,1.241274918319946,0.4086595665197345
Chihuahua,San Francisco de Conchos,0.0,-105.3621806792454,27.580816205727864,1268.5,1.7592054794520549,19.62157534246576,3.06864885340635,2.91530944625407,96.8512486427796,1.36087176887988,98.236776,20.499343,5000.0,43.3229120142921,1.93853427895981,8.51828978622328,95.326409495549,28.9902280130293,2.06297502714441,12.0,216.3,35.3,181.0,1330.1911,0.024,4626.6897,0.0,1004.204,13.3,0.5,12.8,0,-0.6753650272202496,0.444536328078065
Puebla,Tetela de Ocampo,0.0,-97.78711683866638,19.81154640127334,1733.0,2.15786301369863,16.394520547945206,82.8285182219107,3.51868188894655,46.9122989102231,1.99801075664923,96.345029,82.026144,16000.0,65.1970070089032,9.89286995745553,7.56411308943507,79.4789829512052,66.0482615464452,16.8915412558381,1952.0,2227.5779,1897.3117,330.2662,3818.9619,93.212,1068.7984,2.05,223.8061,76.9,22.1,54.8,0,0.3164777745920589,0.474665117097145
Chihuahua,Balleza,0.0,-106.4786960841068,26.712004422266386,2740.0,2.533972602739726,10.113424657534248,3.06113290210055,3.78692719237032,29.1463130960689,1.93809523809524,78.661189,33.026397,12000.0,39.4385026737968,27.112417340191,5.37940229885057,85.352798053528,67.1784135845545,5.90835077925099,61.0,145.2558,37.4658,107.79,7001.1567,0.0,312.315,0.0,112.2411,64.3,33.5,30.9,0,4.416481215366807,1.09723568884441
México,Temascalapa,0.0,-98.8764312180952,19.815539108539568,2530.0,1.280191780821918,14.556164383561644,264.820211294158,3.76393215645552,54.8200069228107,1.95736922661385,97.547877,56.614896,16000.0,59.5227021684786,3.55463607297348,9.12764087270444,63.9896313628335,78.9373485635168,34.5967462789893,45.0,118.3787,116.8787,1.5,11942.9619,0.8948,2298.3893,0.3,24.3792,62.0,9.5,52.5,0,-0.8435068399150336,-0.677545931357773
Durango,San Bernardo,0.0,-105.67814432521226,26.18397994983583,1639.5,2.2485479452054795,17.14890410958904,1.22963323180386,2.90461538461538,69.4358974358974,1.22650498051104,83.985441,14.765101,1000.0,41.0737111205795,4.66274332277048,7.3835304822566,88.227000352485,92.3076923076923,11.0769230769231,10.0,97.36,34.03,63.33,6847.6012,0.0,200.6437,0.0,20.01,44.1,3.6,40.5,0,-0.0540748807913401,-1.4615523309744327
México,Amecameca,0.0,-98.70670568244074,19.11932146858427,2545.0,2.766849315068493,16.997808219178083,302.925226623334,3.97067797871549,67.3959961300886,1.88678177186527,99.396524,65.381037,47000.0,58.6949466852109,2.40660209527575,10.00663382757,64.385022735353,84.9222296643596,18.4341742948575,195.0,265.945,264.935,1.01,3389.5282,0.764,91.095,0.656,85.731,59.7,8.8,50.9,0,-0.9819745120757108,-0.9172929114251503
Chihuahua,Nuevo Casas Grandes,0.0,-107.66541573611788,30.50629106315094,1467.5,1.462191780821918,17.221917808219178,25.2684644257006,3.12955349459795,97.4901998278994,1.5445299225977,99.005697,19.07053,69000.0,60.2049808429119,2.26182880898969,9.89868250139172,80.9316685170258,3.73840711349077,0.92743092073812,41.0,1062.91,0.5,1062.41,10154.5922,2.0,6034.8984,0.0,287.8864,29.2,2.1,27.0,0,-1.4256572024953682,1.3845157573820128
Tamaulipas,Miquihuana,0.0,-99.79346033119016,23.586018498087803,1716.0,1.2328767123287672,20.15410958904109,4.18373324342533,3.67661691542289,13.6318407960199,1.93382742191636,96.943231,23.794212,2000.0,40.3666427030913,10.2574102964119,6.89605314576006,95.5183585313175,78.2089552238806,6.46766169154229,3.0,13.0,13.0,0.0,2450.393,0.0,54.315,0.0,0.56,81.3,24.5,56.9,0,1.7724805425959875,0.2133066813924779
Oaxaca,San Baltazar Loxicha,0.0,-96.79845752029706,16.043589947550366,990.0,0.4273972602739726,25.332876712328765,26.2110797991039,3.64244521337947,32.0645905420992,2.12231182795699,99.7426,95.150502,780.0,45.9071729957806,6.26134301270417,6.45508166969147,84.0643736194383,63.3217993079585,44.7520184544406,4.0,3.55,1.05,2.5,734.07,0.0,109.7,0.0,0.5,86.5,24.9,61.6,0,1.0014704341882672,0.7300028347627353
Tlaxcala,Amaxac de Guerrero,0.0,-98.21898404216869,19.378059028472784,2320.0,1.2392054794520548,16.464931506849315,1021.00601094882,3.78868552412646,73.044925124792,1.74769514443762,96.66304,60.871184,16000.0,60.2203315881326,1.27773260541294,10.8888112702294,74.5417872489696,88.585690515807,23.6272878535774,34.0,18.1955,17.9255,0.27,211.9518,0.9022,7.1291,0.647,0.4348,48.9,5.7,43.1,0,-1.3642266320180088,-1.216574677182599
Zacatecas,Pinos,0.0,-101.60406651490996,22.272970807727145,2182.5,2.438109589041096,16.775547945205478,22.7988169273317,3.74542904633285,53.6359858715978,1.83403302546879,82.333685,25.297114,10000.0,51.2725246145272,8.33282696319702,7.85256800032429,83.6671696128237,68.1331809682111,20.5173488468731,123.0,724.95,575.75,149.2,90997.791,0.0,11809.0509,6.375,197.662,67.6,7.2,60.4,0,0.0681476033845486,-0.4546677458688799
Zacatecas,Jerez,0.0,-103.0014640665635,22.710589730329023,2054.0,1.9767945205479447,18.082534246575342,38.8177998218421,3.3502102607233,93.1763386599383,1.54083264548081,98.256153,45.528007,51000.0,59.2712955440285,3.35227777284433,9.06049355269008,77.3794024369888,94.0790580319596,4.0426128399215,70.0,261.33,75.41,185.92,28179.8214,2.0,3829.5359,0.5,144.1656,45.5,2.8,42.7,0,-1.2032680060226757,-1.5682790577651835
Sonora,Huachinera,0.0,-108.92070340797544,30.14735146523788,1283.5,3.164246575342466,16.096164383561643,0.990345755803554,3.00761421319797,88.5786802030457,1.28664495114007,97.310513,13.810742,500.0,48.8372093023256,2.80777537796976,7.85714285714286,83.4738617200675,69.2893401015228,3.55329949238579,25.0,95.55,50.0,45.55,262.8506,0.0,203.7141,0.0,38.15,43.6,4.1,39.5,0,-0.6644779619647265,-0.6697483035580982
Guanajuato,Doctor Mora,0.0,-100.36826389071398,21.147402549451108,2114.0,1.0835616438356164,20.78684931506849,118.670407078293,4.04885270170244,54.0932642487047,2.01830123238137,89.533214,51.997041,13000.0,56.400310318076,11.1386008317103,8.05982185210562,83.0558598028477,90.9104367135455,14.5077720207254,43.0,1232.879,26.53,1206.349,7500.3346,5.25,802.937,0.0,232.3297,39.4,2.7,36.6,0,-0.0760449697483945,-1.4702685607294614
Puebla,Tecali de Herrera,0.0,-97.9854095428825,18.8983137140566,2125.5,3.592657534246575,18.30712328767123,134.492305549122,3.92869043652116,21.7427524158614,2.11056401074306,94.102179,57.58869,18300.0,60.1510859301228,2.46965508953251,8.7663197160219,60.1777777777778,73.2255914695102,36.4378540486505,100.0,169.6755,44.5355,125.14,4151.2122,0.561,596.423,2.6715,19.8811,74.1,13.0,61.2,0,-0.8317440609716983,-0.2859540177458085
México,Isidro Fabela,0.0,-99.46111083974674,19.55174501535029,3043.0,6.640328767123287,13.311780821917807,149.625203646766,3.95280824194084,52.0106347623795,1.93870231496576,92.875045,60.397971,10000.0,56.9033216597686,4.31457596164821,9.06327089995432,78.6570542375723,83.2502492522433,9.70422067131937,307.0,159.5938,123.0772,36.5166,614.5213,1.793,82.239,0.8135,11.1291,37.3,4.2,33.0,0,-0.8865352057564176,-1.1264650830366698
Zacatecas,El Plateado de Joaquín Amaro,0.0,-103.065370820374,22.003720744776366,2393.0,1.829835616438356,15.606301369863017,4.46572723463855,2.97920604914934,94.7069943289225,1.44058500914077,96.376812,43.243243,450.0,44.0926640926641,7.34094616639478,6.74796084828711,78.214059531349,94.1398865784499,5.2930056710775,58.391304347826086,335.2229961538462,81.32072500000001,253.90227115384616,1738.8039,0.0,143.8915,0.0,21.97,48.0,2.2,45.8,0,0.0554472887884374,-1.603188227557118
Puebla,Tepeyahualco,0.0,-97.45837297529896,19.518595797950542,2414.5,1.3662191780821915,15.397808219178083,42.6080220597726,4.07217151347909,38.6754404585014,2.17347401860676,96.503831,67.503782,10000.0,56.7339017120676,7.52769195991259,7.30226244343891,76.625,70.5158140522182,15.7503714710253,242.0,1065.648,980.463,85.185,18970.5494,0.015,1647.9373,0.49,847.4388,76.9,14.0,63.0,0,0.0360575511631312,-0.1502854071073164
Hidalgo,Apan,0.0,-98.48150306111972,19.731755692196444,2527.45,4.250931506849315,14.180753424657537,144.871281207943,3.60255516840883,71.3279132791328,1.75895186599614,98.301486,45.243459,30000.0,59.8928485753125,5.33651931501394,9.42375103308729,70.5104860649943,84.963221060782,30.4994192799071,44.0,222.64,216.74,5.9,22930.4658,4.4997,90.723,3.4008,136.9586,41.4,3.6,37.7,0,-0.9432915410513733,-1.2197284107074322
San Luis Potosí,Villa de Arriaga,0.0,-101.2135573808646,21.9817431323312,2194.0,0.770958904109589,17.956164383561642,20.7325111546957,3.92312675448067,44.5692075145757,1.8935102936566,76.44851,25.623003,8000.0,60.2470032691609,7.52058264724509,7.24236898438119,83.329671536856,56.6400345497733,33.0166270783848,15.0,132.446,79.42,53.026,25780.2767,0.059,1503.8584,5.73,567.007,58.6,7.8,50.9,0,-0.4680278678097169,-0.0442771239709225
Hidalgo,Zempoala,0.0,-98.64334251284448,19.925941053432965,2416.6666666666665,4.055342465753425,15.016438356164386,181.024189164517,3.31220657276995,77.9399977098362,1.5974370304905,97.858741,51.436673,25000.0,62.0257200552662,2.80969173017859,10.6534488655798,63.8603944323559,91.6638039619833,25.4494446352914,51.0,268.2771,238.52,29.7571,15241.7877,9.41,746.5337,14.125,145.1028,34.3,3.6,30.7,0,-1.37297101036048,-1.442007601340722
Zacatecas,Melchor Ocampo,0.0,-101.97659709338257,24.900058910317373,1432.0,0.6164383561643836,17.00082191780822,1.45422697467865,3.78442280945758,37.2739916550765,1.84599728629579,91.83432,14.851485,2329.0,45.7749879285369,8.43310775637689,7.54255874673629,86.1111111111111,57.9972183588317,15.855354659249,12.0,40.0,37.0,3.0,1540.0591,0.0,147.2574,0.0,3003.0,56.0,6.6,49.4,0,0.3343543765261859,-0.1937096723861198
México,Mexicaltzingo,0.0,-99.58137671537224,19.209999859340087,2602.0,0.3438904109589041,13.825616438356166,1178.17286353124,4.17841945288754,79.4528875379939,1.73639004673487,98.956885,58.356941,10600.0,56.1467223533684,2.91935168912322,10.1432900009774,61.063228796987,80.4255319148936,34.7112462006079,55.0,89.7744,89.7744,0.0,505.3969,2.1,1.0615,0.05,0.99,54.0,5.8,48.2,0,-0.9407264765090878,-0.9402521128896962
Chihuahua,Bocoyna,0.0,-107.55223061278924,27.814787959435463,2340.0,2.255068493150685,13.403013698630138,8.62936298795688,3.0621266427718,55.7148546395858,1.80633030397994,90.358291,28.839096,26000.0,61.3135427710507,9.12123233670932,7.92998357564329,87.9876664810929,45.5064383379796,3.11960706225939,9.0,7.05,7.05,0.0,6494.565,0.0,19.0,0.6,10.79,56.5,12.2,44.3,0,-0.092994174869978,0.5870160448766594
México,Tepetlaoxtoc,0.0,-98.7515547764107,19.549181799364327,2750.0,1.457972602739726,13.582191780821915,182.008390148589,3.86603728489484,59.2614722753346,1.90837758112094,96.249144,61.964403,39077.0,59.2017652524001,2.48534973608744,9.67592322744494,65.163984768456,86.4603250478011,34.631931166348,96.0,188.5785,179.6753,8.9032,2939.5326,7.7977,264.3632,0.1028,52.2438,56.3,5.6,50.7,0,-1.1640971680868064,-1.1526297201367204
Chihuahua,Temósachic,0.0,-108.0221304505448,28.77999107542117,1861.0,3.787424657534247,15.128972602739726,1.24449317377258,2.85906401291017,71.221086605702,1.47926523796271,97.9,20.7,3400.0,48.5854570960954,8.06894828878341,6.97838652927871,86.6917293233083,30.8768154922001,0.64550833781603,8.0,78.5,8.0,70.5,5363.266,0.0,284.0,0.0,146.7675,31.9,4.4,27.4,0,0.0288255755123642,0.619602453827932
Zacatecas,Morelos,0.0,-102.68261022943804,22.85566503516872,2317.0,1.0421917808219177,17.389041095890413,72.9999729249529,3.65448504983389,87.2923588039867,1.72293410041841,98.272204,37.141977,9000.0,55.918642760748,2.1340206185567,9.63578208832026,84.0009086090709,95.8194905869324,5.70321151716501,22.0,344.65,39.63,305.02,10435.7117,0.0,344.0162,0.0,8.335,29.1,1.6,27.5,0,-1.2457948471787663,-1.6933342285059196
Morelos,Hueyapan,0.0,-98.70031067563546,18.865047086275908,2285.0,2.888164383561644,16.53972602739726,409.518099219621,4.00102092904543,18.0193976518632,1.94975124378109,97.2,90.9,2991.0,63.09127248501,5.54956896551724,7.40644116588701,63.0808402291534,60.847371107708,14.4461459928535,29.0,21.9588,19.3701,2.5887,255.4337,0.575,1105.7032,4.6157,2.4972,87.3,31.8,55.6,0,0.3794243273704578,1.210540223320636
Chihuahua,Bachíniva,0.0,-107.27257878416624,28.85289835564778,2046.5,1.231808219178082,14.757260273972602,6.09872257474891,2.89105447276362,87.6061969015492,1.28870572510581,96.998124,31.221719,2000.0,58.1552781891263,4.98983969293294,6.87830807509613,86.9467883588772,68.3158420789605,0.749625187406297,42.44444444444444,1.0,1.0,0.0,11325.6219,0.0,2262.4053,211.952,60.7102,12.2,0.9,11.3,0,-1.0370522083868137,-0.8226199310691913
Jalisco,San Diego de Alejandría,0.0,-102.02617823882488,20.95599398159868,1960.0,1.9627671232876711,18.30821917808219,21.635938228762,3.84677828513445,89.7513952308473,1.82303438326521,96.346262,32.801962,8570.0,60.6727934801457,7.61278195488722,7.24430641821946,74.162176370088,91.6793505834602,38.6605783866058,55.75675675675676,8.0,7.0,1.0,5502.8132,0.0,4008.1764,0.0,352.566,43.1,6.2,36.9,0,-0.5613398391420614,-1.2953456920060111
Hidalgo,Mixquiahuala de Juárez,0.0,-99.15613455183224,20.233499921348653,2004.0,0.5087945205479453,18.214383561643835,347.56535072703,3.71124596106864,72.1018204744267,1.66233536951379,96.895397,39.53132,40000.0,64.1850104821803,3.48895863692411,9.73876703876143,72.9215196306806,82.7961226258964,16.6049334068879,917.0,3088.6236,60.0603,3028.5633,7541.3137,0.5699,1283.6515,0.0088,36.8314,39.7,2.6,37.2,0,-1.450766980051927,-1.2041904709126503
México,Morelos,0.0,-99.66168066294972,19.756911194725404,2707.5,11.341643835616438,13.081541095890412,140.669851062337,4.05950190160716,25.2607042080726,2.09712184607582,80.290859,76.392573,9000.0,64.3399451444926,9.39044481054366,7.62049657088289,77.2946568568327,65.3171390013495,15.3723469512943,2200.0,2351.2994,2169.4875,181.8119,10806.2487,9.8595,173.4234,10.2846,77.6074,72.8,17.3,55.5,0,0.0486246710845596,0.223779184431707
Puebla,Soltepec,0.0,-97.75362679338716,19.122896616498338,2442.0,1.101917808219178,18.58712328767124,110.529992570098,4.2758970886933,22.7826675693974,2.09116525774905,97.010572,69.865526,1500.0,55.6069008009858,5.27888446215139,7.40146227982719,74.7763439157628,71.8348002708192,51.3879485443466,127.0,196.0,188.0,8.0,5798.6973,0.0,698.1545,0.25,24.5205,76.6,11.3,65.4,0,-0.3296390505110414,-0.338095753126475
México,Jilotzingo,0.0,-99.39557076608548,19.49776566271452,2813.0,5.624164383561644,15.04609589041096,170.685103722192,3.94024220766329,57.5938058368076,1.89390756302521,97.593757,53.892753,17188.0,57.8620733329112,4.21338769962623,9.26909462219197,67.4145997887005,80.1469128449474,10.4030176692476,199.0,121.7805,102.0635,19.717,390.1816,0.884,10.9188,0.0,3.3952,45.8,3.1,42.7,0,-1.005963105564403,-1.0869936079565985
